--------- beginning of crash
06-25 18:41:58.693   491   491 F libc    : Unwind request: crash_dump helper failed to exec, or was killed
06-25 18:43:14.606  3461  3461 F libc    : Fatal signal 6 (SIGABRT), code -1 (SI_QUEUE) in tid 3461 (init), pid 3461 (init)
06-25 18:43:14.737  3461  3461 F libc    : Crash due to signal: crash_dump helper failed to exec, or was killed
06-29 09:50:05.462  5628  5690 F libc    : Fatal signal 6 (SIGABRT), code -1 (SI_QUEUE) in tid 5690 (binder:5628_4), pid 5628 (droid.bluetooth)
06-29 09:50:07.502 24562 24562 F DEBUG   : *** *** *** *** *** *** *** *** *** *** *** *** *** *** *** ***
06-29 09:50:07.502 24562 24562 F DEBUG   : Build fingerprint: 'google/kenari_btwifi/kenari_btwifi:17/CP2A.260603.001.S1/15396605:user/release-keys'
06-29 09:50:07.502 24562 24562 F DEBUG   : Kernel Release: '6.6.118-android15-8-ge6d21220be73-ab15042318-4k'
06-29 09:50:07.502 24562 24562 F DEBUG   : Revision: 'MP1.0'
06-29 09:50:07.502 24562 24562 F DEBUG   : ABI: 'arm'
06-29 09:50:07.502 24562 24562 F DEBUG   : Timestamp: 2026-06-29 09:50:05.732996361+0900
06-29 09:50:07.502 24562 24562 F DEBUG   : Process uptime: 0s
06-29 09:50:07.502 24562 24562 F DEBUG   : Executable: /system/bin/app_process32
06-29 09:50:07.502 24562 24562 F DEBUG   : Cmdline: com.google.android.bluetooth
06-29 09:50:07.502 24562 24562 F DEBUG   : pid: 5628, ppid: 975, tid: 5690, name: binder:5628_4  >>> com.google.android.bluetooth <<<
06-29 09:50:07.502 24562 24562 F DEBUG   : uid: 1002
06-29 09:50:07.502 24562 24562 F DEBUG   : signal 6 (SIGABRT), code -1 (SI_QUEUE), fault addr --------
06-29 09:50:07.502 24562 24562 F DEBUG   : Abort message: 'system/gd/hal/hci_backend_aidl.cc:103 operator(): The Bluetooth HAL died.'
06-29 09:50:07.502 24562 24562 F DEBUG   :     r0  00000000  r1  0000163a  r2  00000006  r3  e33c0d98
06-29 09:50:07.502 24562 24562 F DEBUG   :     r4  e33c0d98  r5  000015fc  r6  0000163a  r7  0000016b
06-29 09:50:07.502 24562 24562 F DEBUG   :     r8  00000000  r9  ffffffff  r10 e7e52d88  r11 e33c0ed0
06-29 09:50:07.502 24562 24562 F DEBUG   :     ip  e33c0da8  sp  e33c0d90  lr  ee60520f  pc  ee605222
06-29 09:50:07.502 24562 24562 F DEBUG   :     error_code 00000000
06-29 09:50:07.502 24562 24562 F DEBUG   : 16 total frames
06-29 09:50:07.502 24562 24562 F DEBUG   : backtrace:
06-29 09:50:07.503 24562 24562 F DEBUG   :       #00 pc 0006f222  /apex/com.android.runtime/lib/bionic/libc.so (abort+138) (BuildId: 069fa5270e37d5d71a341182630a2b3f)
06-29 09:50:07.503 24562 24562 F DEBUG   :       #01 pc 00537f83  /apex/com.android.art/lib/libart.so (art::Runtime::Abort(char const*)+1278) (BuildId: 58cad39839fa6084a33fe0240405afac)
06-29 09:50:07.503 24562 24562 F DEBUG   :       #02 pc 0000de25  /apex/com.android.art/lib/libbase.so (android::base::SetAborter(std::__1::function<void (char const*)>&&)::$_0::__invoke(char const*)+48) (BuildId: 9e87a412b3a2ba2056ac3b369c9d6e47)
06-29 09:50:07.503 24562 24562 F DEBUG   :       #03 pc 008d1815  /apex/com.android.bt/lib/libbluetooth_jni.so (bluetooth::log_internal::vlog(bluetooth::log_internal::Level, char const*, bluetooth::log_internal::source_location, std::__1::basic_string_view<char, std::__1::char_traits<char>>, std::__1::basic_format_args<std::__1::basic_format_context<std::__1::back_insert_iterator<std::__1::__format::__output_buffer<char>>, char>>)+600) (BuildId: 5cbb8b029ea20d88cfded312ae53e0c0)
06-29 09:50:07.503 24562 24562 F DEBUG   :       #04 pc 007f1fdd  /apex/com.android.bt/lib/libbluetooth_jni.so (bluetooth::log::fatal(std::__1::basic_format_string<char>, bluetooth::log_internal::source_location)+36) (BuildId: 5cbb8b029ea20d88cfded312ae53e0c0)
06-29 09:50:07.503 24562 24562 F DEBUG   :       #05 pc 007f1fa9  /apex/com.android.bt/lib/libbluetooth_jni.so (bluetooth::hal::AidlHci::AidlHci(char const*)::'lambda'(void*)::__invoke(void*)+56) (BuildId: 5cbb8b029ea20d88cfded312ae53e0c0)
06-29 09:50:07.503 24562 24562 F DEBUG   :       #06 pc 0000ef85  /system/lib/libbinder_ndk.so (AIBinder_DeathRecipient::TransferDeathRecipient::binderDied(android::wp<android::IBinder> const&)+32) (BuildId: 97d9bde944b6f7dd3d495cd2c5043c70)
06-29 09:50:07.503 24562 24562 F DEBUG   :       #07 pc 000403e1  /system/lib/libbinder.so (android::BpBinder::sendObituary()+196) (BuildId: 1da1e5fd5fc0935a2986280f0b201f67)
06-29 09:50:07.503 24562 24562 F DEBUG   :       #08 pc 0002fa6d  /system/lib/libbinder.so (android::IPCThreadState::executeCommand(int)+316) (BuildId: 1da1e5fd5fc0935a2986280f0b201f67)
06-29 09:50:07.503 24562 24562 F DEBUG   :       #09 pc 00041fb9  /system/lib/libbinder.so (android::IPCThreadState::joinThreadPool(bool)+312) (BuildId: 1da1e5fd5fc0935a2986280f0b201f67)
06-29 09:50:07.503 24562 24562 F DEBUG   :       #10 pc 00041e79  /system/lib/libbinder.so (android::PoolThread::threadLoop()+12) (BuildId: 1da1e5fd5fc0935a2986280f0b201f67)
06-29 09:50:07.503 24562 24562 F DEBUG   :       #11 pc 0000b7bf  /system/lib/libutils.so (android::Thread::_threadLoop(void*)+166) (BuildId: 82581bf639891892dfd04fcad715bbea)
06-29 09:50:07.503 24562 24562 F DEBUG   :       #12 pc 00118277  /system/lib/libandroid_runtime.so (android::AndroidRuntime::javaThreadShell(void*)+62) (BuildId: 32b4bd5e69fbb4b73dcb28f2e022d16c)
06-29 09:50:07.503 24562 24562 F DEBUG   :       #13 pc 0000f219  /system/lib/libutils.so (libutil_thread_trampoline(void*) (.__uniq.226528677032898775202282855395389835431)+8) (BuildId: 82581bf639891892dfd04fcad715bbea)
06-29 09:50:07.503 24562 24562 F DEBUG   :       #14 pc 0007ab97  /apex/com.android.runtime/lib/bionic/libc.so (__pthread_start(void*) (.__uniq.67847048707805468364044055584648682506)+40) (BuildId: 069fa5270e37d5d71a341182630a2b3f)
06-29 09:50:07.503 24562 24562 F DEBUG   :       #15 pc 000714df  /apex/com.android.runtime/lib/bionic/libc.so (__start_thread+30) (BuildId: 069fa5270e37d5d71a341182630a2b3f)
06-29 09:50:07.503 24562 24562 F DEBUG   : Note: To display stack pointer information, use the pbtombstone tool:
06-29 09:50:07.503 24562 24562 F DEBUG   :         pbtombstone --display-sp tombstone_XX.pb
08-14 11:49:38.607 24550 32643 F libc    : Fatal signal 6 (SIGABRT), code -1 (SI_QUEUE) in tid 32643 (android.hardwar), pid 24550 (android.hardwar)
08-14 11:49:38.845  7570  7570 F DEBUG   : *** *** *** *** *** *** *** *** *** *** *** *** *** *** *** ***
08-14 11:49:38.845  7570  7570 F DEBUG   : Build fingerprint: 'google/kenari_btwifi/kenari_btwifi:17/CP2A.260603.001.S1/15396605:user/release-keys'
08-14 11:49:38.845  7570  7570 F DEBUG   : Kernel Release: '6.6.118-android15-8-ge6d21220be73-ab15042318-4k'
08-14 11:49:38.845  7570  7570 F DEBUG   : Revision: 'MP1.0'
08-14 11:49:38.845  7570  7570 F DEBUG   : ABI: 'arm'
08-14 11:49:38.845  7570  7570 F DEBUG   : Timestamp: 2026-08-14 11:49:38.684782586+0900
08-14 11:49:38.845  7570  7570 F DEBUG   : Process uptime: 0s
08-14 11:49:38.845  7570  7570 F DEBUG   : Executable: /vendor/bin/hw/android.hardware.bluetooth-service.pixel_watch
08-14 11:49:38.845  7570  7570 F DEBUG   : Cmdline: /vendor/bin/hw/android.hardware.bluetooth-service.pixel_watch
08-14 11:49:38.845  7570  7570 F DEBUG   : pid: 24550, ppid: 1, tid: 32643, name: android.hardwar  >>> /vendor/bin/hw/android.hardware.bluetooth-service.pixel_watch <<<
08-14 11:49:38.845  7570  7570 F DEBUG   : uid: 1002
08-14 11:49:38.845  7570  7570 F DEBUG   : signal 6 (SIGABRT), code -1 (SI_QUEUE), fault addr --------
08-14 11:49:38.845  7570  7570 F DEBUG   : Abort message: 'Bluetooth HAL crash with error code 0, vendor error code 176, extra info: DataLink received disconnection event'
08-14 11:49:38.845  7570  7570 F DEBUG   :     r0  00000000  r1  00007f83  r2  00000006  r3  f34f6d00
08-14 11:49:38.845  7570  7570 F DEBUG   :     r4  f34f6d00  r5  00005fe6  r6  00007f83  r7  0000016b
08-14 11:49:38.845  7570  7570 F DEBUG   :     r8  00000000  r9  ffffffff  r10 00000000  r11 00000025
08-14 11:49:38.845  7570  7570 F DEBUG   :     ip  f34f6d10  sp  f34f6cf8  lr  f414320f  pc  f4143222
08-14 11:49:38.845  7570  7570 F DEBUG   :     error_code 00000000
08-14 11:49:38.845  7570  7570 F DEBUG   : 11 total frames
08-14 11:49:38.845  7570  7570 F DEBUG   : backtrace:
08-14 11:49:38.845  7570  7570 F DEBUG   :       #00 pc 0006f222  /apex/com.android.runtime/lib/bionic/libc.so (abort+138) (BuildId: 069fa5270e37d5d71a341182630a2b3f)
08-14 11:49:38.845  7570  7570 F DEBUG   :       #01 pc 000065e7  /system/lib/liblog.so (__android_log_default_aborter+6) (BuildId: a0b0448e9b6b4975359cf83e63ab2544)
08-14 11:49:38.845  7570  7570 F DEBUG   :       #02 pc 0000d903  /vendor/lib/libbase.so (android::base::LogMessage::~LogMessage()+342) (BuildId: a19f80d03905d03ea86e5e25e0c4c56e)
08-14 11:49:38.846  7570  7570 F DEBUG   :       #03 pc 00056b0b  /vendor/bin/hw/android.hardware.bluetooth-service.pixel_watch (bluetooth_hal::debug::LogFatal(bluetooth_hal::bqr::BqrErrorCode, std::__1::basic_string_view<char, std::__1::char_traits<char>>)+262) (BuildId: df7dbe81c3b72de11a4a6c108f1afd31)
08-14 11:49:38.846  7570  7570 F DEBUG   :       #04 pc 0004782f  /vendor/bin/hw/android.hardware.bluetooth-service.pixel_watch (bluetooth_hal::debug::DebugCentralImpl::ReportBqrError(bluetooth_hal::bqr::BqrErrorCode, std::__1::basic_string_view<char, std::__1::char_traits<char>>)+358) (BuildId: df7dbe81c3b72de11a4a6c108f1afd31)
08-14 11:49:38.846  7570  7570 F DEBUG   :       #05 pc 00105579  /vendor/bin/hw/android.hardware.bluetooth-service.pixel_watch (android::hardware::bluetooth::hci::DataLinkHelper::HandleConnectionStatus(bool)+252) (BuildId: df7dbe81c3b72de11a4a6c108f1afd31)
08-14 11:49:38.846  7570  7570 F DEBUG   :       #06 pc 000c5975  /vendor/lib/libusf.so (wac::shared::data_link::ApNanohubDataLink::HandleClose()+544) (BuildId: 9feb7aad59439c641fe5840f4dd048f5)
08-14 11:49:38.846  7570  7570 F DEBUG   :       #07 pc 0010a56b  /vendor/bin/hw/android.hardware.bluetooth-service.pixel_watch (wac::shared::data_link::FileTransport::Run()+98) (BuildId: df7dbe81c3b72de11a4a6c108f1afd31)
08-14 11:49:38.846  7570  7570 F DEBUG   :       #08 pc 0010ab51  /vendor/bin/hw/android.hardware.bluetooth-service.pixel_watch (void* std::__1::__thread_proxy[abi:nn220000]<std::__1::tuple<std::__1::unique_ptr<std::__1::__thread_struct, std::__1::default_delete<std::__1::__thread_struct>>, void (wac::shared::data_link::FileTransport::*)(), wac::shared::data_link::FileTransport*>>(void*)+38) (BuildId: df7dbe81c3b72de11a4a6c108f1afd31)
08-14 11:49:38.846  7570  7570 F DEBUG   :       #09 pc 0007ab97  /apex/com.android.runtime/lib/bionic/libc.so (__pthread_start(void*) (.__uniq.67847048707805468364044055584648682506)+40) (BuildId: 069fa5270e37d5d71a341182630a2b3f)
08-14 11:49:38.846  7570  7570 F DEBUG   :       #10 pc 000714df  /apex/com.android.runtime/lib/bionic/libc.so (__start_thread+30) (BuildId: 069fa5270e37d5d71a341182630a2b3f)
08-14 11:49:38.846  7570  7570 F DEBUG   : Note: To display stack pointer information, use the pbtombstone tool:
08-14 11:49:38.846  7570  7570 F DEBUG   :         pbtombstone --display-sp tombstone_XX.pb
08-14 11:49:40.598 32590 32690 F libc    : Fatal signal 6 (SIGABRT), code -1 (SI_QUEUE) in tid 32690 (binder:32590_8), pid 32590 (droid.bluetooth)
08-14 11:49:42.770  7595  7595 F DEBUG   : *** *** *** *** *** *** *** *** *** *** *** *** *** *** *** ***
08-14 11:49:42.771  7595  7595 F DEBUG   : Build fingerprint: 'google/kenari_btwifi/kenari_btwifi:17/CP2A.260603.001.S1/15396605:user/release-keys'
08-14 11:49:42.771  7595  7595 F DEBUG   : Kernel Release: '6.6.118-android15-8-ge6d21220be73-ab15042318-4k'
08-14 11:49:42.771  7595  7595 F DEBUG   : Revision: 'MP1.0'
08-14 11:49:42.771  7595  7595 F DEBUG   : ABI: 'arm'
08-14 11:49:42.771  7595  7595 F DEBUG   : Timestamp: 2026-08-14 11:49:40.854469408+0900
08-14 11:49:42.771  7595  7595 F DEBUG   : Process uptime: 0s
08-14 11:49:42.771  7595  7595 F DEBUG   : Executable: /system/bin/app_process32
08-14 11:49:42.771  7595  7595 F DEBUG   : Cmdline: com.google.android.bluetooth
08-14 11:49:42.771  7595  7595 F DEBUG   : pid: 32590, ppid: 975, tid: 32690, name: binder:32590_8  >>> com.google.android.bluetooth <<<
08-14 11:49:42.771  7595  7595 F DEBUG   : uid: 1002
08-14 11:49:42.771  7595  7595 F DEBUG   : signal 6 (SIGABRT), code -1 (SI_QUEUE), fault addr --------
08-14 11:49:42.771  7595  7595 F DEBUG   : Abort message: 'system/gd/hal/hci_backend_aidl.cc:103 operator(): The Bluetooth HAL died.'
08-14 11:49:42.771  7595  7595 F DEBUG   :     r0  00000000  r1  00007fb2  r2  00000006  r3  e01ced98
08-14 11:49:42.771  7595  7595 F DEBUG   :     r4  e01ced98  r5  00007f4e  r6  00007fb2  r7  0000016b
08-14 11:49:42.771  7595  7595 F DEBUG   :     r8  00000000  r9  ffffffff  r10 e7e52d88  r11 e01ceed0
08-14 11:49:42.771  7595  7595 F DEBUG   :     ip  e01ceda8  sp  e01ced90  lr  ee60520f  pc  ee605222
08-14 11:49:42.771  7595  7595 F DEBUG   :     error_code 00000000
08-14 11:49:42.771  7595  7595 F DEBUG   : 16 total frames
08-14 11:49:42.771  7595  7595 F DEBUG   : backtrace:
08-14 11:49:42.771  7595  7595 F DEBUG   :       #00 pc 0006f222  /apex/com.android.runtime/lib/bionic/libc.so (abort+138) (BuildId: 069fa5270e37d5d71a341182630a2b3f)
08-14 11:49:42.771  7595  7595 F DEBUG   :       #01 pc 00537f83  /apex/com.android.art/lib/libart.so (art::Runtime::Abort(char const*)+1278) (BuildId: 58cad39839fa6084a33fe0240405afac)
08-14 11:49:42.771  7595  7595 F DEBUG   :       #02 pc 0000de25  /apex/com.android.art/lib/libbase.so (android::base::SetAborter(std::__1::function<void (char const*)>&&)::$_0::__invoke(char const*)+48) (BuildId: 9e87a412b3a2ba2056ac3b369c9d6e47)
08-14 11:49:42.771  7595  7595 F DEBUG   :       #03 pc 008d1815  /apex/com.android.bt/lib/libbluetooth_jni.so (bluetooth::log_internal::vlog(bluetooth::log_internal::Level, char const*, bluetooth::log_internal::source_location, std::__1::basic_string_view<char, std::__1::char_traits<char>>, std::__1::basic_format_args<std::__1::basic_format_context<std::__1::back_insert_iterator<std::__1::__format::__output_buffer<char>>, char>>)+600) (BuildId: 5cbb8b029ea20d88cfded312ae53e0c0)
08-14 11:49:42.771  7595  7595 F DEBUG   :       #04 pc 007f1fdd  /apex/com.android.bt/lib/libbluetooth_jni.so (bluetooth::log::fatal(std::__1::basic_format_string<char>, bluetooth::log_internal::source_location)+36) (BuildId: 5cbb8b029ea20d88cfded312ae53e0c0)
08-14 11:49:42.772  7595  7595 F DEBUG   :       #05 pc 007f1fa9  /apex/com.android.bt/lib/libbluetooth_jni.so (bluetooth::hal::AidlHci::AidlHci(char const*)::'lambda'(void*)::__invoke(void*)+56) (BuildId: 5cbb8b029ea20d88cfded312ae53e0c0)
08-14 11:49:42.772  7595  7595 F DEBUG   :       #06 pc 0000ef85  /system/lib/libbinder_ndk.so (AIBinder_DeathRecipient::TransferDeathRecipient::binderDied(android::wp<android::IBinder> const&)+32) (BuildId: 97d9bde944b6f7dd3d495cd2c5043c70)
08-14 11:49:42.772  7595  7595 F DEBUG   :       #07 pc 000403e1  /system/lib/libbinder.so (android::BpBinder::sendObituary()+196) (BuildId: 1da1e5fd5fc0935a2986280f0b201f67)
08-14 11:49:42.772  7595  7595 F DEBUG   :       #08 pc 0002fa6d  /system/lib/libbinder.so (android::IPCThreadState::executeCommand(int)+316) (BuildId: 1da1e5fd5fc0935a2986280f0b201f67)
08-14 11:49:42.772  7595  7595 F DEBUG   :       #09 pc 00041fb9  /system/lib/libbinder.so (android::IPCThreadState::joinThreadPool(bool)+312) (BuildId: 1da1e5fd5fc0935a2986280f0b201f67)
08-14 11:49:42.772  7595  7595 F DEBUG   :       #10 pc 00041e79  /system/lib/libbinder.so (android::PoolThread::threadLoop()+12) (BuildId: 1da1e5fd5fc0935a2986280f0b201f67)
08-14 11:49:42.772  7595  7595 F DEBUG   :       #11 pc 0000b7bf  /system/lib/libutils.so (android::Thread::_threadLoop(void*)+166) (BuildId: 82581bf639891892dfd04fcad715bbea)
08-14 11:49:42.772  7595  7595 F DEBUG   :       #12 pc 00118277  /system/lib/libandroid_runtime.so (android::AndroidRuntime::javaThreadShell(void*)+62) (BuildId: 32b4bd5e69fbb4b73dcb28f2e022d16c)
08-14 11:49:42.772  7595  7595 F DEBUG   :       #13 pc 0000f219  /system/lib/libutils.so (libutil_thread_trampoline(void*) (.__uniq.226528677032898775202282855395389835431)+8) (BuildId: 82581bf639891892dfd04fcad715bbea)
08-14 11:49:42.772  7595  7595 F DEBUG   :       #14 pc 0007ab97  /apex/com.android.runtime/lib/bionic/libc.so (__pthread_start(void*) (.__uniq.67847048707805468364044055584648682506)+40) (BuildId: 069fa5270e37d5d71a341182630a2b3f)
08-14 11:49:42.772  7595  7595 F DEBUG   :       #15 pc 000714df  /apex/com.android.runtime/lib/bionic/libc.so (__start_thread+30) (BuildId: 069fa5270e37d5d71a341182630a2b3f)
08-14 11:49:42.772  7595  7595 F DEBUG   : Note: To display stack pointer information, use the pbtombstone tool:
08-14 11:49:42.772  7595  7595 F DEBUG   :         pbtombstone --display-sp tombstone_XX.pb
08-20 00:08:23.896   491   491 F libc    : Unwind request: crash_dump helper failed to exec, or was killed
08-25 21:28:22.484 28448 28448 E AndroidRuntime: FATAL EXCEPTION: main
08-25 21:28:22.484 28448 28448 E AndroidRuntime: Process: com.totonoi.sauna, PID: 28448
08-25 21:28:22.484 28448 28448 E AndroidRuntime: java.lang.IllegalArgumentException: Cannot round NaN value.
08-25 21:28:22.484 28448 28448 E AndroidRuntime: 	at kotlin.math.MathKt__MathJVMKt.roundToInt(MathJVM.kt:619)
08-25 21:28:22.484 28448 28448 E AndroidRuntime: 	at com.totonoi.sauna.wear.ui.ResultScreenKt.ResultScreen(ResultScreen.kt:27)
08-25 21:28:22.484 28448 28448 E AndroidRuntime: 	at com.totonoi.sauna.wear.ui.SaunaAppKt.SaunaApp(SaunaApp.kt:28)
08-25 21:28:22.484 28448 28448 E AndroidRuntime: 	at com.totonoi.sauna.wear.ui.SaunaAppKt.SaunaApp$lambda$2(SaunaApp.kt:6)
08-25 21:28:22.484 28448 28448 E AndroidRuntime: 	at com.totonoi.sauna.wear.ui.SaunaAppKt.$r8$lambda$daf1_6h5RCy0-QT2nmOvuhTOIEU(SaunaApp.kt:0)
08-25 21:28:22.484 28448 28448 E AndroidRuntime: 	at com.totonoi.sauna.wear.ui.SaunaAppKt$$ExternalSyntheticLambda0.invoke(D8$$SyntheticClass:0)
08-25 21:28:22.484 28448 28448 E AndroidRuntime: 	at androidx.compose.runtime.RecomposeScopeImpl.compose(RecomposeScopeImpl.kt:192)
08-25 21:28:22.484 28448 28448 E AndroidRuntime: 	at androidx.compose.runtime.ComposerImpl.recomposeToGroupEnd(Composer.kt:2825)
08-25 21:28:22.484 28448 28448 E AndroidRuntime: 	at androidx.compose.runtime.ComposerImpl.skipCurrentGroup(Composer.kt:3116)
08-25 21:28:22.484 28448 28448 E AndroidRuntime: 	at androidx.compose.runtime.ComposerImpl.doCompose(Composer.kt:3607)
08-25 21:28:22.484 28448 28448 E AndroidRuntime: 	at androidx.compose.runtime.ComposerImpl.recompose$runtime_release(Composer.kt:3552)
08-25 21:28:22.484 28448 28448 E AndroidRuntime: 	at androidx.compose.runtime.CompositionImpl.recompose(Composition.kt:948)
08-25 21:28:22.484 28448 28448 E AndroidRuntime: 	at androidx.compose.runtime.Recomposer.performRecompose(Recomposer.kt:1206)
08-25 21:28:22.484 28448 28448 E AndroidRuntime: 	at androidx.compose.runtime.Recomposer.access$performRecompose(Recomposer.kt:132)
08-25 21:28:22.484 28448 28448 E AndroidRuntime: 	at androidx.compose.runtime.Recomposer$runRecomposeAndApplyChanges$2$1.invoke(Recomposer.kt:616)
08-25 21:28:22.484 28448 28448 E AndroidRuntime: 	at androidx.compose.runtime.Recomposer$runRecomposeAndApplyChanges$2$1.invoke(Recomposer.kt:585)
08-25 21:28:22.484 28448 28448 E AndroidRuntime: 	at androidx.compose.ui.platform.AndroidUiFrameClock$withFrameNanos$2$callback$1.doFrame(AndroidUiFrameClock.android.kt:41)
08-25 21:28:22.484 28448 28448 E AndroidRuntime: 	at androidx.compose.ui.platform.AndroidUiDispatcher.performFrameDispatch(AndroidUiDispatcher.android.kt:109)
08-25 21:28:22.484 28448 28448 E AndroidRuntime: 	at androidx.compose.ui.platform.AndroidUiDispatcher.access$performFrameDispatch(AndroidUiDispatcher.android.kt:41)
08-25 21:28:22.484 28448 28448 E AndroidRuntime: 	at androidx.compose.ui.platform.AndroidUiDispatcher$dispatchCallback$1.doFrame(AndroidUiDispatcher.android.kt:69)
08-25 21:28:22.484 28448 28448 E AndroidRuntime: 	at android.view.Choreographer$CallbackRecord.run(Choreographer.java:1655)
08-25 21:28:22.484 28448 28448 E AndroidRuntime: 	at android.view.Choreographer$CallbackRecord.run(Choreographer.java:1666)
08-25 21:28:22.484 28448 28448 E AndroidRuntime: 	at android.view.Choreographer.doCallbacks(Choreographer.java:1252)
08-25 21:28:22.484 28448 28448 E AndroidRuntime: 	at android.view.Choreographer.doFrame(Choreographer.java:1205)
08-25 21:28:22.484 28448 28448 E AndroidRuntime: 	at android.view.Choreographer$FrameDisplayEventReceiver.run(Choreographer.java:1640)
08-25 21:28:22.484 28448 28448 E AndroidRuntime: 	at android.os.Handler.handleCallback(Handler.java:1095)
08-25 21:28:22.484 28448 28448 E AndroidRuntime: 	at android.os.Handler.dispatchMessageImpl(Handler.java:135)
08-25 21:28:22.484 28448 28448 E AndroidRuntime: 	at android.os.Handler.dispatchMessage(Handler.java:125)
08-25 21:28:22.484 28448 28448 E AndroidRuntime: 	at android.os.Looper.loopOnce(Looper.java:296)
08-25 21:28:22.484 28448 28448 E AndroidRuntime: 	at android.os.Looper.loop(Looper.java:397)
08-25 21:28:22.484 28448 28448 E AndroidRuntime: 	at android.app.ActivityThread.main(ActivityThread.java:9523)
08-25 21:28:22.484 28448 28448 E AndroidRuntime: 	at java.lang.reflect.Method.invoke(Native Method)
08-25 21:28:22.484 28448 28448 E AndroidRuntime: 	at com.android.internal.os.RuntimeInit$MethodAndArgsCaller.run(RuntimeInit.java:575)
08-25 21:28:22.484 28448 28448 E AndroidRuntime: 	at com.android.internal.os.ZygoteInit.main(ZygoteInit.java:939)
08-25 21:28:22.484 28448 28448 E AndroidRuntime: 	Suppressed: kotlinx.coroutines.internal.DiagnosticCoroutineContextException: [androidx.compose.runtime.PausableMonotonicFrameClock@6a0bb29, androidx.compose.ui.platform.MotionDurationScaleImpl@62c5eae, StandaloneCoroutine{Cancelling}@e51844f, AndroidUiDispatcher@31f97dc]
08-26 15:46:08.932 29961 29961 E AndroidRuntime: FATAL EXCEPTION: main
08-26 15:46:08.932 29961 29961 E AndroidRuntime: Process: com.totonoi.sauna, PID: 29961
08-26 15:46:08.932 29961 29961 E AndroidRuntime: android.database.sqlite.SQLiteConstraintException: NOT NULL constraint failed: sauna_sessions.totonoiScore (code 1299 SQLITE_CONSTRAINT_NOTNULL)
08-26 15:46:08.932 29961 29961 E AndroidRuntime: 	at android.database.sqlite.SQLiteConnection.nativeExecuteForLastInsertedRowId(Native Method)
08-26 15:46:08.932 29961 29961 E AndroidRuntime: 	at android.database.sqlite.SQLiteConnection.executeForLastInsertedRowId(SQLiteConnection.java:995)
08-26 15:46:08.932 29961 29961 E AndroidRuntime: 	at android.database.sqlite.SQLiteSession.executeForLastInsertedRowId(SQLiteSession.java:825)
08-26 15:46:08.932 29961 29961 E AndroidRuntime: 	at android.database.sqlite.SQLiteStatement.executeInsert(SQLiteStatement.java:89)
08-26 15:46:08.932 29961 29961 E AndroidRuntime: 	at androidx.sqlite.db.framework.FrameworkSQLiteStatement.executeInsert(FrameworkSQLiteStatement.kt:42)
08-26 15:46:08.932 29961 29961 E AndroidRuntime: 	at androidx.room.EntityInsertionAdapter.insert(EntityInsertionAdapter.kt:51)
08-26 15:46:08.932 29961 29961 E AndroidRuntime: 	at com.totonoi.sauna.shared.db.SaunaDao_Impl$2.call(SaunaDao_Impl.java:67)
08-26 15:46:08.932 29961 29961 E AndroidRuntime: 	at com.totonoi.sauna.shared.db.SaunaDao_Impl$2.call(SaunaDao_Impl.java:61)
08-26 15:46:08.932 29961 29961 E AndroidRuntime: 	at androidx.room.CoroutinesRoom$Companion$execute$2.invokeSuspend(CoroutinesRoom.kt:64)
08-26 15:46:08.932 29961 29961 E AndroidRuntime: 	at kotlin.coroutines.jvm.internal.BaseContinuationImpl.resumeWith(ContinuationImpl.kt:33)
08-26 15:46:08.932 29961 29961 E AndroidRuntime: 	at kotlinx.coroutines.DispatchedTask.run(DispatchedTask.kt:104)
08-26 15:46:08.932 29961 29961 E AndroidRuntime: 	at androidx.room.TransactionExecutor.execute$lambda$1$lambda$0(TransactionExecutor.kt:36)
08-26 15:46:08.932 29961 29961 E AndroidRuntime: 	at androidx.room.TransactionExecutor.$r8$lambda$FZWr2PGmP3sgXLCiri-DCcePXSs(TransactionExecutor.kt:0)
08-26 15:46:08.932 29961 29961 E AndroidRuntime: 	at androidx.room.TransactionExecutor$$ExternalSyntheticLambda0.run(D8$$SyntheticClass:0)
08-26 15:46:08.932 29961 29961 E AndroidRuntime: 	at java.util.concurrent.ThreadPoolExecutor.runWorker(ThreadPoolExecutor.java:1100)
08-26 15:46:08.932 29961 29961 E AndroidRuntime: 	at java.util.concurrent.ThreadPoolExecutor$Worker.run(ThreadPoolExecutor.java:624)
08-26 15:46:08.932 29961 29961 E AndroidRuntime: 	at java.lang.Thread.run(Thread.java:1572)
08-26 15:46:08.932 29961 29961 E AndroidRuntime: 	Suppressed: kotlinx.coroutines.internal.DiagnosticCoroutineContextException: [StandaloneCoroutine{Cancelling}@9fb761a, Dispatchers.Main.immediate]
08-26 15:56:17.896 13701 13701 E AndroidRuntime: FATAL EXCEPTION: main
08-26 15:56:17.896 13701 13701 E AndroidRuntime: Process: com.totonoi.sauna, PID: 13701
08-26 15:56:17.896 13701 13701 E AndroidRuntime: java.lang.IllegalArgumentException: Cannot round NaN value.
08-26 15:56:17.896 13701 13701 E AndroidRuntime: 	at kotlin.math.MathKt__MathJVMKt.roundToInt(MathJVM.kt:619)
08-26 15:56:17.896 13701 13701 E AndroidRuntime: 	at com.totonoi.sauna.wear.ui.ResultScreenKt.ResultScreen(ResultScreen.kt:27)
08-26 15:56:17.896 13701 13701 E AndroidRuntime: 	at com.totonoi.sauna.wear.ui.SaunaAppKt.SaunaApp(SaunaApp.kt:28)
08-26 15:56:17.896 13701 13701 E AndroidRuntime: 	at com.totonoi.sauna.wear.ui.SaunaAppKt.SaunaApp$lambda$2(SaunaApp.kt:6)
08-26 15:56:17.896 13701 13701 E AndroidRuntime: 	at com.totonoi.sauna.wear.ui.SaunaAppKt.$r8$lambda$daf1_6h5RCy0-QT2nmOvuhTOIEU(SaunaApp.kt:0)
08-26 15:56:17.896 13701 13701 E AndroidRuntime: 	at com.totonoi.sauna.wear.ui.SaunaAppKt$$ExternalSyntheticLambda0.invoke(D8$$SyntheticClass:0)
08-26 15:56:17.896 13701 13701 E AndroidRuntime: 	at androidx.compose.runtime.RecomposeScopeImpl.compose(RecomposeScopeImpl.kt:192)
08-26 15:56:17.896 13701 13701 E AndroidRuntime: 	at androidx.compose.runtime.ComposerImpl.recomposeToGroupEnd(Composer.kt:2825)
08-26 15:56:17.896 13701 13701 E AndroidRuntime: 	at androidx.compose.runtime.ComposerImpl.skipCurrentGroup(Composer.kt:3116)
08-26 15:56:17.896 13701 13701 E AndroidRuntime: 	at androidx.compose.runtime.ComposerImpl.doCompose(Composer.kt:3607)
08-26 15:56:17.896 13701 13701 E AndroidRuntime: 	at androidx.compose.runtime.ComposerImpl.recompose$runtime_release(Composer.kt:3552)
08-26 15:56:17.896 13701 13701 E AndroidRuntime: 	at androidx.compose.runtime.CompositionImpl.recompose(Composition.kt:948)
08-26 15:56:17.896 13701 13701 E AndroidRuntime: 	at androidx.compose.runtime.Recomposer.performRecompose(Recomposer.kt:1206)
08-26 15:56:17.896 13701 13701 E AndroidRuntime: 	at androidx.compose.runtime.Recomposer.access$performRecompose(Recomposer.kt:132)
08-26 15:56:17.896 13701 13701 E AndroidRuntime: 	at androidx.compose.runtime.Recomposer$runRecomposeAndApplyChanges$2$1.invoke(Recomposer.kt:616)
08-26 15:56:17.896 13701 13701 E AndroidRuntime: 	at androidx.compose.runtime.Recomposer$runRecomposeAndApplyChanges$2$1.invoke(Recomposer.kt:585)
08-26 15:56:17.896 13701 13701 E AndroidRuntime: 	at androidx.compose.ui.platform.AndroidUiFrameClock$withFrameNanos$2$callback$1.doFrame(AndroidUiFrameClock.android.kt:41)
08-26 15:56:17.896 13701 13701 E AndroidRuntime: 	at androidx.compose.ui.platform.AndroidUiDispatcher.performFrameDispatch(AndroidUiDispatcher.android.kt:109)
08-26 15:56:17.896 13701 13701 E AndroidRuntime: 	at androidx.compose.ui.platform.AndroidUiDispatcher.access$performFrameDispatch(AndroidUiDispatcher.android.kt:41)
08-26 15:56:17.896 13701 13701 E AndroidRuntime: 	at androidx.compose.ui.platform.AndroidUiDispatcher$dispatchCallback$1.doFrame(AndroidUiDispatcher.android.kt:69)
08-26 15:56:17.896 13701 13701 E AndroidRuntime: 	at android.view.Choreographer$CallbackRecord.run(Choreographer.java:1655)
08-26 15:56:17.896 13701 13701 E AndroidRuntime: 	at android.view.Choreographer$CallbackRecord.run(Choreographer.java:1666)
08-26 15:56:17.896 13701 13701 E AndroidRuntime: 	at android.view.Choreographer.doCallbacks(Choreographer.java:1252)
08-26 15:56:17.896 13701 13701 E AndroidRuntime: 	at android.view.Choreographer.doFrame(Choreographer.java:1205)
08-26 15:56:17.896 13701 13701 E AndroidRuntime: 	at android.view.Choreographer$FrameDisplayEventReceiver.run(Choreographer.java:1640)
08-26 15:56:17.896 13701 13701 E AndroidRuntime: 	at android.os.Handler.handleCallback(Handler.java:1095)
08-26 15:56:17.896 13701 13701 E AndroidRuntime: 	at android.os.Handler.dispatchMessageImpl(Handler.java:135)
08-26 15:56:17.896 13701 13701 E AndroidRuntime: 	at android.os.Handler.dispatchMessage(Handler.java:125)
08-26 15:56:17.896 13701 13701 E AndroidRuntime: 	at android.os.Looper.loopOnce(Looper.java:296)
08-26 15:56:17.896 13701 13701 E AndroidRuntime: 	at android.os.Looper.loop(Looper.java:397)
08-26 15:56:17.896 13701 13701 E AndroidRuntime: 	at android.app.ActivityThread.main(ActivityThread.java:9523)
08-26 15:56:17.896 13701 13701 E AndroidRuntime: 	at java.lang.reflect.Method.invoke(Native Method)
08-26 15:56:17.896 13701 13701 E AndroidRuntime: 	at com.android.internal.os.RuntimeInit$MethodAndArgsCaller.run(RuntimeInit.java:575)
08-26 15:56:17.896 13701 13701 E AndroidRuntime: 	at com.android.internal.os.ZygoteInit.main(ZygoteInit.java:939)
08-26 15:56:17.896 13701 13701 E AndroidRuntime: 	Suppressed: kotlinx.coroutines.internal.DiagnosticCoroutineContextException: [androidx.compose.runtime.PausableMonotonicFrameClock@41a46ab, androidx.compose.ui.platform.MotionDurationScaleImpl@3fa6108, StandaloneCoroutine{Cancelling}@f5bf0a1, AndroidUiDispatcher@afcb2c6]
08-26 16:05:20.218 14113 14113 E AndroidRuntime: FATAL EXCEPTION: main
08-26 16:05:20.218 14113 14113 E AndroidRuntime: Process: com.totonoi.sauna, PID: 14113
08-26 16:05:20.218 14113 14113 E AndroidRuntime: java.lang.IllegalArgumentException: Cannot round NaN value.
08-26 16:05:20.218 14113 14113 E AndroidRuntime: 	at kotlin.math.MathKt__MathJVMKt.roundToInt(MathJVM.kt:619)
08-26 16:05:20.218 14113 14113 E AndroidRuntime: 	at com.totonoi.sauna.wear.ui.ResultScreenKt.ResultScreen(ResultScreen.kt:27)
08-26 16:05:20.218 14113 14113 E AndroidRuntime: 	at com.totonoi.sauna.wear.ui.SaunaAppKt.SaunaApp(SaunaApp.kt:28)
08-26 16:05:20.218 14113 14113 E AndroidRuntime: 	at com.totonoi.sauna.wear.ui.SaunaAppKt.SaunaApp$lambda$2(SaunaApp.kt:6)
08-26 16:05:20.218 14113 14113 E AndroidRuntime: 	at com.totonoi.sauna.wear.ui.SaunaAppKt.$r8$lambda$daf1_6h5RCy0-QT2nmOvuhTOIEU(SaunaApp.kt:0)
08-26 16:05:20.218 14113 14113 E AndroidRuntime: 	at com.totonoi.sauna.wear.ui.SaunaAppKt$$ExternalSyntheticLambda0.invoke(D8$$SyntheticClass:0)
08-26 16:05:20.218 14113 14113 E AndroidRuntime: 	at androidx.compose.runtime.RecomposeScopeImpl.compose(RecomposeScopeImpl.kt:192)
08-26 16:05:20.218 14113 14113 E AndroidRuntime: 	at androidx.compose.runtime.ComposerImpl.recomposeToGroupEnd(Composer.kt:2825)
08-26 16:05:20.218 14113 14113 E AndroidRuntime: 	at androidx.compose.runtime.ComposerImpl.skipCurrentGroup(Composer.kt:3116)
08-26 16:05:20.218 14113 14113 E AndroidRuntime: 	at androidx.compose.runtime.ComposerImpl.doCompose(Composer.kt:3607)
08-26 16:05:20.218 14113 14113 E AndroidRuntime: 	at androidx.compose.runtime.ComposerImpl.recompose$runtime_release(Composer.kt:3552)
08-26 16:05:20.218 14113 14113 E AndroidRuntime: 	at androidx.compose.runtime.CompositionImpl.recompose(Composition.kt:948)
08-26 16:05:20.218 14113 14113 E AndroidRuntime: 	at androidx.compose.runtime.Recomposer.performRecompose(Recomposer.kt:1206)
08-26 16:05:20.218 14113 14113 E AndroidRuntime: 	at androidx.compose.runtime.Recomposer.access$performRecompose(Recomposer.kt:132)
08-26 16:05:20.218 14113 14113 E AndroidRuntime: 	at androidx.compose.runtime.Recomposer$runRecomposeAndApplyChanges$2$1.invoke(Recomposer.kt:616)
08-26 16:05:20.218 14113 14113 E AndroidRuntime: 	at androidx.compose.runtime.Recomposer$runRecomposeAndApplyChanges$2$1.invoke(Recomposer.kt:585)
08-26 16:05:20.218 14113 14113 E AndroidRuntime: 	at androidx.compose.ui.platform.AndroidUiFrameClock$withFrameNanos$2$callback$1.doFrame(AndroidUiFrameClock.android.kt:41)
08-26 16:05:20.218 14113 14113 E AndroidRuntime: 	at androidx.compose.ui.platform.AndroidUiDispatcher.performFrameDispatch(AndroidUiDispatcher.android.kt:109)
08-26 16:05:20.218 14113 14113 E AndroidRuntime: 	at androidx.compose.ui.platform.AndroidUiDispatcher.access$performFrameDispatch(AndroidUiDispatcher.android.kt:41)
08-26 16:05:20.218 14113 14113 E AndroidRuntime: 	at androidx.compose.ui.platform.AndroidUiDispatcher$dispatchCallback$1.doFrame(AndroidUiDispatcher.android.kt:69)
08-26 16:05:20.218 14113 14113 E AndroidRuntime: 	at android.view.Choreographer$CallbackRecord.run(Choreographer.java:1655)
08-26 16:05:20.218 14113 14113 E AndroidRuntime: 	at android.view.Choreographer$CallbackRecord.run(Choreographer.java:1666)
08-26 16:05:20.218 14113 14113 E AndroidRuntime: 	at android.view.Choreographer.doCallbacks(Choreographer.java:1252)
08-26 16:05:20.218 14113 14113 E AndroidRuntime: 	at android.view.Choreographer.doFrame(Choreographer.java:1205)
08-26 16:05:20.218 14113 14113 E AndroidRuntime: 	at android.view.Choreographer$FrameDisplayEventReceiver.run(Choreographer.java:1640)
08-26 16:05:20.218 14113 14113 E AndroidRuntime: 	at android.os.Handler.handleCallback(Handler.java:1095)
08-26 16:05:20.218 14113 14113 E AndroidRuntime: 	at android.os.Handler.dispatchMessageImpl(Handler.java:135)
08-26 16:05:20.218 14113 14113 E AndroidRuntime: 	at android.os.Handler.dispatchMessage(Handler.java:125)
08-26 16:05:20.218 14113 14113 E AndroidRuntime: 	at android.os.Looper.loopOnce(Looper.java:296)
08-26 16:05:20.218 14113 14113 E AndroidRuntime: 	at android.os.Looper.loop(Looper.java:397)
08-26 16:05:20.218 14113 14113 E AndroidRuntime: 	at android.app.ActivityThread.main(ActivityThread.java:9523)
08-26 16:05:20.218 14113 14113 E AndroidRuntime: 	at java.lang.reflect.Method.invoke(Native Method)
08-26 16:05:20.218 14113 14113 E AndroidRuntime: 	at com.android.internal.os.RuntimeInit$MethodAndArgsCaller.run(RuntimeInit.java:575)
08-26 16:05:20.218 14113 14113 E AndroidRuntime: 	at com.android.internal.os.ZygoteInit.main(ZygoteInit.java:939)
08-26 16:05:20.218 14113 14113 E AndroidRuntime: 	Suppressed: kotlinx.coroutines.internal.DiagnosticCoroutineContextException: [androidx.compose.runtime.PausableMonotonicFrameClock@41a46ab, androidx.compose.ui.platform.MotionDurationScaleImpl@3fa6108, StandaloneCoroutine{Cancelling}@f5bf0a1, AndroidUiDispatcher@afcb2c6]
--------- beginning of system
08-26 18:12:38.918  1891  1927 V WindowManager: Sent Transition (#64223) createdAt=08-26 18:12:38.862 via request=TransitionRequestInfo { type = SLEEP, triggerTask = null, pipChange = null, remoteTransitionInfo = null, displayChanges = null, requestedLocation = null, userChange = null, windowingLayerChange = null, fullscreenRequestChange = null, flags = 0, debugId = 64223 }
08-26 18:12:38.922  1891  1927 V WindowManager:     startWCT=null
08-26 18:12:38.922  1891  1927 V WindowManager:     info={id=64223 t=SLEEP f=0x40 trk=0 r=[] c=[]}
08-26 18:12:38.928  1891  1927 I UsbPortManager: USB port changed: port=UsbPort{id=port0, supportedModes=dual, audio_acc, supportedContaminantProtectionModes=0, supportsEnableContaminantPresenceProtection=false, supportsEnableContaminantPresenceDetection=false, supportsComplianceWarnings=false, supportsPartnerBc12Type=false, supportsPowerProfiles=false, status=UsbPortStatus{connected=true, currentMode=ufp, currentPowerRole=sink, currentDataRole=device, supportedRoleCombinations=[source:host, sink:device], contaminantDetectionStatus=0, contaminantProtectionStatus=0, usbDataStatus=enabled, isPowerTransferLimited=false, powerBrickConnectionStatus=unknown, complianceWarnings=[], plugState=0, displayPortAltModeInfo=null, bc12Type=Unknown,  mPortSinkPowerProfiles={} , mPortSourcePowerProfiles={} , mPartnerSinkPowerProfiles={} , mPartnerSourcePowerProfiles={} , mPortSinkPowerProfileMatches={} , mPortSourcePowerProfileMatches={}, canChangeMode=true, canChangePowerRole=false, canChangeDataRole=false, connectedAtMillis=5355164505, lastConnectDurationMillis=0
08-26 18:12:38.964  3050  3084 V WindowManagerShell: onTransitionReady(transaction=8121784293484)
08-26 18:12:38.964  3050  3151 V WindowManagerShell: Transition requested (#64223): android.os.BinderProxy@1d8dea TransitionRequestInfo { type = SLEEP, triggerTask = null, pipChange = null, remoteTransitionInfo = null, displayChanges = null, requestedLocation = null, userChange = null, windowingLayerChange = null, fullscreenRequestChange = null, flags = 0, debugId = 64223 }
08-26 18:12:38.965  1891  3179 W Transition: Transition already started id=64223 state=2
08-26 18:12:38.967  3050  3151 V WindowManagerShell: onTransitionReady (#64223) android.os.BinderProxy@1d8dea: {id=64223 t=SLEEP f=0x40 trk=0 r=[] c=[]}
08-26 18:12:38.967  3050  3151 V WindowManagerShell: No transition roots in (#64223) android.os.BinderProxy@1d8dea@0 so abort
08-26 18:12:38.971  3050  3151 V WindowManagerShell: Transition animation finished (aborted=true), notifying core (#64223) android.os.BinderProxy@1d8dea@0
08-26 18:12:38.993  3050  3151 V WindowManagerShell: Track 0 became idle
08-26 18:12:38.994  3050  3151 V WindowManagerShell: All active transition animations finished
08-26 18:12:39.017  3050  3050 V DreamService[AmbientDream]: wakeUp(): fromSystem=true, mWaking=false, mFinished=false
08-26 18:12:39.029  1891  3849 W AppCompatResourceOverlayPolicy: constructor: Failed to find VirtualDeviceManagerService
08-26 18:12:39.032  1891  3849 D ActivityTaskManager: Temporarily retain top process state for launching app
08-26 18:12:39.017  3050  3050 V DreamService[AmbientDream]: finish(): mFinished=false
08-26 18:12:39.045  1891  3849 D CorePackageUpdate: Couldn't find a persistent state for task= 2342
08-26 18:12:39.048  1891  3849 D CorePackageUpdate: onRecentTaskRemoved Removing task: 2302
08-26 18:12:39.048  1891  3849 D CorePackageUpdate: Couldn't find a persistent state for task= 2302
08-26 18:12:39.052  1891  3849 V ActivityTaskManager: TaskLaunchParamsModifier: phase=3 task=Task{3d20f85 #2342 type=standard A=10046:sysui.charging} activity=ActivityRecord{263445756 u0 com.google.android.wearable.sysui/com.google.android.clockwork.sysui.experiences.charging.ui.composable.ChargingComposeActivity t-1} display-from-option=0 display-id=0 task-display-area-windowing-mode=1 suggested-display-area=DefaultTaskDisplayArea@576384 inherit-from-task=fullscreen non-freeform-task-display-area display-area=DefaultTaskDisplayArea@576384 default-portrait freeform-size-mismatch=Rect(54, 54 - 426, 426)
08-26 18:12:39.052  1891  3849 I ActivityTaskManager: START u0 {flg=0x10800000 xflg=0x4 cmp=com.google.android.wearable.sysui/com.google.android.clockwork.sysui.experiences.charging.ui.composable.ChargingComposeActivity (has extras)} with LAUNCH_SINGLE_INSTANCE from uid 10046 (com.google.android.wearable.sysui) (BAL_ALLOW_ALLOWLISTED_COMPONENT) result code=0
08-26 18:12:39.056  1891  1891 W Looper  : Slow dispatch took 104ms main app=system_server main=true group=FOREGROUND h=android.os.Handler c=null m=1
08-26 18:12:39.060  1891  1927 W Looper  : Slow dispatch took 128ms android.fg app=system_server main=false group=FOREGROUND h=com.android.server.usb.UsbPortManager$1 c=com.android.server.usb.UsbPortManager$$ExternalSyntheticLambda1@1dfcce8 m=0
08-26 18:12:39.063  1891  3179 I DreamManagerService: Leaving dreamland.
08-26 18:12:39.076  3050  3151 V WindowManagerShell: Transition requested (#64224): android.os.BinderProxy@96e0f78 TransitionRequestInfo { type = OPEN, triggerTask = TaskInfo{userId=0 taskId=2342 effectiveUid=10046 displayId=0 isRunning=true baseIntent=Intent { flg=0x10800000 cmp=com.google.android.wearable.sysui/com.google.android.clockwork.sysui.experiences.charging.ui.composable.ChargingComposeActivity } baseActivity=ComponentInfo{com.google.android.wearable.sysui/com.google.android.clockwork.sysui.experiences.charging.ui.composable.ChargingComposeActivity} topActivity=ComponentInfo{com.google.android.wearable.sysui/com.google.android.clockwork.sysui.experiences.charging.ui.composable.ChargingComposeActivity} origActivity=null realActivity=ComponentInfo{com.google.android.wearable.sysui/com.google.android.clockwork.sysui.experiences.charging.ui.composable.ChargingComposeActivity} realActivityIsAppLockEnabled=false numActivities=1 lastActiveTime=5355164630 supportsMultiWindow=false supportsMultiWindowWithoutConstraints=false resizeMode=1 isResizeable=true minWidth=-1 minHeight=-1 defaultMinSize=220 token=WCT{android.os.BinderProxy@b635651} topActivityType=1 pictureInPictureParams=null shouldDockBigOverlays=false launchIntoPipHostTaskId=-1 lastParentTaskIdBeforePip=-1 displayCutoutSafeInsets=Rect(0, 0 - 0, 0) topActivityInfo=ActivityInfo{13e9eb6 com.google.android.clockwork.sysui.experiences.charging.ui.composable.ChargingComposeActivity} launchCookies=[] positionInParent=Point(0, 0) parentTaskId=-1 isFocused=true isInteractive=false isVisible=false isVisibleRequested=false isTopActivityNoDisplay=false isSleeping=true locusId=null displayAreaFeatureId=1 isTopActivityTransparent=false isActivityStackTransparent=false lastNonFullscreenBounds=Rect(54, 54 - 426, 426) leafTaskBoundsFromOptions= false capturedLink=null capturedLinkTimestamp=0 requestedVisibleTypes=503 topActivityRequestOpenInBrowserEducationTimestamp=0 appCompatTaskInfo=AppCompatTaskInfo { topActivityInSizeCompat=false isLeafTask= true eligibleForLetterboxEducation= false isLetterboxEducationEnabled= false isLetterboxDoubleTapEnabled= false eligibleForUserAspectRatioButton= false topActivityBoundsLetterboxed= false isFromLetterboxDoubleTap= false topActivityLetterboxVerticalPosition= -1 topActivityLetterboxHorizontalPosition= -1 topActivityLetterboxWidth=-1 topActivityLetterboxHeight=-1 topActivityAppBounds=Rect(0, 0 - 480, 480) isUserFullscreenOverrideEnabled=false isSystemFullscreenOverrideEnabled=false hasMinAspectRatioOverride=false topActivityLetterboxBounds=null topNonResizableActivityAspectRatio=-1.0} topActivityMainWindowFrame=null isAppBubble=false}, pipChange = null, remoteTransitionInfo = null, displayChanges = null, requestedLocation = null, userChange = null, windowingLayerChange = null, fullscreenRequestChange = null, flags = 0, debugId = 64224 }
08-26 18:12:39.077  3050  3151 V WindowManagerShell: Transition (#64224): request handled by WearMixedTransitionHandler
08-26 18:12:39.078  3050  3050 V DreamService[AmbientDream]: UpdateDoze mDozeScreenState=2 mDozeScreenBrightness=NaN
08-26 18:12:39.105  1891  2494 I PowerManagerService: Allowing device wake-up without android.permission.TURN_SCREEN_ON for com.google.android.wearable.sysui
08-26 18:12:39.105  1891  2494 D WearPower: Delegated wake: reason=2: uid=10046:com.google.android.wearable.sysui
08-26 18:12:39.105  1891  2494 D WearWakeUpController: Wake up handled for reason=7 details=ChargingActivityManager:overlay
08-26 18:12:39.106  1891  2494 I PowerManagerService: Wake up handled by delegate
08-26 18:12:39.116  1891  3179 D WearPower: Delegated wake request dropped: UID not eligible: 1000
08-26 18:12:39.113  1891  7078 D WearWakeupMemoryMetricLogger: WAKEUP_START: com.google.android.wearable.sysui page major faults: 558990, page scan direct: 14769
08-26 18:12:39.140  1891  7078 D WearWakeupMemoryMetricLogger: WAKEUP_START: com.google.android.wearable.watchface.rwf page major faults: 330335, page scan direct: 14283
08-26 18:12:39.141  1891  7078 D WearWakeupMemoryMetricLogger: WAKEUP_START: system_server page major faults: 6027517, page scan direct: 90071
08-26 18:12:39.143  1891  7078 D WearWakeupMemoryMetricLogger: WAKEUP_START: /system/bin/surfaceflinger page major faults: 247455, page scan direct: 0
08-26 18:12:39.145  1891  3179 D DreamManagerService: Dream requested to start dozing: android.os.Binder@88726ab, screenState=ON, reason=DEFAULT_POLICY, screenBrightness=NaN, useNormalBrightnessForDoze=false
08-26 18:12:39.151  1891  3906 D WearPower: Delegated wake request dropped: UID not eligible: 10121
08-26 18:12:39.190  1891  3142 W TransitionChain: Combining kgOccludeChg into #64224(OPEN|R|0x0) from startAct
08-26 18:12:39.191  1891  3142 D WindowManager: Remove SleepToken: tag=keyguard, displayId=0
08-26 18:12:39.203  3050  3151 D WindowManagerShell: onKeyguardOccludingTaskChanged displayId=0 taskId=2342
08-26 18:12:39.204  1891  3142 D ActivityTaskManager: Top Process State changed to PROCESS_STATE_TOP
08-26 18:12:39.210  1891  3142 W TransitionChain: Combining sleepTokens into #64224(OPEN|R|0x1000) from startAct
08-26 18:12:39.211  1891  3142 D ActivityTaskManager: awakeFromSleeping: previously pausing activity didn't pause
08-26 18:12:39.230  1891  1927 W Looper  : Slow dispatch took 144ms android.fg app=system_server main=false group=FOREGROUND h=com.android.server.usb.UsbPortManager$1 c=com.android.server.usb.UsbPortManager$$ExternalSyntheticLambda1@6144018 m=0
08-26 18:12:39.237  1891  1927 V WindowManager: Finish Transition (#64223): created at 08-26 18:12:38.862 collect-started=0.046ms request-sent=0.133ms started=0.637ms ready=0.626ms sent=0.846ms commit=117.051ms finished=112.479ms
08-26 18:12:39.239  1891  1927 W Looper  : Slow delivery took 263ms android.fg app=system_server main=false group=FOREGROUND h=android.os.Handler c=com.android.server.wm.Transition$$ExternalSyntheticLambda6@fe8d056 m=0
08-26 18:12:39.269  1891  3906 D WindowManager: setClientSurface Surface(name=VRI-Splash Screen com.google.android.wearable.sysui#43014)/@0xbd9942e for 646fa30 Splash Screen com.google.android.wearable.sysui
08-26 18:12:39.297  1891  1927 I DreamController: Stopping dream: name=ComponentInfo{com.google.android.apps.wearable.systemui/com.google.android.clockwork.systemui.ambient.AmbientDream}, isPreviewMode=false, canDoze=true, userId=0, reason='finished self'(from 'power manager request')
08-26 18:12:39.348  3050  3050 V DreamService[AmbientDream]: detach(): Calling onDreamingStopped()
08-26 18:12:39.374  1891  3906 D CoreBackPreview: Window{a1945c4 u0 com.google.android.wearable.sysui/com.google.android.clockwork.sysui.experiences.charging.ui.composable.ChargingComposeActivity}: Setting back callback OnBackInvokedCallbackInfo{mCallback=android.window.IOnBackInvokedCallback$Stub$Proxy@3c40fdb, mPriority=-1, mIsAnimationCallback=false, mOverrideBehavior=0}
08-26 18:12:39.380  1891  2494 D WindowManager: setClientSurface Surface(name=VRI-com.google.android.wearable.sysui/com.google.android.clockwork.sysui.experiences.charging.ui.composable.ChargingComposeActivity#43017)/@0x5b1aa78 for a1945c4 com.google.android.wearable.sysui/com.google.android.clockwork.sysui.experiences.charging.ui.composable.ChargingComposeActivity
08-26 18:12:39.395  3050  3151 V ShellTaskOrganizer: Task appeared taskId=2342 listener=FullscreenTaskListener
08-26 18:12:39.395  3050  3151 V ShellTaskOrganizer: Fullscreen Task Appeared: #2342
08-26 18:12:39.404  3050  3050 V DreamService[AmbientDream]: finish(): mFinished=true
08-26 18:12:39.405  3050  3076 V WindowManagerShell: onTransitionReady(transaction=8121784293519)
08-26 18:12:39.424  1891  1927 E DreamController: Dream activity is null.
08-26 18:12:39.436  3050  3151 V WindowManagerShell: onTransitionReady (#64224) android.os.BinderProxy@96e0f78: {id=64224 t=OPEN f=0x1040 trk=0 r=[0@Point(0, 0)] c=[
08-26 18:12:39.436  3050  3151 V WindowManagerShell:         {m=OPEN f=FLAG_CHANGED_INTERACTIVE p=WCT{android.os.BinderProxy@172226f} leash=Surface(name=Task=2342#43010)/@0x1fb42c0 sb=Rect(0, 0 - 480, 480) eb=Rect(0, 0 - 480, 480) epz=Point(480, 480) d=0 taskParent=-1 winMode=1 userId=0},
08-26 18:12:39.436  3050  3151 V WindowManagerShell:         {m=TO_FRONT f=FLAG_IS_TASK_DISPLAY_AREA leash=Surface(name=DefaultTaskDisplayArea#9)/@0x6d21bf9 sb=Rect(0, 0 - 480, 480) eb=Rect(0, 0 - 480, 480) epz=Point(480, 480) d=0}
08-26 18:12:39.436  3050  3151 V WindowManagerShell:     ]}
08-26 18:12:39.437  3050  3151 V WindowManagerShell: Playing animation for (#64224) android.os.BinderProxy@96e0f78@0
08-26 18:12:39.437  3050  3151 V WindowManagerShell:  try firstHandler com.google.android.clockwork.systemui.transition.shelltransition.WearMixedTransitionHandler@265dcf5
08-26 18:12:39.437  3050  3151 V WindowManagerShell:  skip handler com.google.android.clockwork.systemui.transition.shelltransition.WearMixedTransitionHandler@265dcf5
08-26 18:12:39.437  3050  3151 V WindowManagerShell: start keyguard occlude transition, info = {id=64224 t=OPEN f=0x1040 trk=0 r=[0@Point(0, 0)] c=[{m=OPEN f=FLAG_CHANGED_INTERACTIVE p=WCT{android.os.BinderProxy@172226f} leash=Surface(name=Task=2342#43010)/@0x1fb42c0 sb=Rect(0, 0 - 480, 480) eb=Rect(0, 0 - 480, 480) epz=Point(480, 480) d=0 taskParent=-1 winMode=1 userId=0},{m=TO_FRONT f=FLAG_IS_TASK_DISPLAY_AREA leash=Surface(name=DefaultTaskDisplayArea#9)/@0x6d21bf9 sb=Rect(0, 0 - 480, 480) eb=Rect(0, 0 - 480, 480) epz=Point(480, 480) d=0}]}
08-26 18:12:39.448  1891  1927 W Looper  : Slow dispatch took 151ms android.fg app=system_server main=false group=FOREGROUND h=com.android.server.dreams.DreamManagerService$DreamHandler c=com.android.server.dreams.DreamManagerService$$ExternalSyntheticLambda0@e1b5090 m=0
08-26 18:12:39.450  1891  1927 V WindowManager: Sent Transition (#64224) createdAt=08-26 18:12:39.031 via request=TransitionRequestInfo { type = OPEN, triggerTask = TaskInfo{userId=0 taskId=2342 effectiveUid=10046 displayId=0 isRunning=true baseIntent=Intent { flg=0x10800000 cmp=com.google.android.wearable.sysui/com.google.android.clockwork.sysui.experiences.charging.ui.composable.ChargingComposeActivity } baseActivity=ComponentInfo{com.google.android.wearable.sysui/com.google.android.clockwork.sysui.experiences.charging.ui.composable.ChargingComposeActivity} topActivity=ComponentInfo{com.google.android.wearable.sysui/com.google.android.clockwork.sysui.experiences.charging.ui.composable.ChargingComposeActivity} origActivity=null realActivity=ComponentInfo{com.google.android.wearable.sysui/com.google.android.clockwork.sysui.experiences.charging.ui.composable.ChargingComposeActivity} realActivityIsAppLockEnabled=false numActivities=1 lastActiveTime=5355164630 supportsMultiWindow=false supportsMultiWindowWithoutConstraints=false resizeMode=1 isResizeable=true minWidth=-1 minHeight=-1 defaultMinSize=220 token=WCT{RemoteToken{6a6c18e Task{3d20f85 #2342 type=standard A=10046:sysui.charging}}} topActivityType=1 pictureInPictureParams=null shouldDockBigOverlays=false launchIntoPipHostTaskId=-1 lastParentTaskIdBeforePip=-1 displayCutoutSafeInsets=Rect(0, 0 - 0, 0) topActivityInfo=ActivityInfo{5cdddaf com.google.android.clockwork.sysui.experiences.charging.ui.composable.ChargingComposeActivity} launchCookies=[] positionInParent=Point(0, 0) parentTaskId=-1 isFocused=true isInteractive=false isVisible=false isVisibleRequested=false isTopActivityNoDisplay=false isSleeping=true locusId=null displayAreaFeatureId=1 isTopActivityTransparent=false isActivityStackTransparent=false lastNonFullscreenBounds=Rect(54, 54 - 426, 426) leafTaskBoundsFromOptions= false capturedLink=null capturedLinkTimestamp=0 requestedVisibleTypes=503 topActivityRequestOpenInBrowserEducationTimestamp=0 appCompatTaskInfo=AppCompatTaskInfo { topActivityInSizeCompat=false isLeafTask= true eligibleForLetterboxEducation= false isLetterboxEducationEnabled= false isLetterboxDoubleTapEnabled= false eligibleForUserAspectRatioButton= false topActivityBoundsLetterboxed= false isFromLetterboxDoubleTap= false topActivityLetterboxVerticalPosition= -1 topActivityLetterboxHorizontalPosition= -1 topActivityLetterboxWidth=-1 topActivityLetterboxHeight=-1 topActivityAppBounds=Rect(0, 0 - 480, 480) isUserFullscreenOverrideEnabled=false isSystemFullscreenOverrideEnabled=false hasMinAspectRatioOverride=false topActivityLetterboxBounds=null topNonResizableActivityAspectRatio=-1.0} topActivityMainWindowFrame=null isAppBubble=false}, pipChange = null, remoteTransitionInfo = null, displayChanges = null, requestedLocation = null, userChange = null, windowingLayerChange = null, fullscreenRequestChange = null, flags = 0, debugId = 64224 }
08-26 18:12:39.452  3050  3151 V WindowManagerShell:  animated by com.android.wm.shell.keyguard.KeyguardTransitionHandler@ca0fc05
08-26 18:12:39.452  3050  3151 V WindowManagerShell: Transition animation finished (aborted=false), notifying core (#64224) android.os.BinderProxy@96e0f78@0
08-26 18:12:39.464  1891  1927 V WindowManager:     startWCT=WindowContainerTransaction { changes= {} hops= [] flags= 0 errorCallbackToken=null taskFragmentOrganizer=null }
08-26 18:12:39.482  1891  2795 I MR2ServiceImpl: Updating composite discovery preference | preference: RouteDiscoveryRequest{ preferredFeatures={}, activeScan=false }, active routers: []
08-26 18:12:39.485  1891  1927 V WindowManager:     info={id=64224 t=OPEN f=0x1040 trk=0 r=[0@Point(0, 0)] c=[
08-26 18:12:39.485  1891  1927 V WindowManager:         {WCT{RemoteToken{6a6c18e Task{3d20f85 #2342 type=standard A=10046:sysui.charging}}} m=OPEN f=FLAG_CHANGED_INTERACTIVE p=WCT{RemoteToken{898006a DefaultTaskDisplayArea@576384}} leash=Surface(name=Task=2342#43010)/@0xa4fc6bf sb=Rect(0, 0 - 480, 480) eb=Rect(0, 0 - 480, 480) epz=Point(480, 480) d=0 taskParent=-1 winMode=1 userId=0},
08-26 18:12:39.485  1891  1927 V WindowManager:         {WCT{RemoteToken{898006a DefaultTaskDisplayArea@576384}} m=TO_FRONT f=FLAG_IS_TASK_DISPLAY_AREA leash=Surface(name=DefaultTaskDisplayArea#9)/@0xab56112 sb=Rect(0, 0 - 480, 480) eb=Rect(0, 0 - 480, 480) epz=Point(480, 480) d=0}
08-26 18:12:39.485  1891  1927 V WindowManager:     ]}
08-26 18:12:39.502  1891  1927 V WindowManager: Finish Transition (#64224): created at 08-26 18:12:39.031 collect-started=0.039ms request-sent=18.237ms started=57.652ms ready=189.021ms sent=321.18ms commit=95.366ms finished=461.141ms
08-26 18:12:39.502  1891  1927 W Looper  : Drained
08-26 18:12:39.507  3050  3151 V WindowManagerShell: Track 0 became idle
08-26 18:12:39.507  3050  3151 V WindowManagerShell: All active transition animations finished
08-26 18:12:39.520  1891  2454 V SoundTriggerHelper: updateRecognitionLocked
08-26 18:12:39.641  1891  3444 E AppOps  : attributionTag  not declared in manifest of com.google.android.wearable.sysui
08-26 18:12:39.647  1891  3166 E AppOps  : attributionTag  not declared in manifest of com.google.android.wearable.sysui
08-26 18:12:39.683  1891  1891 W Looper  : Slow dispatch took 114ms main app=system_server main=true group=FOREGROUND h=android.app.ActivityThread$H c=android.app.LoadedApk$ReceiverDispatcher$Args$$ExternalSyntheticLambda0@1820343 m=0
08-26 18:12:39.738  3050  3050 V DreamService[AmbientDream]: onDestroy()
08-26 18:12:39.739  3050  3050 V DreamService[AmbientDream]: finish(): mFinished=true
08-26 18:12:39.755  1891  2739 W ContextImpl: Calling a method in the system process without a qualified user: android.app.ContextImpl.sendStickyBroadcast:1775 com.android.server.wifi.ClientModeImpl.sendNetworkChangeBroadcast:3298 com.android.server.wifi.ClientModeImpl.lambda$sendNetworkChangeBroadcastWithCurrentState$16:3275 com.android.server.wifi.ClientModeImpl.$r8$lambda$Mjx94RT82nKyrzK5lEIlrXrNMhg:0 com.android.server.wifi.ClientModeImpl$$ExternalSyntheticLambda14.send:0 
08-26 18:12:39.768  1891  2469 W BatteryExternalStatsWorker: error reading modem stats:ERROR_PHONE_NOT_AVAILABLE
08-26 18:12:39.774  1891  1914 I WindowManager: Display id=0 rotation changed to 1 from 0, lastOrientation=0 userRotationMode=0 userRotation=0 lastSensorRotation=-1
08-26 18:12:39.784  1891  2482 D BrightnessThermalClamper: Thermal status observer already started
08-26 18:12:39.787  1891  1914 I ActivityTaskManager: Config changes=20000000 {1.0 ?mcc0mnc [ja_JP] ldltr sw240dp w240dp h240dp 320dpi smll round hdr port watch finger -keyb/v/h -nav/h winConfig={ mBounds=Rect(0, 0 - 480, 480) mAppBounds=Rect(0, 0 - 480, 480) mMaxBounds=Rect(0, 0 - 480, 480) mDisplayRotation=ROTATION_90 mWindowingMode=fullscreen mActivityType=undefined mAlwaysOnTop=undefined mRotation=ROTATION_90} s.45772 fontWeightAdjustment=0}
08-26 18:12:39.807  3050  3151 V WindowManagerShell: Transition requested (#64225): android.os.BinderProxy@d66a9d8 TransitionRequestInfo { type = CHANGE, triggerTask = null, pipChange = null, remoteTransitionInfo = null, displayChanges = [DisplayChange { displayId = 0, startAbsBounds = null, endAbsBounds = null, endDisplayAreaInfo = null, startRotation = 0, endRotation = 1, physicalDisplayChanged = false, disconnectReparentDisplay = -1, endInsetsState = InsetsState: {mDisplayFrame=Rect(0, 0 - 480, 480), mDisplayCutout=DisplayCutout{insets=Rect(0, 0 - 0, 0) waterfall=Insets{left=0, top=0, right=0, bottom=0} boundingRect={Bounds=[Rect(0, 0 - 0, 0), Rect(0, 0 - 0, 0), Rect(0, 0 - 0, 0), Rect(0, 0 - 0, 0)]} cutoutPathParserInfo={CutoutPathParserInfo{displayWidth=0 displayHeight=0 physicalDisplayWidth=0 physicalDisplayHeight=0 density={0.0} cutoutSpec={} rotation={0} scale={0.0} physicalPixelDisplaySizeRatio={0.0}}} sideOverrides=null}, mRoundedCorners=RoundedCorners{[RoundedCorner{position=TopLeft, radius=240, center=Point(240, 240)}, RoundedCorner{position=TopRight, radius=240, center=Point(240, 240)}, RoundedCorner{position=BottomRight, radius=240, center=Point(240, 240)}, RoundedCorner{position=BottomLeft, radius=240, center=Point(240, 240)}]}  mRoundedCornerFrame=Rect(0, 0 - 0, 0), mPrivacyIndicatorBounds=PrivacyIndicatorBounds {static bounds=null rotation=1}, mDisplayShape=DisplayShape{type=2, displayWidth=480, displayHeight=480, physicalPixelDisplaySizeRatio=1.0, rotation=1, offsetX=0, offsetY=0, scale=1.0}, mSources= {  } }], requestedLocation = null, userChange = null, windowingLayerChange = null, fullscreenRequestChange = null, flags = 0, debugId = 64225 }
08-26 18:12:39.872  1891  1891 W Looper  : Slow dispatch took 110ms main app=system_server main=true group=FOREGROUND h=android.app.ActivityThread$H c=android.app.LoadedApk$ReceiverDispatcher$Args$$ExternalSyntheticLambda0@ca95c20 m=0
08-26 18:12:39.873  1891  1891 D WearGestureService: onDisplayChanged: The display is now ON
08-26 18:12:39.873  1891  1891 I UsbService: Broadcast ACTION_USB_PORT_CHANGED received, setting USB data signal to true
08-26 18:12:39.874  1891  1891 I UsbService: Broadcast ACTION_USB_PORT_CHANGED received, setting USB data signal to true
08-26 18:12:39.876  1891  1914 I WindowManager: Override config changes=20000000 {1.0 ?mcc0mnc [ja_JP] ldltr sw240dp w240dp h240dp 320dpi smll round hdr port watch finger -keyb/v/h -nav/h winConfig={ mBounds=Rect(0, 0 - 480, 480) mAppBounds=Rect(0, 0 - 480, 480) mMaxBounds=Rect(0, 0 - 480, 480) mDisplayRotation=ROTATION_90 mWindowingMode=fullscreen mActivityType=undefined mAlwaysOnTop=undefined mRotation=ROTATION_90} s.45772 fontWeightAdjustment=0} for displayId=0
08-26 18:12:39.878  1891  1914 W TransitionChain: Combining dispOverCfg into #64225(CHANGE|R|0x0) from updateRot
08-26 18:12:39.897  1891  2482 D WearPower: Delegated wake request dropped: UID not eligible: 1000
08-26 18:12:39.933  1891  3122 I Telecom : CallAudioRouteController: Message received: CONNECT_DOCK=5, arg1=0: DM.oR->CARC.pM_CONNECT_DOCK@xA4
08-26 18:12:39.943  1891  1929 I EntropyMixer: Updated seed file
08-26 18:12:40.004  1891  2761 W StatsPullAtomService: error reading modem stats:ERROR_PHONE_NOT_AVAILABLE
08-26 18:12:40.011  1891  3122 I Telecom : Factory: createRetry; type=TYPE_DOCK, address=null, retryCount=2: DM.oR->CARC.pM_CONNECT_DOCK@xA4
08-26 18:12:40.021  1891  1928 D WindowManager: DeferredDisplayUpdater: partially applying DisplayInfo(480 x 480) immediately
08-26 18:12:40.024  1891  3122 I Telecom : Factory: type: 2: DM.oR->CARC.pM_CONNECT_DOCK@xA4
08-26 18:12:40.029  1891  1928 W Looper  : Slow dispatch took 247ms android.ui app=system_server main=false group=TOP_APP h=android.os.Handler c=android.hardware.display.DisplayManagerGlobal$DisplayListenerDelegate$$ExternalSyntheticLambda0@80cdbd m=0
08-26 18:12:40.038  1891  1928 W Looper  : Slow delivery took 255ms android.ui app=system_server main=false group=TOP_APP h=android.os.Handler c=android.hardware.display.DisplayManagerGlobal$DisplayListenerDelegate$$ExternalSyntheticLambda0@2b55fb2 m=0
08-26 18:12:40.094  1891  2454 I SoundTriggerMiddlewareLogging: STOP_RECOGNITION (527)
08-26 18:12:40.109  1891  2871 I WindowManager: finishDrawing of orientation change: Window{23f772c u0 com.google.android.wearable.watchface.koru.modular.ModularWatchFaceService} 120ms
08-26 18:12:40.125  1891  1928 W Looper  : Drained
08-26 18:12:40.126  1891  1891 W Looper  : Slow dispatch took 233ms main app=system_server main=true group=FOREGROUND h=android.app.ActivityThread$H c=android.app.LoadedApk$ReceiverDispatcher$Args$$ExternalSyntheticLambda0@f85330a m=0
08-26 18:12:40.127  1891  1891 W Looper  : Slow delivery took 257ms main app=system_server main=true group=FOREGROUND h=android.app.ActivityThread$H c=android.app.LoadedApk$ReceiverDispatcher$Args$$ExternalSyntheticLambda0@4fff77b m=0
08-26 18:12:40.128  1891  1914 I WindowManager: finishDrawing of orientation change: Window{a1945c4 u0 com.google.android.wearable.sysui/com.google.android.clockwork.sysui.experiences.charging.ui.composable.ChargingComposeActivity} 138ms
08-26 18:12:40.140  1891  1891 D UiModeManager: disableCarMode: disabling, priority=0, packageName=
08-26 18:12:40.197 25076 25192 D ActivityThread: Too many transaction errors, throttling transaction error callback.
08-26 18:12:40.255  1891  1891 W Looper  : Slow dispatch took 114ms main app=system_server main=true group=FOREGROUND h=android.app.ActivityThread$H c=android.app.LoadedApk$ReceiverDispatcher$Args$$ExternalSyntheticLambda0@2860998 m=0
08-26 18:12:40.429  2888 17243 W ContextImpl: Calling a method in the system process without a qualified user: android.app.ContextImpl.bindService:2168 android.content.ContextWrapper.bindService:906 com.google.android.gms.wearable.zzz.dispatchMessageTraced:45 com.google.android.gms.libs.punchclock.threads.TracingHandler.dispatchMessage:0 android.os.Looper.loopOnce:296 
08-26 18:12:40.460  1891  2871 I WindowManager: finishDrawing of orientation change: Window{99cfa43 u0 SystemUIOverlay[StatusSurfaceLayer,KeyguardLayer,AodLayer,AodSurfaceLayer,TouchFilterLayer]} 470ms
08-26 18:12:40.499  1891  1927 W Looper  : Slow delivery took 278ms android.fg app=system_server main=false group=FOREGROUND h=android.os.Handler c=com.android.server.power.hint.HintManagerService$MyUidObserver$$ExternalSyntheticLambda0@ae5a02d m=0
08-26 18:12:40.511  1891  1927 V WindowManager: Sent Transition (#64225) createdAt=08-26 18:12:39.774 via request=TransitionRequestInfo { type = CHANGE, triggerTask = null, pipChange = null, remoteTransitionInfo = null, displayChanges = [DisplayChange { displayId = 0, startAbsBounds = null, endAbsBounds = null, endDisplayAreaInfo = null, startRotation = 0, endRotation = 1, physicalDisplayChanged = false, disconnectReparentDisplay = -1, endInsetsState = InsetsState: {mDisplayFrame=Rect(0, 0 - 480, 480), mDisplayCutout=DisplayCutout{insets=Rect(0, 0 - 0, 0) waterfall=Insets{left=0, top=0, right=0, bottom=0} boundingRect={Bounds=[Rect(0, 0 - 0, 0), Rect(0, 0 - 0, 0), Rect(0, 0 - 0, 0), Rect(0, 0 - 0, 0)]} cutoutPathParserInfo={CutoutPathParserInfo{displayWidth=0 displayHeight=0 physicalDisplayWidth=0 physicalDisplayHeight=0 density={0.0} cutoutSpec={} rotation={0} scale={0.0} physicalPixelDisplaySizeRatio={0.0}}} sideOverrides=null}, mRoundedCorners=RoundedCorners{[RoundedCorner{position=TopLeft, radius=240, center=Point(240, 240)}, RoundedCorner{position=TopRight, radius=240, center=Point(240, 240)}, RoundedCorner{position=BottomRight, radius=240, center=Point(240, 240)}, RoundedCorner{position=BottomLeft, radius=240, center=Point(240, 240)}]}  mRoundedCornerFrame=Rect(0, 0 - 0, 0), mPrivacyIndicatorBounds=PrivacyIndicatorBounds {static bounds=null rotation=1}, mDisplayShape=DisplayShape{type=2, displayWidth=480, displayHeight=480, physicalPixelDisplaySizeRatio=1.0, rotation=1, offsetX=0, offsetY=0, scale=1.0}, mSources= {  } }], requestedLocation = null, userChange = null, windowingLayerChange = null, fullscreenRequestChange = null, flags = 0, debugId = 64225 }
08-26 18:12:40.511  1891  1927 V WindowManager:     startWCT=WindowContainerTransaction { changes= {} hops= [] flags= 0 errorCallbackToken=null taskFragmentOrganizer=null }
08-26 18:12:40.512  1891  1927 V WindowManager:     info={id=64225 t=CHANGE f=0x40 trk=0 r=[0@Point(0, 0)] c=[
08-26 18:12:40.512  1891  1927 V WindowManager:         {m=CHANGE f=SHOW_WALLPAPER|TRANSLUCENT|FLAG_IS_SYSTEM_WINDOW p=WCT{RemoteToken{fb9a865 Display{#0 state=ON size=480x480 ROTATION_90}}} leash=Surface(name=WindowToken{58ce3f2 type=2040 android.os.BinderProxy@82ebafd}#63)/@0xe3fd6bf sb=Rect(0, 0 - 480, 480) eb=Rect(0, 0 - 480, 480) epz=Point(480, 480) d=0 r=0->1:-1},
08-26 18:12:40.512  1891  1927 V WindowManager:         {WCT{RemoteToken{6a6c18e Task{3d20f85 #2342 type=standard A=10046:sysui.charging}}} m=CHANGE f=NONE p=WCT{RemoteToken{898006a DefaultTaskDisplayArea@576384}} leash=Surface(name=Task=2342#43010)/@0xa4fc6bf sb=Rect(0, 0 - 480, 480) eb=Rect(0, 0 - 480, 480) epz=Point(480, 480) d=0 r=0->1:0 taskParent=-1 winMode=1 userId=0},
08-26 18:12:40.512  1891  1927 V WindowManager:         {WCT{RemoteToken{898006a DefaultTaskDisplayArea@576384}} m=CHANGE f=FLAG_IS_TASK_DISPLAY_AREA p=WCT{RemoteToken{fb9a865 Display{#0 state=ON size=480x480 ROTATION_90}}} leash=Surface(name=DefaultTaskDisplayArea#9)/@0xab56112 sb=Rect(0, 0 - 480, 480) eb=Rect(0, 0 - 480, 480) epz=Point(480, 480) d=0 r=0->1:-1},
08-26 18:12:40.512  1891  1927 V WindowManager:         {m=CHANGE f=IS_WALLPAPER p=WCT{RemoteToken{fb9a865 Display{#0 state=ON size=480x480 ROTATION_90}}} leash=Surface(name=WallpaperWindowToken{2fd5ba6}#32236)/@0xb7a7598 sb=Rect(0, 0 - 480, 480) eb=Rect(0, 0 - 480, 480) epz=Point(480, 480) d=0 r=0->1:-1},
08-26 18:12:40.512  1891  1927 V WindowManager:         {WCT{RemoteToken{fb9a865 Display{#0 state=ON size=480x480 ROTATION_90}}} m=CHANGE f=SHOW_WALLPAPER|IS_DISPLAY leash=Surface(name=WindowedMagnification:0:31#3)/@0x40fd990 sb=Rect(0, 0 - 480, 480) eb=Rect(0, 0 - 480, 480) epz=Point(480, 480) d=0 r=0->1:-1}
08-26 18:12:40.512  1891  1927 V WindowManager:     ]}
08-26 18:12:40.514  1891  1927 W Looper  : Drained
08-26 18:12:40.538  3050  3084 V WindowManagerShell: onTransitionReady(transaction=8121784293588)
08-26 18:12:40.540  3050  3151 V WindowManagerShell: onTransitionReady (#64225) android.os.BinderProxy@d66a9d8: {id=64225 t=CHANGE f=0x40 trk=0 r=[0@Point(0, 0)] c=[
08-26 18:12:40.540  3050  3151 V WindowManagerShell:         {m=CHANGE f=SHOW_WALLPAPER|TRANSLUCENT|FLAG_IS_SYSTEM_WINDOW p=WCT{android.os.BinderProxy@f38896} leash=Surface(name=WindowToken{58ce3f2 type=2040 android.os.BinderProxy@82ebafd}#63)/@0x1281823 sb=Rect(0, 0 - 480, 480) eb=Rect(0, 0 - 480, 480) epz=Point(480, 480) d=0 r=0->1:-1},
08-26 18:12:40.540  3050  3151 V WindowManagerShell:         {m=CHANGE f=NONE p=WCT{android.os.BinderProxy@172226f} leash=Surface(name=Task=2342#43010)/@0x37f2120 sb=Rect(0, 0 - 480, 480) eb=Rect(0, 0 - 480, 480) epz=Point(480, 480) d=0 r=0->1:0 taskParent=-1 winMode=1 userId=0},
08-26 18:12:40.540  3050  3151 V WindowManagerShell:         {m=CHANGE f=FLAG_IS_TASK_DISPLAY_AREA p=WCT{android.os.BinderProxy@f38896} leash=Surface(name=DefaultTaskDisplayArea#9)/@0x7f90ad9 sb=Rect(0, 0 - 480, 480) eb=Rect(0, 0 - 480, 480) epz=Point(480, 480) d=0 r=0->1:-1},
08-26 18:12:40.540  3050  3151 V WindowManagerShell:         {m=CHANGE f=IS_WALLPAPER p=WCT{android.os.BinderProxy@f38896} leash=Surface(name=WallpaperWindowToken{2fd5ba6}#32236)/@0x32dec9e sb=Rect(0, 0 - 480, 480) eb=Rect(0, 0 - 480, 480) epz=Point(480, 480) d=0 r=0->1:-1},
08-26 18:12:40.540  3050  3151 V WindowManagerShell:         {m=CHANGE f=SHOW_WALLPAPER|IS_DISPLAY leash=Surface(name=WindowedMagnification:0:31#3)/@0x8da137f sb=Rect(0, 0 - 480, 480) eb=Rect(0, 0 - 480, 480) epz=Point(480, 480) d=0 r=0->1:-1 snapshot=Surface(name=RotationLayer#43021)/@0xa052f4c}
08-26 18:12:40.540  3050  3151 V WindowManagerShell:     ]}
08-26 18:12:40.540  3050  3151 V WindowManagerShell: Playing animation for (#64225) android.os.BinderProxy@d66a9d8@0
08-26 18:12:40.547  3050  3151 V WindowManagerShell: start default transition animation, info = {id=64225 t=CHANGE f=0x40 trk=0 r=[0@Point(0, 0)] c=[{m=CHANGE f=SHOW_WALLPAPER|TRANSLUCENT|FLAG_IS_SYSTEM_WINDOW p=WCT{android.os.BinderProxy@f38896} leash=Surface(name=WindowToken{58ce3f2 type=2040 android.os.BinderProxy@82ebafd}#63)/@0x1281823 sb=Rect(0, 0 - 480, 480) eb=Rect(0, 0 - 480, 480) epz=Point(480, 480) d=0 r=0->1:-1},{m=CHANGE f=NONE p=WCT{android.os.BinderProxy@172226f} leash=Surface(name=Task=2342#43010)/@0x37f2120 sb=Rect(0, 0 - 480, 480) eb=Rect(0, 0 - 480, 480) epz=Point(480, 480) d=0 r=0->1:0 taskParent=-1 winMode=1 userId=0},{m=CHANGE f=FLAG_IS_TASK_DISPLAY_AREA p=WCT{android.os.BinderProxy@f38896} leash=Surface(name=DefaultTaskDisplayArea#9)/@0x7f90ad9 sb=Rect(0, 0 - 480, 480) eb=Rect(0, 0 - 480, 480) epz=Point(480, 480) d=0 r=0->1:-1},{m=CHANGE f=IS_WALLPAPER p=WCT{android.os.BinderProxy@f38896} leash=Surface(name=WallpaperWindowToken{2fd5ba6}#32236)/@0x32dec9e sb=Rect(0, 0 - 480, 480) eb=Rect(0, 0 - 480, 480) epz=Point(480, 480) d=0 r=0->1:-1},{m=CHANGE f=SHOW_WALLPAPER|IS_DISPLAY leash=Surface(name=WindowedMagnification:0:31#3)/@0x8da137f sb=Rect(0, 0 - 480, 480) eb=Rect(0, 0 - 480, 480) epz=Point(480, 480) d=0 r=0->1:-1 snapshot=Surface(name=RotationLayer#43021)/@0xa052f4c}]}
08-26 18:12:40.550  1891  3192 I Telecom : Factory: createRetry; type=TYPE_DOCK, address=null, retryCount=1
08-26 18:12:40.551  1891  3192 I Telecom : Factory: type: 2
08-26 18:12:40.558  3050  3151 V WindowManagerShell: Display is changing, resolve the animation hint.
08-26 18:12:40.559  3050  3151 V WindowManagerShell:   task 2342 isn't requesting seamless, so not seamless.
08-26 18:12:40.559  3050  3151 V WindowManagerShell:   wallpaper is participating but isn't seamless.
08-26 18:12:40.570  1891  1891 W Looper  : Slow dispatch took 151ms main app=system_server main=true group=FOREGROUND h=android.app.ActivityThread$H c=android.app.LoadedApk$ReceiverDispatcher$Args$$ExternalSyntheticLambda0@2f873b0 m=0
08-26 18:12:40.592  1891  2739 W ContextImpl: Calling a method in the system process without a qualified user: android.app.ContextImpl.sendStickyBroadcast:1775 com.android.server.wifi.ClientModeImpl.sendNetworkChangeBroadcast:3298 com.android.server.wifi.ClientModeImpl.lambda$sendNetworkChangeBroadcastWithCurrentState$16:3275 com.android.server.wifi.ClientModeImpl.$r8$lambda$Mjx94RT82nKyrzK5lEIlrXrNMhg:0 com.android.server.wifi.ClientModeImpl$$ExternalSyntheticLambda14.send:0 
08-26 18:12:40.611  1891  3948 I ActivityManager: Process com.google.android.apps.walletnfcrel (pid 14426) has died: cch  +55 CEM 
08-26 18:12:40.628  1891  3948 D ActivityManager: sync unfroze 24635 com.google.android.gms for 5
08-26 18:12:40.668  3050  3151 V WindowManagerShell:  animated by com.android.wm.shell.transition.DefaultTransitionHandler@3d4534f
08-26 18:12:40.669  1891  3166 I ActivityManager: Process com.google.android.apps.safetyhub (pid 7079) has died: cch  +45 CEM 
08-26 18:12:40.871   973   994 E NetlinkEvent: NetlinkEvent::FindParam(): Parameter 'INTERFACE' not found
08-26 18:12:40.875   973   994 E NetlinkEvent: NetlinkEvent::FindParam(): Parameter 'STATE' not found
08-26 18:12:40.875   973   994 E NetlinkEvent: NetlinkEvent::FindParam(): Parameter 'TIME_NS' not found
08-26 18:12:40.875   973   994 E NetlinkEvent: NetlinkEvent::FindParam(): Parameter 'UID' not found
08-26 18:12:40.897  1891  1930 D WearGestureService: updateGestureDetection. reason=focus changed to token android.os.BinderProxy@e1f18d7
08-26 18:12:40.897  1891  1930 D WearGestureService: Checking system actions for gesture actions: [1, 2]
08-26 18:12:40.897  1891  1930 W WearGestureService: Action not enabled for system action: 1
08-26 18:12:40.897  1891  1930 W WearGestureService: Action not enabled for system action: 2
08-26 18:12:40.897  1891  1930 D WearGestureService: updateGestureDetection: checked system actions {}
08-26 18:12:40.898  1891  1930 W WearGestureService: addValidSubscriptions: window token mismatch [actual=android.os.BinderProxy@8ae80ac vs wanted=android.os.BinderProxy@e1f18d7] for package com.google.android.deskclock and subscription ServiceForegroundGestureSubscription{action: 1, windowToken: android.os.BinderProxy@8ae80ac, displayMode: 1, wakeScreen: true}
08-26 18:12:40.898  1891  1930 D WearGestureService: updateGestureDetection: checked FG listeners {}
08-26 18:12:40.898  1891  1930 D WearGestureService: updateGestureDetection: checked BG listeners {}
08-26 18:12:40.898  1891  1930 D GestureEventProvider: setEnabled: {} supported: {1, 2, 5}
08-26 18:12:40.898  1891  1930 D WearGestureService: updateGestureDetection: enabledGesturesChanged=false
08-26 18:12:40.964  1891  1891 W Looper  : Slow dispatch took 334ms main app=system_server main=true group=FOREGROUND h=android.os.Handler c=null m=1
08-26 18:12:40.965  1891  1891 I Telecom : SystemStateHelper: EXIT_CAR_MODE_PRIORITIZED; priority=0, pkg=: SSH.oR@xA8
08-26 18:12:40.994  1891  1891 I Telecom : SystemStateHelper: Exiting carmode: SSH.oR@xA8
08-26 18:12:40.997  1891  2596 I ImeTracker: com.google.android.wearable.sysui:41da012b: onRequestHide at ORIGIN_SERVER reason HIDE_UNSPECIFIED_WINDOW fromUser false userId 0 displayId 0
08-26 18:12:40.998 30537 30537 D InsetsController: hide(ime())
08-26 18:12:40.998 30537 30537 I ImeTracker: com.google.android.wearable.sysui:41da012b: onCancelled at PHASE_CLIENT_ALREADY_HIDDEN
08-26 18:12:41.020  1891  1891 I Telecom : InCallController: handleCarModeChange: packageName=, priority=0, isCarMode=false: SSH.oR@xA8
08-26 18:12:41.023  3050  3151 V WindowManagerShell: Transition animation finished (aborted=false), notifying core (#64225) android.os.BinderProxy@d66a9d8@0
08-26 18:12:41.049  1891  1891 W Telecom : CarModeTracker: handleExitCarMode: not in car mode at priority 0 (apps=): SSH.oR@xA8
08-26 18:12:41.049  1891  1891 I Telecom : InCallController: updateCarModeForConnections: car mode apps: : SSH.oR@xA8
08-26 18:12:41.091  1891  1891 I Telecom : InCallController: update carmode current:UserHandle{0} parent:null: SSH.oR@xA8
08-26 18:12:41.092  1891  1891 W Looper  : Slow dispatch took 127ms main app=system_server main=true group=FOREGROUND h=android.app.ActivityThread$H c=android.app.LoadedApk$ReceiverDispatcher$Args$$ExternalSyntheticLambda0@b2b9a5e m=0
08-26 18:12:41.121  1891  3857 I UsbPortManager: AIDL UsbDataStatus:1
08-26 18:12:41.121  1891  3857 I UsbPortManager: ClientCallback AIDL V1: port0
08-26 18:12:41.122  1891  1927 V WindowManager: Finish Transition (#64225): created at 08-26 18:12:39.774 collect-started=0.609ms request-sent=0.691ms started=528.496ms ready=539.43ms sent=702.17ms commit=204.359ms finished=1331.478ms
08-26 18:12:41.151  1891  3444 I UsbPortManager: AIDL UsbDataStatus:1
08-26 18:12:41.152  1891  3444 I UsbPortManager: ClientCallback AIDL V1: port0
08-26 18:12:41.198  1891  2746 E SystemServiceRegistry: Manager wrapper not available: carrier_config
08-26 18:12:41.258  1891  1891 D WindowManager: Direct invocation of sendNewConfiguration: Display{#0 state=ON size=480x480 ROTATION_90}
08-26 18:12:41.260  3050  3151 V WindowManagerShell: Track 0 became idle
08-26 18:12:41.260  3050  3151 V WindowManagerShell: All active transition animations finished
08-26 18:12:41.264  1891  1927 W Looper  : Slow dispatch took 140ms android.fg app=system_server main=false group=FOREGROUND h=android.os.Handler c=com.android.server.am.SameProcessApplicationThread$$ExternalSyntheticLambda1@5a6d909 m=0
08-26 18:12:41.265  1891  1927 I UsbPortManager: USB port changed: port=UsbPort{id=port0, supportedModes=dual, audio_acc, supportedContaminantProtectionModes=0, supportsEnableContaminantPresenceProtection=false, supportsEnableContaminantPresenceDetection=false, supportsComplianceWarnings=false, supportsPartnerBc12Type=false, supportsPowerProfiles=false, status=UsbPortStatus{connected=false, currentMode=none, currentPowerRole=no-power, currentDataRole=no-data, supportedRoleCombinations=[no-power:no-data], contaminantDetectionStatus=0, contaminantProtectionStatus=0, usbDataStatus=enabled, isPowerTransferLimited=false, powerBrickConnectionStatus=unknown, complianceWarnings=[], plugState=0, displayPortAltModeInfo=null, bc12Type=Unknown,  mPortSinkPowerProfiles={} , mPortSourcePowerProfiles={} , mPartnerSinkPowerProfiles={} , mPartnerSourcePowerProfiles={} , mPortSinkPowerProfileMatches={} , mPortSourcePowerProfileMatches={}, canChangeMode=true, canChangePowerRole=false, canChangeDataRole=false, connectedAtMillis=0, lastConnectDurationMillis=2342
08-26 18:12:41.342  1891  1927 I UsbPortManager: USB port changed: port=UsbPort{id=port0, supportedModes=dual, audio_acc, supportedContaminantProtectionModes=0, supportsEnableContaminantPresenceProtection=false, supportsEnableContaminantPresenceDetection=false, supportsComplianceWarnings=false, supportsPartnerBc12Type=false, supportsPowerProfiles=false, status=UsbPortStatus{connected=true, currentMode=ufp, currentPowerRole=sink, currentDataRole=device, supportedRoleCombinations=[source:host, sink:device], contaminantDetectionStatus=0, contaminantProtectionStatus=0, usbDataStatus=enabled, isPowerTransferLimited=false, powerBrickConnectionStatus=unknown, complianceWarnings=[], plugState=0, displayPortAltModeInfo=null, bc12Type=Unknown,  mPortSinkPowerProfiles={} , mPortSourcePowerProfiles={} , mPartnerSinkPowerProfiles={} , mPartnerSourcePowerProfiles={} , mPortSinkPowerProfileMatches={} , mPortSourcePowerProfileMatches={}, canChangeMode=true, canChangePowerRole=false, canChangeDataRole=false, connectedAtMillis=5355166908, lastConnectDurationMillis=0
08-26 18:12:41.364  1891  2779 D TextToSpeechManagerPerUserService: Trying to start connection to TTS engine: com.google.android.tts
08-26 18:12:41.368  1891  2779 I AdbWifiNetworkMonitor: Wi-Fi network available
08-26 18:12:41.372  1891  2779 I AdbWifiNetworkMonitor: Connected to a Wi-Fi network {bssid=1c:7c:98:68:a9:6b, ssid="aterm-78c28c-a"}. Attempting to start adb over Wi-Fi.
08-26 18:12:41.464  1891  1891 W Looper  : Slow dispatch took 318ms main app=system_server main=true group=FOREGROUND h=android.app.ActivityThread$H c=android.app.LoadedApk$ReceiverDispatcher$Args$$ExternalSyntheticLambda0@c18ff7d m=0
08-26 18:12:41.498  1891  1927 W Looper  : Slow dispatch took 153ms android.fg app=system_server main=false group=FOREGROUND h=com.android.server.usb.UsbPortManager$1 c=com.android.server.usb.UsbPortManager$$ExternalSyntheticLambda1@c2b0e72 m=0
08-26 18:12:41.580  1891  2779 I AdbWifiNetworkMonitor: Wi-Fi network available
08-26 18:12:41.581  1891  2779 I AdbWifiNetworkMonitor: Received the same Wi-Fi SSID. Ignoring.
08-26 18:12:41.595  1891  1927 D AdbDebuggingManager: Network {bssid=1c:7c:98:68:a9:6b, ssid="aterm-78c28c-a"} is a trusted network
08-26 18:12:41.604  1891  1914 D CompatChangeReporter: Compat change id reported: 151861875; UID 10087; state: ENABLED
08-26 18:12:41.609  1891  1927 D AdbDebuggingManager: Expecting tls port from adbdauth
08-26 18:12:41.609  1891  1927 D AdbDebuggingManager: Send packet W1
08-26 18:12:41.615  1891  1927 W Looper  : Slow delivery took 214ms android.fg app=system_server main=false group=FOREGROUND h=com.android.server.adb.AdbDebuggingManager$AdbDebuggingHandler c=null m=32
08-26 18:12:41.642  1891  3954 D ActivityManager: sync unfroze 6531 com.fitbit.FitbitMobile for 6
08-26 18:12:41.653  1891 26776 D AdbDebuggingManager: Recv packet: RS
08-26 18:12:41.663  1891 26776 D AdbDebuggingManager: Recv packet: TP
08-26 18:12:41.667  1891 26776 D AdbDebuggingManager: Received tls port=44599
08-26 18:12:41.669  1891  1927 I AdbDebuggingManager: Registering service 'adb-5A211WRBNW414R-etOlj6._adb-tls-connect._tcp:44599' with Framework
08-26 18:12:41.682  1891  1927 D AdbDebuggingManager: Acquired multicast lock
08-26 18:12:41.796  1891  1927 W Looper  : Drained
08-26 18:12:41.837  1891  2459 W ActivityManager: Slow operation: 232ms so far, now at startProcess: returned from zygote!
08-26 18:12:41.842  1891  1891 W Looper  : Slow dispatch took 209ms main app=system_server main=true group=FOREGROUND h=android.os.Handler c=com.android.internal.infra.ServiceConnector$Impl$$ExternalSyntheticLambda2@2998ec m=0
08-26 18:12:41.848  1891  2459 W ActivityManager: Slow operation: 243ms so far, now at startProcess: done updating battery stats
08-26 18:12:41.848  1891  2459 W ActivityManager: Slow operation: 244ms so far, now at startProcess: building log message
08-26 18:12:41.848  1891  2459 I ActivityManager: Start proc 17267:com.google.android.wearable.protolayout.renderer/u0a87 for bound-service {com.google.android.wearable.protolayout.renderer/com.google.android.clockwork.prototiles.renderer.service.ProtoTilesRelayService}
08-26 18:12:41.849  1891  2459 W ActivityManager: Slow operation: 244ms so far, now at startProcess: starting to update pids map
08-26 18:12:41.849  1891  2459 W ActivityManager: Slow operation: 244ms so far, now at startProcess: done updating pids map
08-26 18:12:41.852  1891  1891 I Sandman : Activating dream while docked.
08-26 18:12:41.852  1891  1891 D WearPower: Delegated wake request dropped: UID not eligible: 1000
08-26 18:12:41.858  1891  1891 I PowerGroup: Napping power group (groupId=0, uid=1000)...
08-26 18:12:41.859  1891  1891 I PowerGroup: dreamManagerAttemptedDozing status changed to false for group 0
08-26 18:12:41.860  1891  1891 I PowerManagerService: Nap time (uid 1000)...
08-26 18:12:41.861  1891  2482 D WearPower: Delegated wake request dropped: UID not eligible: 1000
08-26 18:12:41.861  1891  2482 I PowerGroup: Waking up power group from Dreaming (groupId=0, uid=1000, reason=WAKE_REASON_DREAM_FINISHED, details=android.server.power:DREAM_FINISHED)...
08-26 18:12:41.861  1891  2482 I PowerGroup: dreamManagerAttemptedDozing status changed to false for group 0
08-26 18:12:41.862  1891  2482 I PowerManagerService: Waking up from Dreaming (uid=1000, reason=WAKE_REASON_DREAM_FINISHED, details=android.server.power:DREAM_FINISHED)...
08-26 18:12:41.881  1891  1891 D TextToSpeechManagerPerUserService: Connected successfully to TTS engine: com.google.android.tts
08-26 18:12:41.882  1891  1891 I UsbService: Broadcast ACTION_USB_PORT_CHANGED received, setting USB data signal to true
08-26 18:12:41.882  1891  1891 I UsbService: Broadcast ACTION_USB_PORT_CHANGED received, setting USB data signal to true
08-26 18:12:42.369  1891  1891 W Looper  : Slow dispatch took 484ms main app=system_server main=true group=FOREGROUND h=com.android.server.power.Notifier$NotifierHandler c=com.android.server.power.Notifier$2@f3eb525 m=0
08-26 18:12:42.473  1891  2746 W ContextImpl: Calling a method in the system process without a qualified user: android.app.ContextImpl.sendStickyBroadcast:1775 android.net.connectivity.com.android.server.ConnectivityService.sendStickyBroadcast:4529 android.net.connectivity.com.android.server.ConnectivityService.sendLegacyNetworkBroadcast:13830 android.net.connectivity.com.android.server.ConnectivityService$LegacyTypeTracker.remove:1461 android.net.connectivity.com.android.server.ConnectivityService.updateLegacyTypeTrackerAndVpnLockdownForRematch:13287 
08-26 18:12:42.489  1891 14868 E BatteryStatsService: Invalid uid for waking bluetooth proxy packet: -1
08-26 18:12:42.575  1891  3857 W ActivityManager: Slow operation: 77ms so far, now at attachApplicationLocked: immediately after bindApplication
08-26 18:12:42.588  1891  3857 W ActivityManager: Slow operation: 90ms so far, now at attachApplicationLocked: after updateLruProcessLocked
08-26 18:12:42.604  1891  1927 W Looper  : Slow dispatch took 146ms android.fg app=system_server main=false group=FOREGROUND h=android.net.ConnectivityManager$CallbackHandler c=null m=2
08-26 18:12:42.626  1891  3857 W ActivityManager: Slow operation: 128ms so far, now at attachApplicationLocked: after updateOomAdjLocked
08-26 18:12:42.725  1891  2746 W ContextImpl: Calling a method in the system process without a qualified user: android.app.ContextImpl.sendStickyBroadcast:1775 android.net.connectivity.com.android.server.ConnectivityService.sendStickyBroadcast:4529 android.net.connectivity.com.android.server.ConnectivityService.sendGeneralBroadcast:4499 android.net.connectivity.com.android.server.ConnectivityService.sendConnectedBroadcast:4472 android.net.connectivity.com.android.server.ConnectivityService.sendLegacyNetworkBroadcast:13802 
08-26 18:12:42.756  1891  2843 E AppOps  : attributionTag  not declared in manifest of com.google.android.wearable.sysui
08-26 18:12:42.759  1891  5373 E AppOps  : attributionTag  not declared in manifest of com.google.android.wearable.sysui
08-26 18:12:42.780  1891  2779 I AdbDebuggingManager: Registered service 'name: adb-5A211WRBNW414R-etOlj6, type: null, subtypes: , hostAddresses: , hostname: Android_THGD7HDA, port: 0, network: null, expirationTime: null, txtRecord: {}'
08-26 18:12:42.793  1891  1891 W Looper  : Slow dispatch took 422ms main app=system_server main=true group=FOREGROUND h=com.android.server.power.Notifier$NotifierHandler c=com.android.server.power.Notifier$2@b850f20 m=0
08-26 18:12:42.983  1891  1927 W Looper  : Slow dispatch took 201ms android.fg app=system_server main=false group=FOREGROUND h=com.android.server.adb.AdbDebuggingManager$AdbDebuggingHandler c=null m=34
08-26 18:12:42.987  3703  3705 I vendor.google.wifi_ext-service-vendor-lazy: Wifi: Setting SAR Scenario to 3
08-26 18:12:43.004  1891 26776 D AdbDebuggingManager: Recv packet: WE
08-26 18:12:43.007  1891  1927 W Looper  : Slow delivery took 223ms android.fg app=system_server main=false group=FOREGROUND h=android.os.Handler c=com.android.server.power.hint.HintManagerService$MyUidObserver$$ExternalSyntheticLambda0@1bba06f m=0
08-26 18:12:43.018  1891 26776 D AdbDebuggingManager: Received WIFI TLS connected key message: QAAAACF9ElcfuZbn880kiQLLjWsa8r8Ve1QbxXyu0j/Acy+7OxcKdp8XfZ9b/jqBkyWAYT+2KblDv6uFjhgiEUVUj8ADdyAame8lOL4qoW+bQAkDgKAieDBs5EbrFJNNmjnGPeteGyAoVCcEoKASMle3raKXap6HXUfJf+WU9cy/OUDTViJqIlbkWgB7bNFfswDPb4t08pKFBBFc8LFnJ17hHsuFIt2U5WYk53353dnwcx/kY3G7dRKdlH83fkkgFENcBJXaEuU+dw3eoQboQD0krktvLvywJdeK9KFWUpPTPvTSbOUxu9i/ok+0ImWIUTb1EPuhupGABEGuGRjm7gx7KpLomkrhAYcmq9pckKou5jJFToTwJRfyYX1+QVoO3+vab71zocn92ghhIh3QGSmKq3RTZpJ+SiMu5w9swhNmtMroh62xcq4iDfbeCFPght93MNbQCzZQ2Ep/RtVEPVPo08dE1cQI8o6u5ZULRI5P+VX+9zpUl7yOvllEF1I2TiEr8QMQOwq+1SLzetzegjFDxlQ4obDNLr5y6LSxKotjr1jLHk4JQ11add3LuPAuBzHnqhmke25WmhA1sgXLDjhRx2pSQfJDAF/YIWEUJgYgHH/i3Yt1FhVBGG84WLd8QbbOGTWUHY9cs2n649dENsnmqN2vzs8gd1NTvbeiUMFFgE0TWOaXLQEAAQA= tadashi@development-server
08-26 18:12:43.156  1891  1927 W PermissionService: getPermissionFlags: Unknown user -1
08-26 18:12:43.156  1891  1927 W PermissionService: getPermissionFlags: Unknown user -1
08-26 18:12:43.245  1891  1927 W Looper  : Drained
08-26 18:12:43.274  1891  1927 W Looper  : Slow dispatch took 220ms android.fg app=system_server main=false group=FOREGROUND h=com.android.server.adb.AdbDebuggingManager$AdbDebuggingHandler c=null m=22
08-26 18:12:43.278  1891  1927 W Looper  : Slow delivery took 255ms android.fg app=system_server main=false group=FOREGROUND h=android.os.Handler c=com.android.server.am.SameProcessApplicationThread$$ExternalSyntheticLambda1@f989ab2 m=0
08-26 18:12:43.303  1891  5373 I ActivityManager: Process jp.naver.line.android (pid 12852) has died: cch  +85 CEM 
08-26 18:12:43.452  1891  1891 D TextToSpeechManagerPerUserService: Unbinding TTS engine: com.google.android.tts. Reason: client disconnection request
08-26 18:12:43.453  1891  1891 W Looper  : Slow dispatch took 534ms main app=system_server main=true group=FOREGROUND h=android.os.AsyncTask$InternalHandler c=null m=1
08-26 18:12:43.486  1891  2454 W ActivityManager: Slow operation: 83ms so far, now at finishAttachApplicationInner: after mServices.attachApplicationLocked
08-26 18:12:43.488  1891  1927 W Looper  : Drained
08-26 18:12:43.502  1891  2454 W ActivityManager: Slow operation: 99ms so far, now at finishAttachApplicationInner: after dispatching broadcasts
08-26 18:12:43.585  1891  2779 I AdbWifiNetworkMonitor: Wi-Fi network available
08-26 18:12:43.588  1891  2779 I AdbWifiNetworkMonitor: Received the same Wi-Fi SSID. Ignoring.
08-26 18:12:43.631  1891  1891 W TextToSpeechManagerPerUserService: Disconnected from TTS engine
08-26 18:12:43.694  1891  1891 V NotificationHistory: Attempted to add notif for locked/gone/disabled user 0
08-26 18:12:43.725  1891  1891 W Looper  : Drained
08-26 18:12:43.890  1891  3179 D ActivityManager: sync unfroze 16781 com.google.android.gms.unstable for 10
08-26 18:12:44.231  1891  5373 D ActivityManager: sync unfroze 12836 com.google.android.dialer for 6
08-26 18:12:44.572  1891  3165 I ActivityManager: Process com.google.android.permissioncontroller (pid 14849) has died: cch  +65 CEM 
08-26 18:12:44.675  1891  3952 I ActivityManager: Process com.android.vending (pid 16856) has died: cch  +55 CEM 
08-26 18:12:44.764  1891  2779 I AdbWifiNetworkMonitor: Wi-Fi network available
08-26 18:12:44.765  1891  2779 I AdbWifiNetworkMonitor: Received the same Wi-Fi SSID. Ignoring.
08-26 18:12:45.106  1891  5373 I PackageManager: getInstalledPackages: callingUid=10061 flags=0 updatedFlags=786432 userId=0
08-26 18:12:45.511  1891  1891 W ProcessStats: Tracking association SourceState{ab5d364 system/1000 BFgs #938865} whose proc state 4 is better than process ProcessState{cea20d6 com.google.android.wearable.watchface.rwf/10107 pkg=com.google.android.wearable.watchface.rwf} proc state 5 (44 skipped)
08-26 18:12:45.611  1891  2459 I ActivityManager: Start proc 17327:com.google.android.apps.safetyhub/u0a55 for bound-service {com.google.android.apps.safetyhub/androidx.work.impl.background.systemjob.SystemJobService}
08-26 18:12:46.022  1891  3165 I PackageManager: getInstalledPackages: callingUid=10108 flags=128 updatedFlags=786560 userId=0
08-26 18:12:46.102  1891  3165 E AppOps  : attributionTag UwbCountryCode not declared in manifest of android
08-26 18:12:46.531  1891  2583 D ActivityManager: freezing 29534 com.google.android.apps.messaging
08-26 18:12:46.674 25076 25192 D ActivityThread: Too many transaction errors, throttling transaction error callback.
08-26 18:12:46.724  2888 17348 W ContextImpl: Calling a method in the system process without a qualified user: android.app.ContextImpl.bindService:2168 android.content.ContextWrapper.bindService:906 com.google.android.gms.wearable.zzz.dispatchMessageTraced:45 com.google.android.gms.libs.punchclock.threads.TracingHandler.dispatchMessage:0 android.os.Looper.loopOnce:296 
08-26 18:12:46.779  1891  2933 W ActivityManager: Skipping manifest association check for null package. SourceUid: -1, SourcePkg: null, TargetUid: 10108, TargetPkg: com.google.android.gms
08-26 18:12:46.976  1891  3952 I PackageManager: getInstalledPackages: callingUid=10108 flags=0 updatedFlags=786432 userId=0
08-26 18:12:47.112  1891  2933 W JobScheduler: Job didn't exist in JobStore: c2dfa19 {androidx.work.systemjobscheduler} #u0a55/2660 #TikTokWorker#com.google.apps.tiktok.contrib.work.impl.WipeoutWorker#@androidx.work.systemjobscheduler@com.google.android.apps.safetyhub/androidx.work.impl.background.systemjob.SystemJobService
08-26 18:12:47.159  1891  3906 I PackageManager: getInstalledPackages: callingUid=10108 flags=128 updatedFlags=786560 userId=0
08-26 18:12:47.170  1891  1891 W JobScheduler: Job didn't exist in JobStore: fe6a4fa {androidx.work.systemjobscheduler} #u0a55/2706 #TikTokWorker#com.google.apps.tiktok.sync.impl.workmanager.SyncPeriodicWorker#@androidx.work.systemjobscheduler@com.google.android.apps.safetyhub/androidx.work.impl.background.systemjob.SystemJobService
08-26 18:12:47.280  1891  2458 W ActivityManager: Skipping manifest association check for null package. SourceUid: -1, SourcePkg: null, TargetUid: 10108, TargetPkg: com.google.android.gms
08-26 18:12:47.681  1891  3179 D ActivityManager: sync unfroze 16844 com.google.android.apps.weather for 6
08-26 18:12:48.176  1891  1891 D BackupManagerService: [UserID:0] Scheduling immediate backup pass
08-26 18:12:48.215  1891  1891 W JobScheduler: Job didn't exist in JobStore: c6f662a #1000/52417896 android/com.android.server.backup.KeyValueBackupJob
08-26 18:12:48.247  1891  2459 I ActivityManager: Start proc 17374:com.android.vending/u0a58 for bound-service {com.android.vending/com.google.android.finsky.scheduler.process.mainimpl.PhoneskyJobServiceMain}
08-26 18:12:48.287  1891  3952 W ActivityManager: Skipping manifest association check for null package. SourceUid: -1, SourcePkg: null, TargetUid: 10108, TargetPkg: com.google.android.gms
08-26 18:12:48.347  1891  1891 I TransportConnection: BackupTransportService#14828: Notifying [BH/MSG_RUN_BACKUP] transport = BackupTransportClient
08-26 18:12:48.360  1891  3906 D BackupTransportManager: [UserID:0] Transport com.google.android.gms/.backup.BackupTransportService updated its attributes
08-26 18:12:48.363  1891  3787 D BackupManagerService: Running a backup pass
08-26 18:12:48.363  1891  3787 D BackupManagerConstants: wakelock timeout: 1800000
08-26 18:12:48.367  1891  3787 D BackupManagerService: [UserID:0] Acquired wakelock:*backup*-0-3787
08-26 18:12:48.367  1891  3787 D BackupManagerService: clearing pending backups
08-26 18:12:48.412  1891  3787 D KeyValueBackupTask: Spinning thread key-value-backup-120
08-26 18:12:48.428  1891 17385 D PFTBT   : backupmanager pftbt token=2d817210
08-26 18:12:48.428  1891 17385 D KeyValueBackupTask: Beginning backup of 5 targets
08-26 18:12:48.470  1891 17385 D KeyValueBackupTask: Starting key-value backup of @pm@
08-26 18:12:48.470  1891 17385 I PackageManager: getInstalledPackages: callingUid=1000 flags=134217728 updatedFlags=135004160 userId=0
08-26 18:12:48.488  1891 17385 D KeyValueBackupTask: Invoking agent on @pm@
08-26 18:12:48.680  1891  3952 W ActivityManager: Skipping manifest association check for null package. SourceUid: -1, SourcePkg: null, TargetUid: 10108, TargetPkg: com.google.android.gms
08-26 18:12:48.878  1891  3906 D CompatChangeReporter: Compat change id reported: 311208629; UID 10087; state: ENABLED
08-26 18:12:49.035  1891  2583 D ActivityManager: freezing 4169 com.google.android.gm
08-26 18:12:50.054  1891  1891 I TransportConnection: BackupTransportService#14829: Notifying [AppBackupUtils.appIsRunningAndEligibleForBackupWithTransport] transport = BackupTransportClient
08-26 18:12:50.099  1891  3857 D ActivityManager: sync unfroze 29534 com.google.android.apps.messaging for 6
08-26 18:12:50.114  1891  3857 W JobScheduler: Job didn't exist in JobStore: 5c5d10b #u0a58/9229 com.android.vending/com.google.android.finsky.scheduler.process.mainimpl.PhoneskyJobServiceMain
08-26 18:12:50.150  1891  3952 I PackageManager: getInstalledPackages: callingUid=10058 flags=4496294080 updatedFlags=4497080512 userId=0
08-26 18:12:50.499  1891  2583 D ActivityManager: freezing 12836 com.google.android.dialer
08-26 18:12:50.508  1891  3952 W ActivityManager: Unable to start service Intent { act=com.google.android.gms.findmydevice.spot.service.locationreport.START xflg=0x4 pkg=com.google.android.gms } U=0: not found
08-26 18:12:50.526  1891  3952 W ActivityManager: Unbind failed: could not find connection for android.os.BinderProxy@3f48ae4
08-26 18:12:50.528  1891  2454 I PackageManager: getInstalledPackages: callingUid=10058 flags=1075838976 updatedFlags=1076625408 userId=0
08-26 18:12:50.863  1891  2933 I ActivityManager: Process com.google.android.gms (pid 24635) has died: vis BTOP
08-26 18:12:50.875  1891  1891 E TransportConnection: BackupTransportService#14828: Service disconnected: client UNUSABLE
08-26 18:12:50.879  1891  2933 W ActivityManager: Scheduling restart of crashed service com.google.android.gms/.chimera.GmsIntentOperationService in 10000ms for start-requested
08-26 18:12:50.881  1891  2933 W ActivityManager: Scheduling restart of crashed service com.google.android.gms/.chimera.GmsBoundBrokerService in 29996ms for connection
08-26 18:12:50.882  1891  2933 W ActivityManager: Scheduling restart of crashed service com.google.android.gms/.chimera.GmsInternalApiService in 49996ms for connection
08-26 18:12:50.882  1891  2933 W ActivityManager: Scheduling restart of crashed service com.google.android.gms/.auth.api.proxy.AuthService in 69996ms for connection
08-26 18:12:50.886 25076 25076 I ActivityThread: Removing dead content provider:android.content.ContentProviderProxy@1fe271e
08-26 18:12:50.887  1891  2933 W ActivityManager: Scheduling restart of crashed service com.google.android.gms/.backup.BackupTransportService in 89991ms for connection
08-26 18:12:50.903  1891  1891 E TransportConnection: BackupTransportService#14829: Service disconnected: client UNUSABLE
08-26 18:12:50.907  1891 17385 E KeyValueBackupTask: Error during PM metadata backup
08-26 18:12:50.907  1891 17385 E KeyValueBackupTask: com.android.server.backup.keyvalue.TaskException
08-26 18:12:50.907  1891 17385 E KeyValueBackupTask: 	at com.android.server.backup.keyvalue.KeyValueBackupTask.sendDataToTransport(go/retraceme 56cb9c0977ae9f67603f451f002522c463042b44293aaef01295dafee5e0332e:798)
08-26 18:12:50.907  1891 17385 E KeyValueBackupTask: 	at com.android.server.backup.keyvalue.KeyValueBackupTask.sendDataToTransport(go/retraceme 56cb9c0977ae9f67603f451f002522c463042b44293aaef01295dafee5e0332e:892)
08-26 18:12:50.907  1891 17385 E KeyValueBackupTask: 	at com.android.server.backup.keyvalue.KeyValueBackupTask.backupPm(go/retraceme 56cb9c0977ae9f67603f451f002522c463042b44293aaef01295dafee5e0332e:30)
08-26 18:12:50.907  1891 17385 E KeyValueBackupTask: 	at com.android.server.backup.keyvalue.KeyValueBackupTask.run(go/retraceme 56cb9c0977ae9f67603f451f002522c463042b44293aaef01295dafee5e0332e:48)
08-26 18:12:50.907  1891 17385 E KeyValueBackupTask: 	at java.lang.Thread.run(Thread.java:1572)
08-26 18:12:50.916  1891  3906 W BackupTransportClient: Failed to get result from transport:
08-26 18:12:50.916  1891  3906 W BackupTransportClient: java.util.concurrent.CancellationException
08-26 18:12:50.916  1891  3906 W BackupTransportClient: 	at java.util.concurrent.CompletableFuture.cancel(CompletableFuture.java:2498)
08-26 18:12:50.916  1891  3906 W BackupTransportClient: 	at com.android.internal.infra.AndroidFuture.cancel(AndroidFuture.java:153)
08-26 18:12:50.916  1891  3906 W BackupTransportClient: 	at com.android.server.backup.transport.BackupTransportClient.onBecomingUnusable(go/retraceme 56cb9c0977ae9f67603f451f002522c463042b44293aaef01295dafee5e0332e:86)
08-26 18:12:50.916  1891  3906 W BackupTransportClient: 	at com.android.server.backup.transport.TransportConnection$TransportConnectionMonitor.onServiceDisconnected(go/retraceme 56cb9c0977ae9f67603f451f002522c463042b44293aaef01295dafee5e0332e:33)
08-26 18:12:50.916  1891  3906 W BackupTransportClient: 	at android.app.LoadedApk$ServiceDispatcher.doDeath(LoadedApk.java:2473)
08-26 18:12:50.916  1891  3906 W BackupTransportClient: 	at android.app.LoadedApk$ServiceDispatcher$RunConnection.run(LoadedApk.java:2491)
08-26 18:12:50.916  1891  3906 W BackupTransportClient: 	at android.os.Handler.handleCallback(Handler.java:1095)
08-26 18:12:50.916  1891  3906 W BackupTransportClient: 	at android.os.Handler.dispatchMessageImpl(Handler.java:135)
08-26 18:12:50.916  1891  3906 W BackupTransportClient: 	at android.os.Handler.dispatchMessage(Handler.java:125)
08-26 18:12:50.916  1891  3906 W BackupTransportClient: 	at android.os.Looper.loopOnce(Looper.java:296)
08-26 18:12:50.916  1891  3906 W BackupTransportClient: 	at android.os.Looper.loop(Looper.java:397)
08-26 18:12:50.916  1891  3906 W BackupTransportClient: 	at com.android.server.SystemServer.main(go/retraceme 56cb9c0977ae9f67603f451f002522c463042b44293aaef01295dafee5e0332e:696)
08-26 18:12:50.916  1891  3906 W BackupTransportClient: 	at java.lang.reflect.Method.invoke(Native Method)
08-26 18:12:50.916  1891  3906 W BackupTransportClient: 	at com.android.internal.os.RuntimeInit$MethodAndArgsCaller.run(RuntimeInit.java:575)
08-26 18:12:50.916  1891  3906 W BackupTransportClient: 	at com.android.internal.os.ZygoteInit.main(ZygoteInit.java:917)
08-26 18:12:50.922  1891 17385 W TransportConnection: BackupTransportService#14828: [KVBT.revertTask()] Sync connect: UNUSABLE client
08-26 18:12:50.924  1891  2457 W ActivityManager: Rescheduling restart of crashed service com.google.android.gms/.chimera.GmsIntentOperationService in 29954ms for mem-pressure-event
08-26 18:12:50.924  1891  2457 W ActivityManager: Rescheduling restart of crashed service com.google.android.gms/.chimera.GmsBoundBrokerService in 69954ms for mem-pressure-event
08-26 18:12:50.924  1891  2457 W ActivityManager: Rescheduling restart of crashed service com.google.android.gms/.chimera.GmsInternalApiService in 109954ms for mem-pressure-event
08-26 18:12:50.924  1891  2457 W ActivityManager: Rescheduling restart of crashed service com.google.android.gms/.auth.api.proxy.AuthService in 149954ms for mem-pressure-event
08-26 18:12:50.926  1891 17385 E TransportConnection: BackupTransportService#14828: [KVBT.revertTask()] Transport connection failed
08-26 18:12:50.930  1891 17385 W KeyValueBackupTask: Unable to contact transport for recommended backoff: com.android.server.backup.transport.TransportNotAvailableException: Transport not available
08-26 18:12:50.930  1891 17385 D BackupManagerConstants: getKeyValueBackupIntervalMilliseconds(...) returns 43200000
08-26 18:12:50.930  1891 17385 D BackupManagerConstants: getKeyValueBackupFuzzMilliseconds(...) returns 600000
08-26 18:12:50.930  1891 17385 D BackupManagerConstants: getKeyValueBackupRequiredNetworkType(...) returns 1
08-26 18:12:50.930  1891 17385 D BackupManagerConstants: getKeyValueBackupRequireCharging(...) returns true
08-26 18:12:50.930  1891 17385 D KeyValueBackupJob: Scheduling k/v pass in 728 minutes
08-26 18:12:51.000  1891  2459 W ActivityManager: Slow operation: 59ms so far, now at startProcess: returned from zygote!
08-26 18:12:51.001  1891  2459 W ActivityManager: Slow operation: 60ms so far, now at startProcess: done updating battery stats
08-26 18:12:51.001  1891  2459 W ActivityManager: Slow operation: 61ms so far, now at startProcess: building log message
08-26 18:12:51.001  1891  2459 I ActivityManager: Start proc 17473:com.google.android.gms/u0a108 for bound-service {com.google.android.gms/com.google.android.gms.backup.BackupTransportService}
08-26 18:12:51.002  1891  2459 W ActivityManager: Slow operation: 61ms so far, now at startProcess: starting to update pids map
08-26 18:12:51.002  1891  2459 W ActivityManager: Slow operation: 61ms so far, now at startProcess: done updating pids map
08-26 18:12:51.098  1891  3856 W JobScheduler: Job didn't exist in JobStore: 5570e6b {androidx.work.systemjobscheduler} #u0a95/2310 #TikTokWorker#com.google.apps.tiktok.sync.impl.workmanager.SyncWorker#@androidx.work.systemjobscheduler@com.google.android.apps.messaging/androidx.work.impl.background.systemjob.SystemJobService
08-26 18:12:51.112  1891 17385 I KeyValueBackupTask: K/V backup pass finished
08-26 18:12:51.117  1891 17385 D BackupManagerService: [UserID:0] Released wakelock:*backup*-0-3787
08-26 18:12:51.862  1891  2482 I PowerGroup: Napping power group (groupId=0, uid=1000)...
08-26 18:12:51.863  1891  2482 I PowerGroup: dreamManagerAttemptedDozing status changed to false for group 0
08-26 18:12:51.863  1891  2482 I PowerManagerService: Nap time (uid 1000)...
08-26 18:12:51.876  1891  2482 V DisplayPowerController[0]: Brightness [0.0] reason changing to: 'automatic [ dim ]', previous reason: 'automatic'.
08-26 18:12:51.877  1891  2482 I DisplayPowerController[0]: BrightnessEvent: brt=0.0(0.0%), nits=-1.0, lux=2.31125, reason=automatic [ dim ], strat=AutomaticBrightnessStrategy, state=ON, stateReason=DEFAULT_POLICY, policy=DIM, flags=, initBrt=0.0013837232, rcmdBrt=0.0013837232, preBrt=NaN, preLux=-1.0, lastReadLux=2.31125, wasShortTermModelActive=false, autoBrightness=true (default), unclampedBrt=0.0013837232, hbmMax=0.266667, hbmMode=off, thrmMax=1.0, rbcStrength=50, powerFactor=0.5, physDisp=内蔵スクリーン(local:4630946417820806529), logicalId=0, slowChange=false, rampSpeed=0.0, colorTemp=NaN, thermalStatus=none
08-26 18:12:51.890  1891  2482 I PowerGroup: Powering off display group due to timeout (groupId= 0, uid= 1000, millisSinceLastUserActivity=10029, lastUserActivityEvent=other)...
08-26 18:12:51.899  1891  2482 I PowerManagerService: Going to sleep due to timeout (uid 1000, screenOffTimeout=10000, activityTimeoutWM=-1, maxDimRatio=0.20000005, maxDimDur=0)...
08-26 18:12:51.906  1891  2482 V DisplayPowerController[0]: Brightness [0.0013837232] reason changing to: 'automatic', previous reason: 'automatic [ dim ]'.
08-26 18:12:51.906  1891  2482 I DisplayPowerController[0]: BrightnessEvent: brt=0.0013837232(12.0%), nits=-1.0, lux=2.31125, reason=automatic, strat=AutomaticBrightnessStrategy, state=ON, stateReason=DEFAULT_POLICY, policy=BRIGHT, flags=, initBrt=0.0, rcmdBrt=0.0013837232, preBrt=NaN, preLux=-1.0, lastReadLux=2.31125, wasShortTermModelActive=false, autoBrightness=true (default), unclampedBrt=0.0013837232, hbmMax=0.266667, hbmMode=off, thrmMax=1.0, rbcStrength=50, powerFactor=0.5, physDisp=内蔵スクリーン(local:4630946417820806529), logicalId=0, slowChange=false, rampSpeed=0.0, colorTemp=NaN, thermalStatus=none
08-26 18:12:51.910  1891  2482 I PowerGroup: dreamManagerAttemptedDozing status changed to true for group 0
08-26 18:12:51.912  1891  2482 I DreamManagerService: Entering dreamland.
08-26 18:12:51.913  1891  2482 I PowerManagerService: Dozing...
08-26 18:12:51.915  1891  1927 I DreamController: Starting dream: name=ComponentInfo{com.google.android.apps.wearable.systemui/com.google.android.clockwork.systemui.ambient.AmbientDream}, isPreviewMode=false, canDoze=true, userId=0, reason='power manager request'
08-26 18:12:52.032  3050  3050 V DreamService[AmbientDream]: onBind() intent = Intent { act=android.service.dreams.DreamService flg=0x800000 xflg=0x4 cmp=com.google.android.apps.wearable.systemui/com.google.android.clockwork.systemui.ambient.AmbientDream (has extras) }
08-26 18:12:52.100  3050  3050 V DreamService[AmbientDream]: UpdateDoze mDozeScreenState=2 mDozeScreenBrightness=NaN
08-26 18:12:52.101  1891  3858 D DreamManagerService: Dream requested to start dozing: android.os.Binder@d587655, screenState=ON, reason=DEFAULT_POLICY, screenBrightness=NaN, useNormalBrightnessForDoze=false
08-26 18:12:52.102  1891  2482 I AutomaticBrightnessController: Switching to mode doze
08-26 18:12:52.103  1891  2482 I AutomaticBrightnessController: Resetting short term model
08-26 18:12:52.131  1891  2482 I DisplayBrightnessStrategySelector: Changing the DisplayBrightnessStrategy from AutomaticBrightnessStrategy to FallbackBrightnessStrategy for display 0
08-26 18:12:52.131  1891  2482 V DisplayPowerController[0]: Brightness [0.0013837232] reason changing to: 'manual', previous reason: 'automatic'.
08-26 18:12:52.131  1891  2482 I DisplayPowerController[0]: BrightnessEvent: brt=0.0013837232(12.0%), nits=-1.0, lux=-1.0, reason=manual, strat=FallbackBrightnessStrategy, state=ON, stateReason=DEFAULT_POLICY, policy=DOZE, flags=, initBrt=0.0013837232, rcmdBrt=NaN, preBrt=NaN, preLux=0.0, wasShortTermModelActive=false, autoBrightness=true (default), unclampedBrt=0.0013837232, hbmMax=0.266667, hbmMode=off, thrmMax=1.0, rbcStrength=50, powerFactor=0.5, physDisp=内蔵スクリーン(local:4630946417820806529), logicalId=0, slowChange=false, rampSpeed=0.0, colorTemp=NaN, thermalStatus=none
08-26 18:12:52.216  1891  2795 I MR2ServiceImpl: Updating composite discovery preference | preference: RouteDiscoveryRequest{ preferredFeatures={}, activeScan=false }, active routers: []
08-26 18:12:52.342  1891  2457 W ActivityManager: Rescheduling restart of crashed service com.google.android.gms/.chimera.GmsIntentOperationService in 8535ms for mem-pressure-event
08-26 18:12:52.344  1891  2457 W ActivityManager: Rescheduling restart of crashed service com.google.android.gms/.chimera.GmsBoundBrokerService in 28535ms for mem-pressure-event
08-26 18:12:52.344  1891  2457 W ActivityManager: Rescheduling restart of crashed service com.google.android.gms/.chimera.GmsInternalApiService in 48535ms for mem-pressure-event
08-26 18:12:52.344  1891  2457 W ActivityManager: Rescheduling restart of crashed service com.google.android.gms/.auth.api.proxy.AuthService in 68535ms for mem-pressure-event
08-26 18:12:52.404  3050  3050 V DreamService[AmbientDream]: UpdateDoze mDozeScreenState=3 mDozeScreenBrightness=NaN
08-26 18:12:52.407  1891  3166 D DreamManagerService: Dream requested to start dozing: android.os.Binder@d587655, screenState=DOZE, reason=DEFAULT_POLICY, screenBrightness=NaN, useNormalBrightnessForDoze=false
08-26 18:12:52.419  1891  2482 I DisplayPowerController[0]: BrightnessEvent: brt=0.0013837232(12.0%), nits=-1.0, lux=-1.0, reason=manual, strat=FallbackBrightnessStrategy, state=DOZE, stateReason=DEFAULT_POLICY, policy=DOZE, flags=, initBrt=0.0013837232, rcmdBrt=NaN, preBrt=NaN, preLux=0.0, wasShortTermModelActive=false, autoBrightness=true (default), unclampedBrt=0.0013837232, hbmMax=0.266667, hbmMode=off, thrmMax=1.0, rbcStrength=50, powerFactor=0.5, physDisp=内蔵スクリーン(local:4630946417820806529), logicalId=0, slowChange=false, rampSpeed=0.0, colorTemp=NaN, thermalStatus=none
08-26 18:12:52.443  1891  1930 I DisplayDeviceRepository: Display device changed state: "内蔵スクリーン", DOZE
08-26 18:12:52.444  1891  2482 D BrightnessThermalClamper: Thermal status observer already started
08-26 18:12:52.464  1891  1928 D WindowManager: DeferredDisplayUpdater: deferring DisplayInfo(480 x 480) update
08-26 18:12:52.464  1891  1928 D WindowManager: DeferredDisplayUpdater: applying DisplayInfo(480 x 480) after deferring
08-26 18:12:52.465  1891  1928 V WindowManager: Aborting Transition: 64226
08-26 18:12:52.490  1891  1891 D WearGestureService: setGestureDetectionTimeout timeout=-1
08-26 18:12:52.490  1891  1891 D WearGestureService: updateGestureDetection. reason=display changed to: DOZE at 368411511
08-26 18:12:52.493  1891  1891 D WearGestureService: Checking system actions for gesture actions: [1, 2]
08-26 18:12:52.493  1891  1891 W WearGestureService: Action not enabled for system action: 1
08-26 18:12:52.493  1891  1891 W WearGestureService: Action not enabled for system action: 2
08-26 18:12:52.493  1891  1891 D WearGestureService: updateGestureDetection: checked system actions {}
08-26 18:12:52.493  1891  1891 W WearGestureService: addValidSubscriptions: window token mismatch [actual=android.os.BinderProxy@8ae80ac vs wanted=android.os.BinderProxy@e1f18d7] for package com.google.android.deskclock and subscription ServiceForegroundGestureSubscription{action: 1, windowToken: android.os.BinderProxy@8ae80ac, displayMode: 1, wakeScreen: true}
08-26 18:12:52.493  1891  1891 D WearGestureService: updateGestureDetection: checked FG listeners {}
08-26 18:12:52.493  1891  1891 D WearGestureService: updateGestureDetection: checked BG listeners {}
08-26 18:12:52.493  1891  1891 D GestureEventProvider: setEnabled: {} supported: {1, 2, 5}
08-26 18:12:52.493  1891  1891 D WearGestureService: updateGestureDetection: enabledGesturesChanged=false
08-26 18:12:52.503  1891  2814 I LocalDisplayAdapter: SF.setDisplayPowerMode took 77ms
08-26 18:12:52.699  1891  2583 D ActivityManager: freezing 17327 com.google.android.apps.safetyhub
08-26 18:12:52.825  1891  3166 W ActivityManager: Skipping manifest association check for null package. SourceUid: -1, SourcePkg: null, TargetUid: 10108, TargetPkg: com.google.android.gms
08-26 18:12:52.911  1891  1891 I TransportConnection: BackupTransportService#14830: Notifying [AppBackupUtils.appIsRunningAndEligibleForBackupWithTransport] transport = BackupTransportClient
08-26 18:12:53.046  1891  2843 D BackupTransportManager: [UserID:0] Transport com.google.android.gms/.backup.BackupTransportService updated its attributes
08-26 18:12:53.058  1891  3954 W ActivityManager: Skipping manifest association check for null package. SourceUid: -1, SourcePkg: null, TargetUid: 10108, TargetPkg: com.google.android.gms
08-26 18:12:53.068  1891  1891 I TransportConnection: BackupTransportService#14831: Notifying [AppBackupUtils.appIsRunningAndEligibleForBackupWithTransport] transport = BackupTransportClient
08-26 18:12:53.098  1891  3848 D BackupTransportManager: [UserID:0] Transport com.google.android.gms/.backup.BackupTransportService updated its attributes
08-26 18:12:53.106  1891  3166 W ActivityManager: Skipping manifest association check for null package. SourceUid: -1, SourcePkg: null, TargetUid: 10108, TargetPkg: com.google.android.gms
08-26 18:12:53.116  1891  1891 I TransportConnection: BackupTransportService#14833: Notifying [AppBackupUtils.appIsRunningAndEligibleForBackupWithTransport] transport = BackupTransportClient
08-26 18:12:53.119  1891  3166 D BackupTransportManager: [UserID:0] Transport com.google.android.gms/.backup.BackupTransportService updated its attributes
08-26 18:12:53.143  1891  3166 W ActivityManager: Skipping manifest association check for null package. SourceUid: -1, SourcePkg: null, TargetUid: 10108, TargetPkg: com.google.android.gms
08-26 18:12:53.156  1891  1891 I TransportConnection: BackupTransportService#14834: Notifying [AppBackupUtils.appIsRunningAndEligibleForBackupWithTransport] transport = BackupTransportClient
08-26 18:12:53.160  1891  3954 D BackupTransportManager: [UserID:0] Transport com.google.android.gms/.backup.BackupTransportService updated its attributes
08-26 18:12:53.171  1891  3848 W ActivityManager: Skipping manifest association check for null package. SourceUid: -1, SourcePkg: null, TargetUid: 10108, TargetPkg: com.google.android.gms
08-26 18:12:53.174  1891  2583 D ActivityManager: freezing 16844 com.google.android.apps.weather
08-26 18:12:53.181  1891  1891 I TransportConnection: BackupTransportService#14835: Notifying [AppBackupUtils.appIsRunningAndEligibleForBackupWithTransport] transport = BackupTransportClient
08-26 18:12:53.183  1891  3848 D BackupTransportManager: [UserID:0] Transport com.google.android.gms/.backup.BackupTransportService updated its attributes
08-26 18:12:53.199  1891  2933 W ActivityManager: Skipping manifest association check for null package. SourceUid: -1, SourcePkg: null, TargetUid: 10108, TargetPkg: com.google.android.gms
08-26 18:12:53.208  1891  1891 I TransportConnection: BackupTransportService#14838: Notifying [AppBackupUtils.appIsRunningAndEligibleForBackupWithTransport] transport = BackupTransportClient
08-26 18:12:53.215  1891  3166 D BackupTransportManager: [UserID:0] Transport com.google.android.gms/.backup.BackupTransportService updated its attributes
08-26 18:12:53.225  1891  2933 W ActivityManager: Skipping manifest association check for null package. SourceUid: -1, SourcePkg: null, TargetUid: 10108, TargetPkg: com.google.android.gms
08-26 18:12:53.236  1891  1891 I TransportConnection: BackupTransportService#14839: Notifying [AppBackupUtils.appIsRunningAndEligibleForBackupWithTransport] transport = BackupTransportClient
08-26 18:12:53.239  1891  2454 D BackupTransportManager: [UserID:0] Transport com.google.android.gms/.backup.BackupTransportService updated its attributes
08-26 18:12:53.253  1891  2454 W ActivityManager: Skipping manifest association check for null package. SourceUid: -1, SourcePkg: null, TargetUid: 10108, TargetPkg: com.google.android.gms
08-26 18:12:53.267  1891  1891 I TransportConnection: BackupTransportService#14841: Notifying [AppBackupUtils.appIsRunningAndEligibleForBackupWithTransport] transport = BackupTransportClient
08-26 18:12:53.272  1891  2454 D BackupTransportManager: [UserID:0] Transport com.google.android.gms/.backup.BackupTransportService updated its attributes
08-26 18:12:53.285  1891  2933 W ActivityManager: Skipping manifest association check for null package. SourceUid: -1, SourcePkg: null, TargetUid: 10108, TargetPkg: com.google.android.gms
08-26 18:12:53.293  1891  1891 I TransportConnection: BackupTransportService#14842: Notifying [AppBackupUtils.appIsRunningAndEligibleForBackupWithTransport] transport = BackupTransportClient
08-26 18:12:53.297  1891  3443 D BackupTransportManager: [UserID:0] Transport com.google.android.gms/.backup.BackupTransportService updated its attributes
08-26 18:12:53.314  1891  3954 W ActivityManager: Skipping manifest association check for null package. SourceUid: -1, SourcePkg: null, TargetUid: 10108, TargetPkg: com.google.android.gms
08-26 18:12:53.326  1891  2458 W ActivityManager: Skipping manifest association check for null package. SourceUid: -1, SourcePkg: null, TargetUid: 10108, TargetPkg: com.google.android.gms
08-26 18:12:53.327  1891  2458 W ActivityManager: Skipping manifest association check for null package. SourceUid: -1, SourcePkg: null, TargetUid: 10108, TargetPkg: com.google.android.gms
08-26 18:12:53.327  1891  2458 W ActivityManager: Skipping manifest association check for null package. SourceUid: -1, SourcePkg: null, TargetUid: 10108, TargetPkg: com.google.android.gms
08-26 18:12:53.328  1891  2458 W ActivityManager: Skipping manifest association check for null package. SourceUid: -1, SourcePkg: null, TargetUid: 10108, TargetPkg: com.google.android.gms
08-26 18:12:53.330  1891  2458 W ActivityManager: Skipping manifest association check for null package. SourceUid: -1, SourcePkg: null, TargetUid: 10108, TargetPkg: com.google.android.gms
08-26 18:12:53.330  1891  1891 I TransportConnection: BackupTransportService#14843: Notifying [AppBackupUtils.appIsRunningAndEligibleForBackupWithTransport] transport = BackupTransportClient
08-26 18:12:53.331  1891  3443 D BackupTransportManager: [UserID:0] Transport com.google.android.gms/.backup.BackupTransportService updated its attributes
08-26 18:12:53.332  1891  2458 W ActivityManager: Skipping manifest association check for null package. SourceUid: -1, SourcePkg: null, TargetUid: 10108, TargetPkg: com.google.android.gms
08-26 18:12:53.332  1891  2458 W ActivityManager: Skipping manifest association check for null package. SourceUid: -1, SourcePkg: null, TargetUid: 10108, TargetPkg: com.google.android.gms
08-26 18:12:53.334  1891  2458 W ActivityManager: Skipping manifest association check for null package. SourceUid: -1, SourcePkg: null, TargetUid: 10108, TargetPkg: com.google.android.gms
08-26 18:12:53.346  1891  2454 W ActivityManager: Skipping manifest association check for null package. SourceUid: -1, SourcePkg: null, TargetUid: 10108, TargetPkg: com.google.android.gms
08-26 18:12:53.356  1891  1891 I TransportConnection: BackupTransportService#14844: Notifying [AppBackupUtils.appIsRunningAndEligibleForBackupWithTransport] transport = BackupTransportClient
08-26 18:12:53.358  1891  3954 D BackupTransportManager: [UserID:0] Transport com.google.android.gms/.backup.BackupTransportService updated its attributes
08-26 18:12:53.370  1891  3954 W ActivityManager: Skipping manifest association check for null package. SourceUid: -1, SourcePkg: null, TargetUid: 10108, TargetPkg: com.google.android.gms
08-26 18:12:53.381  1891  1891 I TransportConnection: BackupTransportService#14845: Notifying [AppBackupUtils.appIsRunningAndEligibleForBackupWithTransport] transport = BackupTransportClient
08-26 18:12:53.387  1891  2933 D BackupTransportManager: [UserID:0] Transport com.google.android.gms/.backup.BackupTransportService updated its attributes
08-26 18:12:53.397  1891  2933 W ActivityManager: Skipping manifest association check for null package. SourceUid: -1, SourcePkg: null, TargetUid: 10108, TargetPkg: com.google.android.gms
08-26 18:12:53.409  1891  1891 I TransportConnection: BackupTransportService#14846: Notifying [AppBackupUtils.appIsRunningAndEligibleForBackupWithTransport] transport = BackupTransportClient
08-26 18:12:53.412  1891  3954 D BackupTransportManager: [UserID:0] Transport com.google.android.gms/.backup.BackupTransportService updated its attributes
08-26 18:12:53.426  1891  3954 W ActivityManager: Skipping manifest association check for null package. SourceUid: -1, SourcePkg: null, TargetUid: 10108, TargetPkg: com.google.android.gms
08-26 18:12:53.435  1891  1891 I TransportConnection: BackupTransportService#14848: Notifying [AppBackupUtils.appIsRunningAndEligibleForBackupWithTransport] transport = BackupTransportClient
08-26 18:12:53.441  1891  3848 D BackupTransportManager: [UserID:0] Transport com.google.android.gms/.backup.BackupTransportService updated its attributes
08-26 18:12:53.462  1891  2454 W ActivityManager: Skipping manifest association check for null package. SourceUid: -1, SourcePkg: null, TargetUid: 10108, TargetPkg: com.google.android.gms
08-26 18:12:53.472  1891  1891 I TransportConnection: BackupTransportService#14850: Notifying [AppBackupUtils.appIsRunningAndEligibleForBackupWithTransport] transport = BackupTransportClient
08-26 18:12:53.476  1891  2454 D BackupTransportManager: [UserID:0] Transport com.google.android.gms/.backup.BackupTransportService updated its attributes
08-26 18:12:53.488  1891  3848 W ActivityManager: Skipping manifest association check for null package. SourceUid: -1, SourcePkg: null, TargetUid: 10108, TargetPkg: com.google.android.gms
08-26 18:12:53.499  1891  1891 I TransportConnection: BackupTransportService#14851: Notifying [AppBackupUtils.appIsRunningAndEligibleForBackupWithTransport] transport = BackupTransportClient
08-26 18:12:53.502  1891  3166 D BackupTransportManager: [UserID:0] Transport com.google.android.gms/.backup.BackupTransportService updated its attributes
08-26 18:12:53.515  1891  3166 W ActivityManager: Skipping manifest association check for null package. SourceUid: -1, SourcePkg: null, TargetUid: 10108, TargetPkg: com.google.android.gms
08-26 18:12:53.523  1891  1891 I TransportConnection: BackupTransportService#14852: Notifying [AppBackupUtils.appIsRunningAndEligibleForBackupWithTransport] transport = BackupTransportClient
08-26 18:12:53.527  1891  3166 D BackupTransportManager: [UserID:0] Transport com.google.android.gms/.backup.BackupTransportService updated its attributes
08-26 18:12:53.536  1891  3166 W ActivityManager: Skipping manifest association check for null package. SourceUid: -1, SourcePkg: null, TargetUid: 10108, TargetPkg: com.google.android.gms
08-26 18:12:53.545  1891  1891 I TransportConnection: BackupTransportService#14853: Notifying [AppBackupUtils.appIsRunningAndEligibleForBackupWithTransport] transport = BackupTransportClient
08-26 18:12:53.549  1891  2454 D BackupTransportManager: [UserID:0] Transport com.google.android.gms/.backup.BackupTransportService updated its attributes
08-26 18:12:53.565  1891  3443 W ActivityManager: Skipping manifest association check for null package. SourceUid: -1, SourcePkg: null, TargetUid: 10108, TargetPkg: com.google.android.gms
08-26 18:12:53.575  1891  1891 I TransportConnection: BackupTransportService#14856: Notifying [AppBackupUtils.appIsRunningAndEligibleForBackupWithTransport] transport = BackupTransportClient
08-26 18:12:53.579  1891  3443 D BackupTransportManager: [UserID:0] Transport com.google.android.gms/.backup.BackupTransportService updated its attributes
08-26 18:12:53.588  1891  3443 W ActivityManager: Skipping manifest association check for null package. SourceUid: -1, SourcePkg: null, TargetUid: 10108, TargetPkg: com.google.android.gms
08-26 18:12:53.603  1891  1891 I TransportConnection: BackupTransportService#14857: Notifying [AppBackupUtils.appIsRunningAndEligibleForBackupWithTransport] transport = BackupTransportClient
08-26 18:12:53.603  1891  3443 D BackupTransportManager: [UserID:0] Transport com.google.android.gms/.backup.BackupTransportService updated its attributes
08-26 18:12:53.619  1891  3443 W ActivityManager: Skipping manifest association check for null package. SourceUid: -1, SourcePkg: null, TargetUid: 10108, TargetPkg: com.google.android.gms
08-26 18:12:53.628  1891  1891 I TransportConnection: BackupTransportService#14858: Notifying [AppBackupUtils.appIsRunningAndEligibleForBackupWithTransport] transport = BackupTransportClient
08-26 18:12:53.639  1891  3443 D BackupTransportManager: [UserID:0] Transport com.google.android.gms/.backup.BackupTransportService updated its attributes
08-26 18:12:53.657  1891  3166 W ActivityManager: Skipping manifest association check for null package. SourceUid: -1, SourcePkg: null, TargetUid: 10108, TargetPkg: com.google.android.gms
08-26 18:12:53.666  1891  1891 I TransportConnection: BackupTransportService#14860: Notifying [AppBackupUtils.appIsRunningAndEligibleForBackupWithTransport] transport = BackupTransportClient
08-26 18:12:53.678  1891  3443 D BackupTransportManager: [UserID:0] Transport com.google.android.gms/.backup.BackupTransportService updated its attributes
08-26 18:12:53.691  1891  3166 W ActivityManager: Skipping manifest association check for null package. SourceUid: -1, SourcePkg: null, TargetUid: 10108, TargetPkg: com.google.android.gms
08-26 18:12:53.701  1891  1891 I TransportConnection: BackupTransportService#14861: Notifying [AppBackupUtils.appIsRunningAndEligibleForBackupWithTransport] transport = BackupTransportClient
08-26 18:12:53.715  1891  2933 D BackupTransportManager: [UserID:0] Transport com.google.android.gms/.backup.BackupTransportService updated its attributes
08-26 18:12:53.727  1891  3443 W ActivityManager: Skipping manifest association check for null package. SourceUid: -1, SourcePkg: null, TargetUid: 10108, TargetPkg: com.google.android.gms
08-26 18:12:53.738  1891  1891 I TransportConnection: BackupTransportService#14862: Notifying [AppBackupUtils.appIsRunningAndEligibleForBackupWithTransport] transport = BackupTransportClient
08-26 18:12:53.746  1891  3166 D BackupTransportManager: [UserID:0] Transport com.google.android.gms/.backup.BackupTransportService updated its attributes
08-26 18:12:53.768  1891  3166 W ActivityManager: Skipping manifest association check for null package. SourceUid: -1, SourcePkg: null, TargetUid: 10108, TargetPkg: com.google.android.gms
08-26 18:12:53.781  1891  1891 I TransportConnection: BackupTransportService#14863: Notifying [AppBackupUtils.appIsRunningAndEligibleForBackupWithTransport] transport = BackupTransportClient
08-26 18:12:53.785  1891  2458 W ActivityManager: Skipping manifest association check for null package. SourceUid: -1, SourcePkg: null, TargetUid: 10108, TargetPkg: com.google.android.gms
08-26 18:12:53.786  1891  2458 W ActivityManager: Skipping manifest association check for null package. SourceUid: -1, SourcePkg: null, TargetUid: 10108, TargetPkg: com.google.android.gms
08-26 18:12:53.787  1891  2458 W ActivityManager: Skipping manifest association check for null package. SourceUid: -1, SourcePkg: null, TargetUid: 10108, TargetPkg: com.google.android.gms
08-26 18:12:53.788  1891  2458 W ActivityManager: Skipping manifest association check for null package. SourceUid: -1, SourcePkg: null, TargetUid: 10108, TargetPkg: com.google.android.gms
08-26 18:12:53.793  1891  2458 W ActivityManager: Skipping manifest association check for null package. SourceUid: -1, SourcePkg: null, TargetUid: 10108, TargetPkg: com.google.android.gms
08-26 18:12:53.794  1891  2458 W ActivityManager: Skipping manifest association check for null package. SourceUid: -1, SourcePkg: null, TargetUid: 10108, TargetPkg: com.google.android.gms
08-26 18:12:53.796  1891  3166 D BackupTransportManager: [UserID:0] Transport com.google.android.gms/.backup.BackupTransportService updated its attributes
08-26 18:12:53.797  1891  2458 W ActivityManager: Skipping manifest association check for null package. SourceUid: -1, SourcePkg: null, TargetUid: 10108, TargetPkg: com.google.android.gms
08-26 18:12:53.799  1891  2458 W ActivityManager: Skipping manifest association check for null package. SourceUid: -1, SourcePkg: null, TargetUid: 10108, TargetPkg: com.google.android.gms
08-26 18:12:53.817  1891  2933 W ActivityManager: Skipping manifest association check for null package. SourceUid: -1, SourcePkg: null, TargetUid: 10108, TargetPkg: com.google.android.gms
08-26 18:12:53.827  1891  1891 I TransportConnection: BackupTransportService#14864: Notifying [AppBackupUtils.appIsRunningAndEligibleForBackupWithTransport] transport = BackupTransportClient
08-26 18:12:53.834  1891  2933 D BackupTransportManager: [UserID:0] Transport com.google.android.gms/.backup.BackupTransportService updated its attributes
08-26 18:12:53.853  1891  3166 W ActivityManager: Skipping manifest association check for null package. SourceUid: -1, SourcePkg: null, TargetUid: 10108, TargetPkg: com.google.android.gms
08-26 18:12:53.871  1891  1891 I TransportConnection: BackupTransportService#14865: Notifying [AppBackupUtils.appIsRunningAndEligibleForBackupWithTransport] transport = BackupTransportClient
08-26 18:12:53.879  1891  2583 D ActivityManager: freezing 6531 com.fitbit.FitbitMobile
08-26 18:12:53.887  1891  3166 D BackupTransportManager: [UserID:0] Transport com.google.android.gms/.backup.BackupTransportService updated its attributes
08-26 18:12:53.934  1891  3166 W ActivityManager: Skipping manifest association check for null package. SourceUid: -1, SourcePkg: null, TargetUid: 10108, TargetPkg: com.google.android.gms
08-26 18:12:53.956  1891  1891 I TransportConnection: BackupTransportService#14866: Notifying [AppBackupUtils.appIsRunningAndEligibleForBackupWithTransport] transport = BackupTransportClient
08-26 18:12:53.971  1891  3166 D BackupTransportManager: [UserID:0] Transport com.google.android.gms/.backup.BackupTransportService updated its attributes
08-26 18:12:53.997  1891  3443 W ActivityManager: Skipping manifest association check for null package. SourceUid: -1, SourcePkg: null, TargetUid: 10108, TargetPkg: com.google.android.gms
08-26 18:12:54.016  1891  2458 W ActivityManager: Skipping manifest association check for null package. SourceUid: -1, SourcePkg: null, TargetUid: 10108, TargetPkg: com.google.android.gms
08-26 18:12:54.017  1891  2458 W ActivityManager: Skipping manifest association check for null package. SourceUid: -1, SourcePkg: null, TargetUid: 10108, TargetPkg: com.google.android.gms
08-26 18:12:54.018  1891  2458 W ActivityManager: Skipping manifest association check for null package. SourceUid: -1, SourcePkg: null, TargetUid: 10108, TargetPkg: com.google.android.gms
08-26 18:12:54.020  1891  1891 I TransportConnection: BackupTransportService#14867: Notifying [AppBackupUtils.appIsRunningAndEligibleForBackupWithTransport] transport = BackupTransportClient
08-26 18:12:54.024  1891  2458 W ActivityManager: Skipping manifest association check for null package. SourceUid: -1, SourcePkg: null, TargetUid: 10108, TargetPkg: com.google.android.gms
08-26 18:12:54.031  1891  2458 W ActivityManager: Skipping manifest association check for null package. SourceUid: -1, SourcePkg: null, TargetUid: 10108, TargetPkg: com.google.android.gms
08-26 18:12:54.035  1891  2458 W ActivityManager: Skipping manifest association check for null package. SourceUid: -1, SourcePkg: null, TargetUid: 10108, TargetPkg: com.google.android.gms
08-26 18:12:54.035  1891  2458 W ActivityManager: Skipping manifest association check for null package. SourceUid: -1, SourcePkg: null, TargetUid: 10108, TargetPkg: com.google.android.gms
08-26 18:12:54.037  1891  3443 D BackupTransportManager: [UserID:0] Transport com.google.android.gms/.backup.BackupTransportService updated its attributes
08-26 18:12:54.038  1891  2458 W ActivityManager: Skipping manifest association check for null package. SourceUid: -1, SourcePkg: null, TargetUid: 10108, TargetPkg: com.google.android.gms
08-26 18:12:54.068  1891  3443 W ActivityManager: Skipping manifest association check for null package. SourceUid: -1, SourcePkg: null, TargetUid: 10108, TargetPkg: com.google.android.gms
08-26 18:12:54.082  1891  1891 I TransportConnection: BackupTransportService#14869: Notifying [AppBackupUtils.appIsRunningAndEligibleForBackupWithTransport] transport = BackupTransportClient
08-26 18:12:54.091  1891  3443 D BackupTransportManager: [UserID:0] Transport com.google.android.gms/.backup.BackupTransportService updated its attributes
08-26 18:12:54.269  1891  2458 W ActivityManager: Skipping manifest association check for null package. SourceUid: -1, SourcePkg: null, TargetUid: 10108, TargetPkg: com.google.android.gms
08-26 18:12:54.270  1891  2458 W ActivityManager: Skipping manifest association check for null package. SourceUid: -1, SourcePkg: null, TargetUid: 10108, TargetPkg: com.google.android.gms
08-26 18:12:54.272  1891  2458 W ActivityManager: Skipping manifest association check for null package. SourceUid: -1, SourcePkg: null, TargetUid: 10108, TargetPkg: com.google.android.gms
08-26 18:12:54.273  1891  2458 W ActivityManager: Skipping manifest association check for null package. SourceUid: -1, SourcePkg: null, TargetUid: 10108, TargetPkg: com.google.android.gms
08-26 18:12:54.274  1891  2458 W ActivityManager: Skipping manifest association check for null package. SourceUid: -1, SourcePkg: null, TargetUid: 10108, TargetPkg: com.google.android.gms
08-26 18:12:54.281  1891  2458 W ActivityManager: Skipping manifest association check for null package. SourceUid: -1, SourcePkg: null, TargetUid: 10108, TargetPkg: com.google.android.gms
08-26 18:12:54.302  1891  2583 D ActivityManager: freezing 17267 com.google.android.wearable.protolayout.renderer
08-26 18:12:54.376  1891  3954 W ActivityManager: Skipping manifest association check for null package. SourceUid: -1, SourcePkg: null, TargetUid: 10108, TargetPkg: com.google.android.gms
08-26 18:12:54.390  1891  1891 I TransportConnection: BackupTransportService#14870: Notifying [BMS.getBackupDestinationFromTransport] transport = BackupTransportClient
08-26 18:12:54.396  1891  3166 D BackupTransportManager: [UserID:0] Transport com.google.android.gms/.backup.BackupTransportService updated its attributes
08-26 18:12:54.489  1891  3787 D BackupManagerConstants: wakelock timeout: 1800000
08-26 18:12:54.491  1891  3787 D BackupManagerService: [UserID:0] Acquired wakelock:*backup*-0-3787
08-26 18:12:54.491  1891  3787 D KeyValueBackupTask: Spinning thread key-value-backup-121
08-26 18:12:54.492  1891 17528 D PFTBT   : backupmanager pftbt token=f2aab13
08-26 18:12:54.493  1891 17528 D KeyValueBackupTask: Beginning backup of 8 targets
08-26 18:12:54.505  1891 17528 D KeyValueBackupTask: Starting key-value backup of @pm@
08-26 18:12:54.506  1891 17528 I PackageManager: getInstalledPackages: callingUid=1000 flags=134217728 updatedFlags=135004160 userId=0
08-26 18:12:54.515  1891 17528 D KeyValueBackupTask: Invoking agent on @pm@
08-26 18:12:54.631  1891  3166 W ActivityManager: Skipping manifest association check for null package. SourceUid: -1, SourcePkg: null, TargetUid: 10108, TargetPkg: com.google.android.gms
08-26 18:12:55.290  1891  2746 W AppOps  : Noting op not finished: uid 1000 pkg com.android.providers.settings code 169 startTime of in progress event=1787735561678
08-26 18:12:55.691  1891 17528 E KeyValueBackupTask: Error during PM metadata backup
08-26 18:12:55.691  1891 17528 E KeyValueBackupTask: com.android.server.backup.keyvalue.TaskException
08-26 18:12:55.691  1891 17528 E KeyValueBackupTask: 	at com.android.server.backup.keyvalue.KeyValueBackupTask.sendDataToTransport(go/retraceme 56cb9c0977ae9f67603f451f002522c463042b44293aaef01295dafee5e0332e:798)
08-26 18:12:55.691  1891 17528 E KeyValueBackupTask: 	at com.android.server.backup.keyvalue.KeyValueBackupTask.sendDataToTransport(go/retraceme 56cb9c0977ae9f67603f451f002522c463042b44293aaef01295dafee5e0332e:892)
08-26 18:12:55.691  1891 17528 E KeyValueBackupTask: 	at com.android.server.backup.keyvalue.KeyValueBackupTask.backupPm(go/retraceme 56cb9c0977ae9f67603f451f002522c463042b44293aaef01295dafee5e0332e:30)
08-26 18:12:55.691  1891 17528 E KeyValueBackupTask: 	at com.android.server.backup.keyvalue.KeyValueBackupTask.run(go/retraceme 56cb9c0977ae9f67603f451f002522c463042b44293aaef01295dafee5e0332e:48)
08-26 18:12:55.691  1891 17528 E KeyValueBackupTask: 	at java.lang.Thread.run(Thread.java:1572)
08-26 18:12:55.724  1891 17528 I KeyValueBackupTask: K/V backup pass finished
08-26 18:12:55.728  1891 17528 D BackupManagerService: [UserID:0] Released wakelock:*backup*-0-3787
08-26 18:12:55.895  1891  2457 W ProcessStats: Tracking association SourceState{ed1d9ff system/1000 BFgs #939132} whose proc state 4 is better than process ProcessState{3ce5e6 com.google.android.tts/10059 pkg=com.google.android.tts} proc state 14 (16 skipped)
08-26 18:12:55.982  1891  1927 D BrightnessThermalClamper: New thermal throttling status = 1
08-26 18:12:55.997  1891  1891 D BackupManagerConstants: getFullBackupIntervalMilliseconds(...) returns 86400000
08-26 18:12:55.997  1891  1891 D BackupManagerConstants: getKeyValueBackupIntervalMilliseconds(...) returns 43200000
08-26 18:12:55.997  1891  1891 I BackupManagerService: [UserID:0] Beginning scheduled full backup operation
08-26 18:12:56.001  1891  1891 I BackupManagerService: [UserID:0] Full backup time but android.ext.services is busy; deferring to 2026-08-26 19:32:22
08-26 18:12:56.002  1891  1891 I BackupManagerService: [UserID:0] Full backup time but com.google.android.pixelsystemservice is busy; deferring to 2026-08-26 20:53:16
08-26 18:12:56.004  1891  1891 I BackupManagerService: [UserID:0] Full backup time but com.google.android.wearable.watchface.rwf is busy; deferring to 2026-08-26 20:59:03
08-26 18:12:56.005  1891  1891 I BackupManagerService: [UserID:0] Full backup time but com.google.android.wearable.app is busy; deferring to 2026-08-26 19:25:42
08-26 18:12:56.006  1891  1891 I BackupManagerService: [UserID:0] Full backup time but com.google.android.wearable.assistant is busy; deferring to 2026-08-26 21:02:05
08-26 18:12:56.007  1891  1891 I BackupManagerService: [UserID:0] Full backup time but com.google.android.grilservice is busy; deferring to 2026-08-26 20:20:43
08-26 18:12:56.008  1891  1891 I BackupManagerService: [UserID:0] Full backup time but com.qualcomm.qcrilmsgtunnel is busy; deferring to 2026-08-26 20:19:41
08-26 18:12:56.008  1891  1891 I BackupManagerService: [UserID:0] Full backup time but com.google.pixel.digitalkey.timesync is busy; deferring to 2026-08-26 19:35:46
08-26 18:12:56.008  1891  1891 I BackupManagerService: [UserID:0] Nothing pending full backup or failed to start the operation; rescheduling +4366824
08-26 18:12:56.009  1891  1891 D BackupManagerConstants: getFullBackupRequiredNetworkType(...) returns 2
08-26 18:12:56.009  1891  1891 D BackupManagerConstants: getFullBackupRequireCharging(...) returns true
08-26 18:12:56.014  1891  1891 W JobScheduler: Job didn't exist in JobStore: 3be4ecc #1000/52418896 android/com.android.server.backup.FullBackupJob
08-26 18:12:56.103  1891  2583 D ActivityManager: freezing 29534 com.google.android.apps.messaging
08-26 18:12:58.151  1891  2583 D ActivityManager: freezing 17374 com.android.vending
08-26 18:12:59.843  1891  3166 W ActivityManager: pid 25076 com.google.android.gms.persistent sent binder code 2 with flags 1 and got error -32
08-26 18:12:59.847  1891  2458 D ActivityManager: sync unfroze 4169 com.google.android.gm for 3
08-26 18:12:59.852 25076 16359 D ActivityThread: Too many transaction errors, throttling transaction error callback.
08-26 18:12:59.973 25076 16359 D ActivityThread: Too many transaction errors, throttling transaction error callback.
08-26 18:12:59.975 25076 16359 D ActivityThread: Too many transaction errors, throttling transaction error callback.
08-26 18:12:59.976 25076 16359 D ActivityThread: Too many transaction errors, throttling transaction error callback.
08-26 18:12:59.977 25076 16359 D ActivityThread: Too many transaction errors, throttling transaction error callback.
08-26 18:13:00.157  1891  3858 W ActivityManager: Skipping manifest association check for null package. SourceUid: 10097, SourcePkg: null, TargetUid: 10097, TargetPkg: com.google.android.apps.scone
08-26 18:13:01.107 25076 16359 D ActivityThread: Too many transaction errors, throttling transaction error callback.
08-26 18:13:01.308  1891  2458 D ActivityManager: sync unfroze 29534 com.google.android.apps.messaging for 3
08-26 18:13:03.420  1891  2843 W StatsPullAtomService: error reading modem stats:ERROR_PHONE_NOT_AVAILABLE
08-26 18:13:04.512  1891  3856 E ThermalManagerService$ThermalHalWrapper: Couldn't getCurrentCoolingDevices due to invalid status
08-26 18:13:04.512  1891  3856 E ThermalManagerService$ThermalHalWrapper: java.lang.IllegalStateException: ThermalHal cannot read any sensor data
08-26 18:13:04.512  1891  3856 E ThermalManagerService$ThermalHalWrapper: 	at android.os.Parcel.createExceptionOrNull(Parcel.java:3400)
08-26 18:13:04.512  1891  3856 E ThermalManagerService$ThermalHalWrapper: 	at android.os.Parcel.createException(Parcel.java:3376)
08-26 18:13:04.512  1891  3856 E ThermalManagerService$ThermalHalWrapper: 	at android.os.Parcel.readException(Parcel.java:3359)
08-26 18:13:04.512  1891  3856 E ThermalManagerService$ThermalHalWrapper: 	at android.os.Parcel.readException(Parcel.java:3301)
08-26 18:13:04.512  1891  3856 E ThermalManagerService$ThermalHalWrapper: 	at android.hardware.thermal.IThermal$Stub$Proxy.getCoolingDevices(IThermal.java:343)
08-26 18:13:04.512  1891  3856 E ThermalManagerService$ThermalHalWrapper: 	at com.android.server.power.thermal.ThermalManagerService$ThermalHalAidlWrapper.getCurrentCoolingDevices(go/retraceme 56cb9c0977ae9f67603f451f002522c463042b44293aaef01295dafee5e0332e:24)
08-26 18:13:04.512  1891  3856 E ThermalManagerService$ThermalHalWrapper: 	at com.android.server.power.thermal.ThermalManagerService$2.getCurrentCoolingDevices(go/retraceme 56cb9c0977ae9f67603f451f002522c463042b44293aaef01295dafee5e0332e:39)
08-26 18:13:04.512  1891  3856 E ThermalManagerService$ThermalHalWrapper: 	at com.android.server.stats.pull.StatsPullAtomService.pullCooldownDeviceLocked(go/retraceme 56cb9c0977ae9f67603f451f002522c463042b44293aaef01295dafee5e0332e:12)
08-26 18:13:04.512  1891  3856 E ThermalManagerService$ThermalHalWrapper: 	at com.android.server.stats.pull.StatsPullAtomService$StatsPullAtomCallbackImpl.onPullAtom(go/retraceme 56cb9c0977ae9f67603f451f002522c463042b44293aaef01295dafee5e0332e:187)
08-26 18:13:04.512  1891  3856 E ThermalManagerService$ThermalHalWrapper: 	at android.app.StatsManager$PullAtomCallbackInternal.lambda$onPullAtom$0(StatsManager.java:711)
08-26 18:13:04.512  1891  3856 E ThermalManagerService$ThermalHalWrapper: 	at android.app.StatsManager$PullAtomCallbackInternal.$r8$lambda$oIAiCNGFyxeWs0XtQyXXxYxjHhU(StatsManager.java:0)
08-26 18:13:04.512  1891  3856 E ThermalManagerService$ThermalHalWrapper: 	at android.app.StatsManager$PullAtomCallbackInternal$$ExternalSyntheticLambda0.run(D8$$SyntheticClass:0)
08-26 18:13:04.512  1891  3856 E ThermalManagerService$ThermalHalWrapper: 	at com.android.internal.util.ConcurrentUtils$DirectExecutor.execute(ConcurrentUtils.java:141)
08-26 18:13:04.512  1891  3856 E ThermalManagerService$ThermalHalWrapper: 	at android.app.StatsManager$PullAtomCallbackInternal.onPullAtom(StatsManager.java:709)
08-26 18:13:04.512  1891  3856 E ThermalManagerService$ThermalHalWrapper: 	at android.os.IPullAtomCallback$Stub.onTransact(IPullAtomCallback.java:89)
08-26 18:13:04.512  1891  3856 E ThermalManagerService$ThermalHalWrapper: 	at android.os.Binder.execTransactInternal(Binder.java:1369)
08-26 18:13:04.512  1891  3856 E ThermalManagerService$ThermalHalWrapper: 	at android.os.Binder.execTransact(Binder.java:1323)
08-26 18:13:05.356  1891  2583 D ActivityManager: freezing 4169 com.google.android.gm
08-26 18:13:05.665  1891  3858 W ActivityManager: Skipping manifest association check for null package. SourceUid: 10108, SourcePkg: null, TargetUid: 10108, TargetPkg: com.google.android.gms
08-26 18:13:06.394  1891  2583 D ActivityManager: freezing 29534 com.google.android.apps.messaging
08-26 18:13:07.117  1891  1891 W ProcessStats: Tracking association SourceState{ed1d9ff system/1000 BFgs #939362} whose proc state 4 is better than process ProcessState{3ce5e6 com.google.android.tts/10059 pkg=com.google.android.tts} proc state 14 (3 skipped)
08-26 18:13:07.151 17473 17614 E ActivityThread: Failed to find provider info for subscribedfeeds
08-26 18:13:07.152 17473 17614 E ActivityThread: Failed to find provider info for subscribedfeeds
08-26 18:13:07.439  1891  1927 D BrightnessThermalClamper: New thermal throttling status = 2
08-26 18:13:07.614 25076 17308 D ActivityThread: Too many transaction errors, throttling transaction error callback.
08-26 18:13:07.659  1891  2459 I ActivityManager: Start proc 17627:com.google.android.apps.maps/u0a82 for broadcast {com.google.android.apps.maps/com.google.android.libraries.phenotype.client.stable.PhenotypeUpdateBackgroundBroadcastReceiver}
08-26 18:13:07.713 25076 17308 D ActivityThread: Too many transaction errors, throttling transaction error callback.
08-26 18:13:07.713 25076 17308 D ActivityThread: Too many transaction errors, throttling transaction error callback.
08-26 18:13:07.714 25076 17308 D ActivityThread: Too many transaction errors, throttling transaction error callback.
08-26 18:13:07.751 25076 17308 D ActivityThread: Too many transaction errors, throttling transaction error callback.
08-26 18:13:08.386  1891  2458 D ActivityManager: sync unfroze 6531 com.fitbit.FitbitMobile for 3
08-26 18:13:08.516 25076 17308 D ActivityThread: Too many transaction errors, throttling transaction error callback.
08-26 18:13:08.653  1891  2459 I ActivityManager: Start proc 17661:com.google.android.apps.youtube.music/u0a77 for broadcast {com.google.android.apps.youtube.music/com.google.android.libraries.phenotype.client.stable.PhenotypeUpdateBackgroundBroadcastReceiver}
08-26 18:13:08.748  1891  2458 D ActivityManager: sync unfroze 29534 com.google.android.apps.messaging for 3
08-26 18:13:08.754 25076 17308 D ActivityThread: Too many transaction errors, throttling transaction error callback.
08-26 18:13:08.764 25076 17308 D ActivityThread: Too many transaction errors, throttling transaction error callback.
08-26 18:13:08.963 25076 17308 D ActivityThread: Too many transaction errors, throttling transaction error callback.
08-26 18:13:09.401  1891  3858 W ActivityManager: Skipping manifest association check for null package. SourceUid: -1, SourcePkg: null, TargetUid: 10082, TargetPkg: com.google.android.apps.maps
08-26 18:13:09.535  1891  3858 W ActivityManager: Skipping manifest association check for null package. SourceUid: -1, SourcePkg: null, TargetUid: 10082, TargetPkg: com.google.android.apps.maps
08-26 18:13:09.706  1891  2458 D ActivityManager: sync unfroze 4169 com.google.android.gm for 3
08-26 18:13:09.907 25076 17308 D ActivityThread: Too many transaction errors, throttling transaction error callback.
08-26 18:13:09.982  1891  2458 D ActivityManager: sync unfroze 17327 com.google.android.apps.safetyhub for 3
08-26 18:13:10.490  1891  2930 W ActivityManager: Skipping manifest association check for null package. SourceUid: -1, SourcePkg: null, TargetUid: 10077, TargetPkg: com.google.android.apps.youtube.music
08-26 18:13:10.680  1891  2933 W ActivityManager: pid 25076 com.google.android.gms.persistent sent binder code 2 with flags 1 and got error -32
08-26 18:13:10.681 25076 17308 D ActivityThread: Too many transaction errors, throttling transaction error callback.
08-26 18:13:10.683 25076 17308 D ActivityThread: Too many transaction errors, throttling transaction error callback.
08-26 18:13:10.712  1891  2933 W ActivityManager: Skipping manifest association check for null package. SourceUid: -1, SourcePkg: null, TargetUid: 10077, TargetPkg: com.google.android.apps.youtube.music
08-26 18:13:10.800  1891  2459 I ActivityManager: Start proc 17758:com.google.android.apps.walletnfcrel/u0a53 for broadcast {com.google.android.apps.walletnfcrel/com.google.android.libraries.phenotype.client.stable.PhenotypeUpdateBackgroundBroadcastReceiver}
08-26 18:13:10.820  1891  2933 W ActivityManager: Unable to start service Intent { act=com.google.android.gms.ads.identifier.service.START xflg=0x4 pkg=com.google.android.gms } U=0: not found
08-26 18:13:10.954  1891  3444 W ActivityManager: Skipping manifest association check for null package. SourceUid: -1, SourcePkg: null, TargetUid: 10077, TargetPkg: com.google.android.apps.youtube.music
08-26 18:13:10.954  1891  3444 W ActivityManager: Skipping manifest association check for null package. SourceUid: -1, SourcePkg: null, TargetUid: 10077, TargetPkg: com.google.android.apps.youtube.music
08-26 18:13:11.030  1891  3444 W ActivityManager: Unable to start service Intent { act=com.google.android.gms.gass.START xflg=0x4 pkg=com.google.android.gms } U=0: not found
08-26 18:13:11.039  1891  1913 W ActivityManager: Unbind failed: could not find connection for android.os.BinderProxy@2ed4542
08-26 18:13:11.317  1891  3849 I UsbPortManager: AIDL UsbDataStatus:1
08-26 18:13:11.317  1891  3849 I UsbPortManager: ClientCallback AIDL V1: port0
08-26 18:13:11.325  1891  1927 I UsbPortManager: USB port changed: port=UsbPort{id=port0, supportedModes=dual, audio_acc, supportedContaminantProtectionModes=0, supportsEnableContaminantPresenceProtection=false, supportsEnableContaminantPresenceDetection=false, supportsComplianceWarnings=false, supportsPartnerBc12Type=false, supportsPowerProfiles=false, status=UsbPortStatus{connected=false, currentMode=none, currentPowerRole=no-power, currentDataRole=no-data, supportedRoleCombinations=[no-power:no-data], contaminantDetectionStatus=0, contaminantProtectionStatus=0, usbDataStatus=enabled, isPowerTransferLimited=false, powerBrickConnectionStatus=unknown, complianceWarnings=[], plugState=0, displayPortAltModeInfo=null, bc12Type=Unknown,  mPortSinkPowerProfiles={} , mPortSourcePowerProfiles={} , mPartnerSinkPowerProfiles={} , mPartnerSourcePowerProfiles={} , mPortSinkPowerProfileMatches={} , mPortSourcePowerProfileMatches={}, canChangeMode=true, canChangePowerRole=false, canChangeDataRole=false, connectedAtMillis=0, lastConnectDurationMillis=29998
08-26 18:13:11.340  1891  1891 I UsbService: Broadcast ACTION_USB_PORT_CHANGED received, setting USB data signal to true
08-26 18:13:11.402  1891  2933 I UsbPortManager: AIDL UsbDataStatus:1
08-26 18:13:11.403  1891  2933 I UsbPortManager: ClientCallback AIDL V1: port0
08-26 18:13:11.406  1891  1927 I UsbPortManager: USB port changed: port=UsbPort{id=port0, supportedModes=dual, audio_acc, supportedContaminantProtectionModes=0, supportsEnableContaminantPresenceProtection=false, supportsEnableContaminantPresenceDetection=false, supportsComplianceWarnings=false, supportsPartnerBc12Type=false, supportsPowerProfiles=false, status=UsbPortStatus{connected=true, currentMode=ufp, currentPowerRole=sink, currentDataRole=device, supportedRoleCombinations=[source:host, sink:device], contaminantDetectionStatus=0, contaminantProtectionStatus=0, usbDataStatus=enabled, isPowerTransferLimited=false, powerBrickConnectionStatus=unknown, complianceWarnings=[], plugState=0, displayPortAltModeInfo=null, bc12Type=Unknown,  mPortSinkPowerProfiles={} , mPortSourcePowerProfiles={} , mPartnerSinkPowerProfiles={} , mPartnerSourcePowerProfiles={} , mPortSinkPowerProfileMatches={} , mPortSourcePowerProfileMatches={}, canChangeMode=true, canChangePowerRole=false, canChangeDataRole=false, connectedAtMillis=5355196985, lastConnectDurationMillis=0
08-26 18:13:11.416  1891  1891 I UsbService: Broadcast ACTION_USB_PORT_CHANGED received, setting USB data signal to true
08-26 18:13:11.462  1891  3444 W ActivityManager: Skipping manifest association check for null package. SourceUid: -1, SourcePkg: null, TargetUid: 10077, TargetPkg: com.google.android.apps.youtube.music
08-26 18:13:11.552  1891  2459 I ActivityManager: Start proc 17800:com.google.android.apps.chromecast.app/u0a112 for broadcast {com.google.android.apps.chromecast.app/com.google.android.libraries.phenotype.client.stable.PhenotypeUpdateBackgroundBroadcastReceiver}
08-26 18:13:11.585   544 17208 I keystore2: system/security/keystore2/watchdog/src/lib.rs:371 - Watchdog thread idle -> terminating. Have a great day.
08-26 18:13:11.619  1891  2933 I MR2ServiceImpl: registerRouter2 | package: com.google.android.apps.youtube.music, uid: 10077, pid: 17661, router id: 245, hasMediaRoutingControl: false
08-26 18:13:12.320  1891  3849 W ActivityManager: Unable to start service Intent { act=com.google.android.gms.potokens.service.START xflg=0x4 pkg=com.google.android.gms } U=0: not found
08-26 18:13:12.321  1891  2761 W ActivityManager: Unbind failed: could not find connection for android.os.BinderProxy@22b5761
08-26 18:13:12.437  1891  3444 W ActivityManager: Unable to start service Intent { act=com.google.android.gms.ads.identifier.service.START xflg=0x4 pkg=com.google.android.gms } U=0: not found
08-26 18:13:12.667  1891  2459 I ActivityManager: Start proc 17856:com.google.android.calendar/u0a73 for broadcast {com.google.android.calendar/com.google.android.libraries.phenotype.client.stable.PhenotypeUpdateBackgroundBroadcastReceiver}
08-26 18:13:13.176  1891  2583 D ActivityManager: freezing 12742 com.google.android.crossdeviceaccessservice
08-26 18:13:13.624  1891  2583 D ActivityManager: freezing 17627 com.google.android.apps.maps
08-26 18:13:13.992  1891  2583 D ActivityManager: freezing 6531 com.fitbit.FitbitMobile
08-26 18:13:13.995  1891  2583 D ActivityManager: freezing 29534 com.google.android.apps.messaging
08-26 18:13:14.975  1891  2583 D ActivityManager: freezing 4169 com.google.android.gm
08-26 18:13:15.221  1891  2583 D ActivityManager: freezing 17327 com.google.android.apps.safetyhub
08-26 18:13:15.973  1891  2583 D ActivityManager: freezing 17661 com.google.android.apps.youtube.music
08-26 18:13:15.977  1891  2583 D ActivityManager: Reschedule freeze for process 17661 com.google.android.apps.youtube.music (new pending txns), timeout=1000
08-26 18:13:15.981  1891  2583 D ActivityManager: sync unfroze 17661 com.google.android.apps.youtube.music for 18
08-26 18:13:16.571  1891  2583 D ActivityManager: freezing 17758 com.google.android.apps.walletnfcrel
08-26 18:13:16.983  1891  2583 D ActivityManager: freezing 17661 com.google.android.apps.youtube.music
08-26 18:13:17.636  1891  2583 D ActivityManager: freezing 17800 com.google.android.apps.chromecast.app
08-26 18:13:18.273  1891  3954 D BiometricService: canAuthenticate: User=0, Caller=0, Authenticators=65536
08-26 18:13:18.275  1891  3954 D BiometricService/PreAuthInfo: getCanAuthenticateInternal Modality: 0 AuthenticatorStatus: 13
08-26 18:13:18.275  1891  3954 D AuthService: canAuthenticate, userId: 0, callingUserId: 0, authenticators: 65536, result: 20
08-26 18:13:18.277  1891  3954 D BiometricService: canAuthenticate: User=0, Caller=0, Authenticators=15
08-26 18:13:18.277  1891  3954 D BiometricService/PreAuthInfo: getCanAuthenticateInternal Modality: 0 AuthenticatorStatus: 2
08-26 18:13:18.277  1891  3954 D AuthService: canAuthenticate, userId: 0, callingUserId: 0, authenticators: 15, result: 12
08-26 18:13:18.460  1891  2583 D ActivityManager: freezing 17856 com.google.android.calendar
08-26 18:13:18.571   544  5185 I keystore2: system/security/keystore2/src/error.rs:69 - system/security/keystore2/src/security_level.rs:340
08-26 18:13:18.571   544  5185 I keystore2: 
08-26 18:13:18.571   544  5185 I keystore2: Caused by:
08-26 18:13:18.571   544  5185 I keystore2:     0: system/security/keystore2/src/enforcements.rs:621: matching auth token (challenge=0, userId=-6335600737493881464, authId=0, authType=0x1, timestamp=26470798061ms) rcved=BootTime(5278592731) for sids [SecureUserId(-6335600737493881464)] type Some(3) is expired (76611s old > timeout=3600s)
08-26 18:13:18.571   544  5185 I keystore2:     1: Error::Km(r#KEY_USER_NOT_AUTHENTICATED) for AppUid(10108)
08-26 18:13:18.825  1891  2454 D WearGestureService: updateUserSettingsObservers: managingGestures=true; numEnabledListeners=2
08-26 18:13:18.825  1891  2454 D WearGestureService: updateUserSettingsObservers: already in desired state
08-26 18:13:18.845  1891  3863 I ActivityManager: Process com.google.android.gms.persistent (pid 25076) has died: fg  BTOP
08-26 18:13:18.856  1891  3179 E AppOps  : Bad call made by uid 1000. Package "com.google.android.gms" does not belong to uid 1000.
08-26 18:13:18.900  1891  3863 W ActivityManager: Scheduling restart of crashed service com.google.android.gms/.location.geocode.GeocodeService in 1000ms for connection
08-26 18:13:18.901  1891  3863 W ActivityManager: Scheduling restart of crashed service com.google.android.gms/.chimera.PersistentApiService in 10999ms for connection
08-26 18:13:18.901  1891  3863 W ActivityManager: Scheduling restart of crashed service com.google.android.gms/.stats.eastworld.EastworldService in 20999ms for start-requested
08-26 18:13:18.902  1891  3863 W ActivityManager: Scheduling restart of crashed service com.google.android.gms/.auth.setup.devicesignals.LockScreenService in 30998ms for start-requested
08-26 18:13:18.903  1891  3863 W ActivityManager: Scheduling restart of crashed service com.google.android.gms/.chimera.PersistentApiServiceNoInstantApps in 40997ms for connection
08-26 18:13:18.903  1891  3863 W ActivityManager: Scheduling restart of crashed service com.google.android.gms/.play.integrity.api.service.IntegrityApiPersistentService in 50996ms for start-requested
08-26 18:13:18.904  1891  3863 W ActivityManager: Scheduling restart of crashed service com.google.android.gms/.nearby.fastpair.service.WearableDataListenerService in 60996ms for start-requested
08-26 18:13:18.905  1891  3863 W ActivityManager: Scheduling restart of crashed service com.google.android.gms/.health.tracking.api.ExercisePersistentService in 70995ms for start-requested
08-26 18:13:18.906  1891  3863 W ActivityManager: Scheduling restart of crashed service com.google.android.gms/.location.persistent.LocationPersistentService in 80994ms for start-requested
08-26 18:13:18.906  1891  3863 W ActivityManager: Scheduling restart of crashed service com.google.android.gms/.tapandpay.hce.service.TpHceService in 90993ms for connection
08-26 18:13:18.907  1891  3863 W ActivityManager: Scheduling restart of crashed service com.google.android.gms/.dck.service.DckPersistentService in 100993ms for start-requested
08-26 18:13:18.908  1891  3863 W ActivityManager: Scheduling restart of crashed service com.google.android.gms/.findmydevice.spot.bleadvertising.UntetheredBeaconService in 110992ms for start-requested
08-26 18:13:18.908  1891  3863 W ActivityManager: Scheduling restart of crashed service com.google.android.gms/com.google.android.location.internal.GoogleLocationManagerService in 120992ms for start-requested
08-26 18:13:18.909  1891  3863 W ActivityManager: Scheduling restart of crashed service com.google.android.gms/.health.tracking.passive.init.PassivePersistentService in 130991ms for start-requested
08-26 18:13:18.909  1891  3863 W ActivityManager: Scheduling restart of crashed service com.google.android.gms/com.google.android.location.fused.FusedLocationService in 140991ms for connection
08-26 18:13:18.909  1891  3863 W ActivityManager: Scheduling restart of crashed service com.google.android.gms/.location.gnssassistance.GnssAssistanceService in 150990ms for connection
08-26 18:13:18.910  1891  3863 W ActivityManager: Scheduling restart of crashed service com.google.android.gms/.chimera.PersistentDirectBootAwareApiService in 160990ms for connection
08-26 18:13:18.911  1891  3863 W ActivityManager: Scheduling restart of crashed service com.google.android.gms/.geotimezone.GeoTimeZoneService in 170989ms for connection
08-26 18:13:18.911  1891  3863 W ActivityManager: Scheduling restart of crashed service com.google.android.gms/.wearable.service.WearableService in 180989ms for start-requested
08-26 18:13:18.911  1891  3863 W ActivityManager: Scheduling restart of crashed service com.google.android.gms/.fitness.service.recording.FitRecordingBroker in 190989ms for start-requested
08-26 18:13:18.911  1891  3863 W ActivityManager: Scheduling restart of crashed service com.google.android.gms/.thunderbird.EmergencyPersistentService in 200988ms for start-requested
08-26 18:13:18.911  1891  3863 W ActivityManager: Scheduling restart of crashed service com.google.android.gms/.trustagent.activeunlock.associated.ActiveUnlockService in 210988ms for start-requested
08-26 18:13:18.912  1891  3863 W ActivityManager: Scheduling restart of crashed service com.google.android.gms/.gcm.GcmService in 220988ms for start-requested
08-26 18:13:18.912  1891  3863 W ActivityManager: Scheduling restart of crashed service com.google.android.gms/com.google.android.location.internal.server.HardwareArProviderService in 230988ms for connection
08-26 18:13:18.912  1891  3863 W ActivityManager: Scheduling restart of crashed service com.google.android.gms/com.google.android.location.internal.server.GoogleLocationService in 240987ms for start-requested
08-26 18:13:18.912  1891  3863 W ActivityManager: Scheduling restart of crashed service com.google.android.gms/.chimera.PersistentBoundBrokerService in 250987ms for connection
08-26 18:13:18.913  1891  3863 W ActivityManager: Scheduling restart of crashed service com.google.android.gms/.auth.GetToken in 260987ms for connection
08-26 18:13:18.913  1891  3863 W ActivityManager: Scheduling restart of crashed service com.google.android.gms/.common.stats.GmsCoreStatsService in 270987ms for start-requested
08-26 18:13:18.913  1891  3863 W ActivityManager: Scheduling restart of crashed service com.google.android.gms/.gcm.nts.SchedulerService in 280986ms for start-requested
08-26 18:13:18.914  1891  3863 W ActivityManager: Scheduling restart of crashed service com.google.android.gms/.remotegestures.api.RemoteGesturesService in 290986ms for start-requested
08-26 18:13:18.915  1891  3863 W ActivityManager: Scheduling restart of crashed service com.google.android.gms/com.google.android.location.network.NetworkLocationService in 300985ms for connection
08-26 18:13:18.915  1891  3863 W ActivityManager: Scheduling restart of crashed service com.google.android.gms/.chimera.PersistentInternalBoundBrokerService in 310985ms for connection
08-26 18:13:18.968  1891  2457 W ActivityManager: Rescheduling restart of crashed service com.google.android.gms/.location.geocode.GeocodeService in 9932ms for mem-pressure-event
08-26 18:13:18.969  1891  2457 W ActivityManager: Rescheduling restart of crashed service com.google.android.gms/.chimera.PersistentApiService in 29932ms for mem-pressure-event
08-26 18:13:18.969  1891  2457 W ActivityManager: Rescheduling restart of crashed service com.google.android.gms/.stats.eastworld.EastworldService in 49932ms for mem-pressure-event
08-26 18:13:18.969  1891  2457 W ActivityManager: Rescheduling restart of crashed service com.google.android.gms/.auth.setup.devicesignals.LockScreenService in 69932ms for mem-pressure-event
08-26 18:13:18.969  1891  2457 W ActivityManager: Rescheduling restart of crashed service com.google.android.gms/.chimera.PersistentApiServiceNoInstantApps in 89932ms for mem-pressure-event
08-26 18:13:18.969  1891  2457 W ActivityManager: Rescheduling restart of crashed service com.google.android.gms/.play.integrity.api.service.IntegrityApiPersistentService in 109932ms for mem-pressure-event
08-26 18:13:18.969  1891  2457 W ActivityManager: Rescheduling restart of crashed service com.google.android.gms/.nearby.fastpair.service.WearableDataListenerService in 129932ms for mem-pressure-event
08-26 18:13:18.969  1891  2457 W ActivityManager: Rescheduling restart of crashed service com.google.android.gms/.health.tracking.api.ExercisePersistentService in 149932ms for mem-pressure-event
08-26 18:13:18.969  1891  2457 W ActivityManager: Rescheduling restart of crashed service com.google.android.gms/.location.persistent.LocationPersistentService in 169932ms for mem-pressure-event
08-26 18:13:18.969  1891  2457 W ActivityManager: Rescheduling restart of crashed service com.google.android.gms/.tapandpay.hce.service.TpHceService in 189932ms for mem-pressure-event
08-26 18:13:18.969  1891  2457 W ActivityManager: Rescheduling restart of crashed service com.google.android.gms/.findmydevice.spot.bleadvertising.UntetheredBeaconService in 209932ms for mem-pressure-event
08-26 18:13:18.969  1891  2457 W ActivityManager: Rescheduling restart of crashed service com.google.android.gms/com.google.android.location.internal.GoogleLocationManagerService in 229932ms for mem-pressure-event
08-26 18:13:18.969  1891  2457 W ActivityManager: Rescheduling restart of crashed service com.google.android.gms/.health.tracking.passive.init.PassivePersistentService in 249932ms for mem-pressure-event
08-26 18:13:18.969  1891  2457 W ActivityManager: Rescheduling restart of crashed service com.google.android.gms/com.google.android.location.fused.FusedLocationService in 269932ms for mem-pressure-event
08-26 18:13:18.969  1891  2457 W ActivityManager: Rescheduling restart of crashed service com.google.android.gms/.location.gnssassistance.GnssAssistanceService in 289932ms for mem-pressure-event
08-26 18:13:18.969  1891  2457 W ActivityManager: Rescheduling restart of crashed service com.google.android.gms/.chimera.PersistentDirectBootAwareApiService in 309932ms for mem-pressure-event
08-26 18:13:18.969  1891  2457 W ActivityManager: Rescheduling restart of crashed service com.google.android.gms/.geotimezone.GeoTimeZoneService in 329932ms for mem-pressure-event
08-26 18:13:18.969  1891  2457 W ActivityManager: Rescheduling restart of crashed service com.google.android.gms/.wearable.service.WearableService in 349932ms for mem-pressure-event
08-26 18:13:18.969  1891  2457 W ActivityManager: Rescheduling restart of crashed service com.google.android.gms/.fitness.service.recording.FitRecordingBroker in 369932ms for mem-pressure-event
08-26 18:13:18.969  1891  2457 W ActivityManager: Rescheduling restart of crashed service com.google.android.gms/.thunderbird.EmergencyPersistentService in 389932ms for mem-pressure-event
08-26 18:13:18.970  1891  2457 W ActivityManager: Rescheduling restart of crashed service com.google.android.gms/.trustagent.activeunlock.associated.ActiveUnlockService in 409932ms for mem-pressure-event
08-26 18:13:18.970  1891  2457 W ActivityManager: Rescheduling restart of crashed service com.google.android.gms/.gcm.GcmService in 429932ms for mem-pressure-event
08-26 18:13:18.970  1891  2457 W ActivityManager: Rescheduling restart of crashed service com.google.android.gms/com.google.android.location.internal.server.HardwareArProviderService in 449932ms for mem-pressure-event
08-26 18:13:18.970  1891  2457 W ActivityManager: Rescheduling restart of crashed service com.google.android.gms/com.google.android.location.internal.server.GoogleLocationService in 469932ms for mem-pressure-event
08-26 18:13:18.970  1891  2457 W ActivityManager: Rescheduling restart of crashed service com.google.android.gms/.chimera.PersistentBoundBrokerService in 489932ms for mem-pressure-event
08-26 18:13:18.970  1891  2457 W ActivityManager: Rescheduling restart of crashed service com.google.android.gms/.auth.GetToken in 509932ms for mem-pressure-event
08-26 18:13:18.970  1891  2457 W ActivityManager: Rescheduling restart of crashed service com.google.android.gms/.common.stats.GmsCoreStatsService in 529932ms for mem-pressure-event
08-26 18:13:18.970  1891  2457 W ActivityManager: Rescheduling restart of crashed service com.google.android.gms/.gcm.nts.SchedulerService in 549932ms for mem-pressure-event
08-26 18:13:18.970  1891  2457 W ActivityManager: Rescheduling restart of crashed service com.google.android.gms/.remotegestures.api.RemoteGesturesService in 569932ms for mem-pressure-event
08-26 18:13:18.970  1891  2457 W ActivityManager: Rescheduling restart of crashed service com.google.android.gms/com.google.android.location.network.NetworkLocationService in 589932ms for mem-pressure-event
08-26 18:13:18.970  1891  2457 W ActivityManager: Rescheduling restart of crashed service com.google.android.gms/.chimera.PersistentInternalBoundBrokerService in 609932ms for mem-pressure-event
08-26 18:13:18.991  1891  2459 I ActivityManager: Start proc 17942:com.google.android.gms.persistent/u0a108 for started-service {com.google.android.gms/com.google.android.gms.dck.service.DckPersistentService}
08-26 18:13:19.404  1891  2457 W ProcessStats: Tracking association SourceState{ed1d9ff system/1000 BFgs #939626} whose proc state 4 is better than process ProcessState{3ce5e6 com.google.android.tts/10059 pkg=com.google.android.tts} proc state 14 (2 skipped)
08-26 18:13:19.844  1891  2454 W ActivityManager: Skipping manifest association check for null package. SourceUid: -1, SourcePkg: null, TargetUid: 10108, TargetPkg: com.google.android.gms
08-26 18:13:19.893  1891  2457 W ActivityManager: Rescheduling restart of crashed service com.google.android.gms/.location.geocode.GeocodeService in 7ms for mem-pressure-event
08-26 18:13:19.893  1891  2457 W ActivityManager: Rescheduling restart of crashed service com.google.android.gms/.stats.eastworld.EastworldService in 10007ms for mem-pressure-event
08-26 18:13:19.893  1891  2457 W ActivityManager: Rescheduling restart of crashed service com.google.android.gms/.auth.setup.devicesignals.LockScreenService in 20007ms for mem-pressure-event
08-26 18:13:19.893  1891  2457 W ActivityManager: Rescheduling restart of crashed service com.google.android.gms/.chimera.PersistentApiServiceNoInstantApps in 30007ms for mem-pressure-event
08-26 18:13:19.893  1891  2457 W ActivityManager: Rescheduling restart of crashed service com.google.android.gms/.play.integrity.api.service.IntegrityApiPersistentService in 40007ms for mem-pressure-event
08-26 18:13:19.893  1891  2457 W ActivityManager: Rescheduling restart of crashed service com.google.android.gms/.nearby.fastpair.service.WearableDataListenerService in 50007ms for mem-pressure-event
08-26 18:13:19.893  1891  2457 W ActivityManager: Rescheduling restart of crashed service com.google.android.gms/.health.tracking.api.ExercisePersistentService in 60007ms for mem-pressure-event
08-26 18:13:19.893  1891  2457 W ActivityManager: Rescheduling restart of crashed service com.google.android.gms/.location.persistent.LocationPersistentService in 70007ms for mem-pressure-event
08-26 18:13:19.893  1891  2457 W ActivityManager: Rescheduling restart of crashed service com.google.android.gms/.tapandpay.hce.service.TpHceService in 80007ms for mem-pressure-event
08-26 18:13:19.893  1891  2457 W ActivityManager: Rescheduling restart of crashed service com.google.android.gms/.findmydevice.spot.bleadvertising.UntetheredBeaconService in 90007ms for mem-pressure-event
08-26 18:13:19.893  1891  2457 W ActivityManager: Rescheduling restart of crashed service com.google.android.gms/com.google.android.location.internal.GoogleLocationManagerService in 100007ms for mem-pressure-event
08-26 18:13:19.893  1891  2457 W ActivityManager: Rescheduling restart of crashed service com.google.android.gms/.health.tracking.passive.init.PassivePersistentService in 110007ms for mem-pressure-event
08-26 18:13:19.893  1891  2457 W ActivityManager: Rescheduling restart of crashed service com.google.android.gms/com.google.android.location.fused.FusedLocationService in 120007ms for mem-pressure-event
08-26 18:13:19.893  1891  2457 W ActivityManager: Rescheduling restart of crashed service com.google.android.gms/.location.gnssassistance.GnssAssistanceService in 130007ms for mem-pressure-event
08-26 18:13:19.894  1891  2457 W ActivityManager: Rescheduling restart of crashed service com.google.android.gms/.chimera.PersistentDirectBootAwareApiService in 140007ms for mem-pressure-event
08-26 18:13:19.894  1891  2457 W ActivityManager: Rescheduling restart of crashed service com.google.android.gms/.geotimezone.GeoTimeZoneService in 150007ms for mem-pressure-event
08-26 18:13:19.894  1891  2457 W ActivityManager: Rescheduling restart of crashed service com.google.android.gms/.wearable.service.WearableService in 160007ms for mem-pressure-event
08-26 18:13:19.894  1891  2457 W ActivityManager: Rescheduling restart of crashed service com.google.android.gms/.fitness.service.recording.FitRecordingBroker in 170007ms for mem-pressure-event
08-26 18:13:19.894  1891  2457 W ActivityManager: Rescheduling restart of crashed service com.google.android.gms/.thunderbird.EmergencyPersistentService in 180007ms for mem-pressure-event
08-26 18:13:19.894  1891  2457 W ActivityManager: Rescheduling restart of crashed service com.google.android.gms/.trustagent.activeunlock.associated.ActiveUnlockService in 190007ms for mem-pressure-event
08-26 18:13:19.894  1891  2457 W ActivityManager: Rescheduling restart of crashed service com.google.android.gms/.gcm.GcmService in 200007ms for mem-pressure-event
08-26 18:13:19.894  1891  2457 W ActivityManager: Rescheduling restart of crashed service com.google.android.gms/com.google.android.location.internal.server.HardwareArProviderService in 210007ms for mem-pressure-event
08-26 18:13:19.894  1891  2457 W ActivityManager: Rescheduling restart of crashed service com.google.android.gms/com.google.android.location.internal.server.GoogleLocationService in 220007ms for mem-pressure-event
08-26 18:13:19.894  1891  2457 W ActivityManager: Rescheduling restart of crashed service com.google.android.gms/.chimera.PersistentBoundBrokerService in 230007ms for mem-pressure-event
08-26 18:13:19.894  1891  2457 W ActivityManager: Rescheduling restart of crashed service com.google.android.gms/.auth.GetToken in 240007ms for mem-pressure-event
08-26 18:13:19.895  1891  2457 W ActivityManager: Rescheduling restart of crashed service com.google.android.gms/.common.stats.GmsCoreStatsService in 250007ms for mem-pressure-event
08-26 18:13:19.895  1891  2457 W ActivityManager: Rescheduling restart of crashed service com.google.android.gms/.gcm.nts.SchedulerService in 260007ms for mem-pressure-event
08-26 18:13:19.895  1891  2457 W ActivityManager: Rescheduling restart of crashed service com.google.android.gms/.remotegestures.api.RemoteGesturesService in 270007ms for mem-pressure-event
08-26 18:13:19.895  1891  2457 W ActivityManager: Rescheduling restart of crashed service com.google.android.gms/com.google.android.location.network.NetworkLocationService in 280007ms for mem-pressure-event
08-26 18:13:19.895  1891  2457 W ActivityManager: Rescheduling restart of crashed service com.google.android.gms/.chimera.PersistentInternalBoundBrokerService in 290007ms for mem-pressure-event
08-26 18:13:19.900  1891  2458 W ActivityManager: Rescheduling restart of crashed service com.google.android.gms/.stats.eastworld.EastworldService in 1ms for other
08-26 18:13:19.900  1891  2458 W ActivityManager: Rescheduling restart of crashed service com.google.android.gms/.auth.setup.devicesignals.LockScreenService in 10001ms for other
08-26 18:13:19.900  1891  2458 W ActivityManager: Rescheduling restart of crashed service com.google.android.gms/.chimera.PersistentApiServiceNoInstantApps in 20001ms for other
08-26 18:13:19.900  1891  2458 W ActivityManager: Rescheduling restart of crashed service com.google.android.gms/.play.integrity.api.service.IntegrityApiPersistentService in 30001ms for other
08-26 18:13:19.900  1891  2458 W ActivityManager: Rescheduling restart of crashed service com.google.android.gms/.nearby.fastpair.service.WearableDataListenerService in 40001ms for other
08-26 18:13:19.901  1891  2458 W ActivityManager: Rescheduling restart of crashed service com.google.android.gms/.health.tracking.api.ExercisePersistentService in 50001ms for other
08-26 18:13:19.901  1891  2458 W ActivityManager: Rescheduling restart of crashed service com.google.android.gms/.location.persistent.LocationPersistentService in 60001ms for other
08-26 18:13:19.901  1891  2458 W ActivityManager: Rescheduling restart of crashed service com.google.android.gms/.tapandpay.hce.service.TpHceService in 70001ms for other
08-26 18:13:19.901  1891  2458 W ActivityManager: Rescheduling restart of crashed service com.google.android.gms/.findmydevice.spot.bleadvertising.UntetheredBeaconService in 80001ms for other
08-26 18:13:19.901  1891  2458 W ActivityManager: Rescheduling restart of crashed service com.google.android.gms/com.google.android.location.internal.GoogleLocationManagerService in 90001ms for other
08-26 18:13:19.901  1891  2458 W ActivityManager: Rescheduling restart of crashed service com.google.android.gms/.health.tracking.passive.init.PassivePersistentService in 100001ms for other
08-26 18:13:19.901  1891  2458 W ActivityManager: Rescheduling restart of crashed service com.google.android.gms/com.google.android.location.fused.FusedLocationService in 110001ms for other
08-26 18:13:19.901  1891  2458 W ActivityManager: Rescheduling restart of crashed service com.google.android.gms/.location.gnssassistance.GnssAssistanceService in 120001ms for other
08-26 18:13:19.901  1891  2458 W ActivityManager: Rescheduling restart of crashed service com.google.android.gms/.geotimezone.GeoTimeZoneService in 130001ms for other
08-26 18:13:19.901  1891  2458 W ActivityManager: Rescheduling restart of crashed service com.google.android.gms/.wearable.service.WearableService in 140001ms for other
08-26 18:13:19.901  1891  2458 W ActivityManager: Rescheduling restart of crashed service com.google.android.gms/.fitness.service.recording.FitRecordingBroker in 150001ms for other
08-26 18:13:19.901  1891  2458 W ActivityManager: Rescheduling restart of crashed service com.google.android.gms/.thunderbird.EmergencyPersistentService in 160001ms for other
08-26 18:13:19.901  1891  2458 W ActivityManager: Rescheduling restart of crashed service com.google.android.gms/.trustagent.activeunlock.associated.ActiveUnlockService in 170001ms for other
08-26 18:13:19.901  1891  2458 W ActivityManager: Rescheduling restart of crashed service com.google.android.gms/.gcm.GcmService in 180001ms for other
08-26 18:13:19.901  1891  2458 W ActivityManager: Rescheduling restart of crashed service com.google.android.gms/com.google.android.location.internal.server.HardwareArProviderService in 190001ms for other
08-26 18:13:19.902  1891  2458 W ActivityManager: Rescheduling restart of crashed service com.google.android.gms/com.google.android.location.internal.server.GoogleLocationService in 200001ms for other
08-26 18:13:19.902  1891  2458 W ActivityManager: Rescheduling restart of crashed service com.google.android.gms/.chimera.PersistentBoundBrokerService in 210001ms for other
08-26 18:13:19.902  1891  2458 W ActivityManager: Rescheduling restart of crashed service com.google.android.gms/.auth.GetToken in 220001ms for other
08-26 18:13:19.902  1891  2458 W ActivityManager: Rescheduling restart of crashed service com.google.android.gms/.common.stats.GmsCoreStatsService in 230001ms for other
08-26 18:13:19.902  1891  2458 W ActivityManager: Rescheduling restart of crashed service com.google.android.gms/.gcm.nts.SchedulerService in 240001ms for other
08-26 18:13:19.902  1891  2458 W ActivityManager: Rescheduling restart of crashed service com.google.android.gms/.remotegestures.api.RemoteGesturesService in 250001ms for other
08-26 18:13:19.902  1891  2458 W ActivityManager: Rescheduling restart of crashed service com.google.android.gms/com.google.android.location.network.NetworkLocationService in 260001ms for other
08-26 18:13:19.902  1891  2458 W ActivityManager: Rescheduling restart of crashed service com.google.android.gms/.chimera.PersistentInternalBoundBrokerService in 270001ms for other
08-26 18:13:20.248  1891  2454 I PackageManager: getInstalledPackages: callingUid=10108 flags=192 updatedFlags=786624 userId=0
08-26 18:13:20.252  1891  3954 W ActivityManager: Skipping manifest association check for null package. SourceUid: -1, SourcePkg: null, TargetUid: 10108, TargetPkg: com.google.android.gms
08-26 18:13:20.324  1891  3166 W ActivityManager: Skipping manifest association check for null package. SourceUid: -1, SourcePkg: null, TargetUid: 10108, TargetPkg: com.google.android.gms
08-26 18:13:20.329  1891  2458 W ActivityManager: Skipping manifest association check for null package. SourceUid: -1, SourcePkg: null, TargetUid: 10108, TargetPkg: com.google.android.gms
08-26 18:13:20.330  1891  2458 W ActivityManager: Skipping manifest association check for null package. SourceUid: -1, SourcePkg: null, TargetUid: 10108, TargetPkg: com.google.android.gms
08-26 18:13:20.331  1891  2458 W ActivityManager: Skipping manifest association check for null package. SourceUid: -1, SourcePkg: null, TargetUid: 10108, TargetPkg: com.google.android.gms
08-26 18:13:20.343  1891  2843 W ActivityManager: Skipping manifest association check for null package. SourceUid: -1, SourcePkg: null, TargetUid: 10108, TargetPkg: com.google.android.gms
08-26 18:13:20.376  1891  3954 W ActivityManager: Skipping manifest association check for null package. SourceUid: -1, SourcePkg: null, TargetUid: 10108, TargetPkg: com.google.android.gms
08-26 18:13:20.480  1891  3166 W ActivityManager: Skipping manifest association check for null package. SourceUid: -1, SourcePkg: null, TargetUid: 10108, TargetPkg: com.google.android.gms
08-26 18:13:20.483  1891  3166 W ActivityManager: Skipping manifest association check for null package. SourceUid: -1, SourcePkg: null, TargetUid: 10108, TargetPkg: com.google.android.gms
08-26 18:13:20.602  1891  3166 I PackageManager: getInstalledPackages: callingUid=10108 flags=128 updatedFlags=786560 userId=0
08-26 18:13:21.072  1891  2458 D ActivityManager: sync unfroze 17627 com.google.android.apps.maps for 3
08-26 18:13:21.089  1891  2458 W ActivityManager: Skipping manifest association check for null package. SourceUid: -1, SourcePkg: null, TargetUid: 10082, TargetPkg: com.google.android.apps.maps
08-26 18:13:21.090  1891  2458 W ActivityManager: Skipping manifest association check for null package. SourceUid: -1, SourcePkg: null, TargetUid: 10082, TargetPkg: com.google.android.apps.maps
08-26 18:13:21.507  1891  2458 D ActivityManager: sync unfroze 17661 com.google.android.apps.youtube.music for 3
08-26 18:13:21.509  1891  2458 W ActivityManager: Skipping manifest association check for null package. SourceUid: -1, SourcePkg: null, TargetUid: 10077, TargetPkg: com.google.android.apps.youtube.music
08-26 18:13:21.648  1891  3954 W ActivityManager: pid 17661 com.google.android.apps.youtube.music sent binder code 27 with flags 2 and got error -32
08-26 18:13:22.390  1891  3906 D ActivityManager: sync unfroze 12836 com.google.android.dialer for 6
08-26 18:13:22.674  1891  3954 W ActivityManager: pid 17942 com.google.android.gms.persistent sent binder code 18 with flags 2 and got error -74
08-26 18:13:22.675  1891  3954 D ActivityManager: Too many transaction errors, throttling transaction error callback.
08-26 18:13:22.756 17942 18001 D ActivityThread: Too many transaction errors, throttling transaction error callback.
08-26 18:13:22.804  2888 18069 W ContextImpl: Calling a method in the system process without a qualified user: android.app.ContextImpl.bindService:2168 android.content.ContextWrapper.bindService:906 com.google.android.gms.wearable.zzz.dispatchMessageTraced:45 com.google.android.gms.libs.punchclock.threads.TracingHandler.dispatchMessage:0 android.os.Looper.loopOnce:296 
08-26 18:13:23.232  2888 18069 W ContextImpl: Calling a method in the system process without a qualified user: android.app.ContextImpl.bindService:2168 android.content.ContextWrapper.bindService:906 com.google.android.gms.wearable.zzz.dispatchMessageTraced:45 com.google.android.gms.libs.punchclock.threads.TracingHandler.dispatchMessage:0 android.os.Looper.loopOnce:296 
08-26 18:13:23.262  2888 18069 W ContextImpl: Calling a method in the system process without a qualified user: android.app.ContextImpl.bindService:2168 android.content.ContextWrapper.bindService:906 com.google.android.gms.wearable.zzz.dispatchMessageTraced:45 com.google.android.gms.libs.punchclock.threads.TracingHandler.dispatchMessage:0 android.os.Looper.loopOnce:296 
08-26 18:13:23.696  1891  3863 D ActivityManager: sync unfroze 29534 com.google.android.apps.messaging for 6
08-26 18:13:23.793  1891  3863 D ActivityManager: sync unfroze 28990 com.google.android.deskclock for 6
08-26 18:13:24.538  1891  2458 D ActivityManager: sync unfroze 6531 com.fitbit.FitbitMobile for 3
08-26 18:13:24.736  1891  2459 W ActivityManager: Slow operation: 56ms so far, now at startProcess: returned from zygote!
08-26 18:13:24.743  1891  2459 W ActivityManager: Slow operation: 63ms so far, now at startProcess: done updating battery stats
08-26 18:13:24.743  1891  2459 W ActivityManager: Slow operation: 63ms so far, now at startProcess: building log message
08-26 18:13:24.743  1891  2459 I ActivityManager: Start proc 18102:jp.naver.line.android/u0a149 for bound-service {jp.naver.line.android/com.linecorp.wear.service.WatchListenerService}
08-26 18:13:24.743  1891  2459 W ActivityManager: Slow operation: 64ms so far, now at startProcess: starting to update pids map
08-26 18:13:24.744  1891  2459 W ActivityManager: Slow operation: 64ms so far, now at startProcess: done updating pids map
08-26 18:13:25.090  1891  3906 W ActivityManager: Skipping manifest association check for null package. SourceUid: -1, SourcePkg: null, TargetUid: 10108, TargetPkg: com.google.android.gms
08-26 18:13:25.116  1891  2930 W ActivityManager: Skipping manifest association check for null package. SourceUid: -1, SourcePkg: null, TargetUid: 10108, TargetPkg: com.google.android.gms
08-26 18:13:25.419  1891  2930 W ActivityManager: Skipping manifest association check for null package. SourceUid: -1, SourcePkg: null, TargetUid: 10108, TargetPkg: com.google.android.gms
08-26 18:13:25.419  1891  2930 W ActivityManager: Skipping manifest association check for null package. SourceUid: -1, SourcePkg: null, TargetUid: 10108, TargetPkg: com.google.android.gms
08-26 18:13:25.564  1891  2499 I AppsFilter: interaction: PackageSetting{4bf0659 com.totonoi.sauna/10179} -> PackageSetting{c5bbce0 com.google.android.deskclock/10060} BLOCKED
08-26 18:13:25.642  1891  2458 W ActivityManager: Skipping manifest association check for null package. SourceUid: -1, SourcePkg: null, TargetUid: 10108, TargetPkg: com.google.android.gms
08-26 18:13:25.660  1891  2458 W ActivityManager: Skipping manifest association check for null package. SourceUid: -1, SourcePkg: null, TargetUid: 10108, TargetPkg: com.google.android.gms
08-26 18:13:25.662  1891  2458 W ActivityManager: Skipping manifest association check for null package. SourceUid: -1, SourcePkg: null, TargetUid: 10108, TargetPkg: com.google.android.gms
08-26 18:13:25.665  1891  2458 W ActivityManager: Skipping manifest association check for null package. SourceUid: -1, SourcePkg: null, TargetUid: 10108, TargetPkg: com.google.android.gms
08-26 18:13:25.827  1891  2454 D ActivityManager: sync unfroze 17327 com.google.android.apps.safetyhub for 6
08-26 18:13:25.865  1891  2458 D ActivityManager: sync unfroze 17758 com.google.android.apps.walletnfcrel for 3
08-26 18:13:25.870 17942 18001 D ActivityThread: Too many transaction errors, throttling transaction error callback.
08-26 18:13:25.910  1891  2601 V AccessibilityUserState: updateShortcutTargets: type:accessibility_shortcut_target_service, current:{}, new:{}
08-26 18:13:25.911  1891  2601 V AccessibilityUserState: updateShortcutTargets: type:accessibility_qs_targets, current:{}, new:{}
08-26 18:13:25.911  1891  2601 V AccessibilityUserState: updateShortcutTargets: type:accessibility_button_targets, current:{}, new:{}
08-26 18:13:25.911  1891  2601 V AccessibilityUserState: updateShortcutTargets: type:accessibility_gesture_targets, current:{}, new:{}
08-26 18:13:25.911  1891  2601 V AccessibilityUserState: updateShortcutTargets: type:accessibility_key_gesture_targets, current:{}, new:{}
08-26 18:13:25.911  1891  2601 V AccessibilityUserState: updateShortcutTargets: type:accessibility_top_row_key_targets, current:{}, new:{}
08-26 18:13:25.911  1891  2601 V AccessibilityUserState: updateShortcutTargets: type:accessibility_quick_access_targets, current:{}, new:{}
08-26 18:13:25.911  1891  2601 V AccessibilityManagerService: onUserStateChangedLocked for userId: 0, forceUpdate: false
08-26 18:13:25.915  1891  2601 V AccessibilityUserState: updateShortcutTargets: type:accessibility_shortcut_target_service, current:{}, new:{}
08-26 18:13:25.916  1891  2601 V AccessibilityUserState: updateShortcutTargets: type:accessibility_button_targets, current:{}, new:{}
08-26 18:13:25.917  1891  2601 V AccessibilityUserState: updateShortcutTargets: type:accessibility_gesture_targets, current:{}, new:{}
08-26 18:13:25.917  1891  2601 V AccessibilityUserState: updateShortcutTargets: type:accessibility_qs_targets, current:{}, new:{}
08-26 18:13:25.917  1891  2601 V AccessibilityUserState: updateShortcutTargets: type:accessibility_key_gesture_targets, current:{}, new:{}
08-26 18:13:25.917  1891  2601 V AccessibilityUserState: updateShortcutTargets: type:accessibility_top_row_key_targets, current:{}, new:{}
08-26 18:13:25.917  1891  2601 V AccessibilityUserState: updateShortcutTargets: type:accessibility_quick_access_targets, current:{}, new:{}
08-26 18:13:25.918  1891  2601 W MagnificationConnectionManager: requestConnection duplicated request: connect=false, mConnectionState=DISCONNECTED
08-26 18:13:25.918  1891  1891 V AccessibilityManagerService: onUserStateChangedLocked for userId: 0, forceUpdate: false
08-26 18:13:25.919  1891  1891 V AccessibilityUserState: updateShortcutTargets: type:accessibility_shortcut_target_service, current:{}, new:{}
08-26 18:13:25.919  1891  1891 V AccessibilityUserState: updateShortcutTargets: type:accessibility_button_targets, current:{}, new:{}
08-26 18:13:25.919  1891  1891 V AccessibilityUserState: updateShortcutTargets: type:accessibility_gesture_targets, current:{}, new:{}
08-26 18:13:25.919  1891  1891 V AccessibilityUserState: updateShortcutTargets: type:accessibility_qs_targets, current:{}, new:{}
08-26 18:13:25.919  1891  1891 V AccessibilityUserState: updateShortcutTargets: type:accessibility_key_gesture_targets, current:{}, new:{}
08-26 18:13:25.919  1891  1891 V AccessibilityUserState: updateShortcutTargets: type:accessibility_top_row_key_targets, current:{}, new:{}
08-26 18:13:25.919  1891  1891 V AccessibilityUserState: updateShortcutTargets: type:accessibility_quick_access_targets, current:{}, new:{}
08-26 18:13:25.919  1891  1891 W MagnificationConnectionManager: requestConnection duplicated request: connect=false, mConnectionState=DISCONNECTED
08-26 18:13:25.997  1891  1927 W Looper  : Slow dispatch took 344ms android.fg app=system_server main=false group=FOREGROUND h=android.os.Handler c=com.android.server.servicewatcher.ServiceWatcherImpl$$ExternalSyntheticLambda0@d6e85ed m=0
08-26 18:13:26.039  1891  1927 W Looper  : Slow delivery took 384ms android.fg app=system_server main=false group=FOREGROUND h=android.os.Handler c=com.android.server.servicewatcher.ServiceWatcherImpl$$ExternalSyntheticLambda0@4425d7a m=0
08-26 18:13:26.088  1891  1891 E JobScheduler.Component: Job exists for non-existent package: com.google.android.deskclock
08-26 18:13:26.096  1891  2799 D ShortcutService: received package broadcast intent: Intent { act=android.intent.action.PACKAGE_CHANGED dat=package: flg=0x45000010 (has extras) }
08-26 18:13:26.118  1891  2799 D ShortcutService: changing package: com.google.android.deskclock userId=0
08-26 18:13:26.181  1891  2459 W ActivityManager: Slow operation: 56ms so far, now at startProcess: returned from zygote!
08-26 18:13:26.181  1891  2459 W ActivityManager: Slow operation: 57ms so far, now at startProcess: done updating battery stats
08-26 18:13:26.181  1891  2459 W ActivityManager: Slow operation: 57ms so far, now at startProcess: building log message
08-26 18:13:26.181  1891  2459 I ActivityManager: Start proc 18141:com.google.android.permissioncontroller/u0a135 for bound-service {com.google.android.permissioncontroller/com.android.permissioncontroller.permission.service.PermissionControllerServiceImpl}
08-26 18:13:26.181  1891  2459 W ActivityManager: Slow operation: 57ms so far, now at startProcess: starting to update pids map
08-26 18:13:26.183  1891  2459 W ActivityManager: Slow operation: 58ms so far, now at startProcess: done updating pids map
08-26 18:13:26.209  1891  1927 W Looper  : Drained
08-26 18:13:26.231  1891  2583 D ActivityManager: freezing 17627 com.google.android.apps.maps
08-26 18:13:26.649  1891  2583 D ActivityManager: freezing 17661 com.google.android.apps.youtube.music
08-26 18:13:26.654  1891  2583 D ActivityManager: Reschedule freeze for process 17661 com.google.android.apps.youtube.music (new pending txns), timeout=1000
08-26 18:13:26.659  1891  2583 D ActivityManager: sync unfroze 17661 com.google.android.apps.youtube.music for 18
08-26 18:13:26.704  1891  3166 W ActivityManager: Unable to start service Intent { act=com.google.android.gms.findmydevice.spot.service.locationreport.START xflg=0x4 pkg=com.google.android.gms } U=0: not found
08-26 18:13:26.706  1891  3166 W ActivityManager: Unbind failed: could not find connection for android.os.BinderProxy@8f1f4d6
08-26 18:13:26.753  1891  2457 I AppBindingService: [Supervision app] feature disabled
08-26 18:13:27.356  1891  2458 D ActivityManager: sync unfroze 4169 com.google.android.gm for 3
08-26 18:13:27.660  1891  2583 D ActivityManager: freezing 17661 com.google.android.apps.youtube.music
08-26 18:13:27.668  1891  2458 D ActivityManager: sync unfroze 17800 com.google.android.apps.chromecast.app for 3
08-26 18:13:28.110  1891  2458 D ActivityManager: sync unfroze 17856 com.google.android.calendar for 3
08-26 18:13:29.077   544 17933 I keystore2: system/security/keystore2/watchdog/src/lib.rs:371 - Watchdog thread idle -> terminating. Have a great day.
08-26 18:13:29.855  1891  2583 D ActivityManager: freezing 6531 com.fitbit.FitbitMobile
08-26 18:13:29.855  1891  2583 D ActivityManager: Reschedule freeze for process 6531 com.fitbit.FitbitMobile (outstanding txns), timeout=1505
08-26 18:13:31.194  1891  2583 D ActivityManager: freezing 17758 com.google.android.apps.walletnfcrel
08-26 18:13:31.361  1891  2583 D ActivityManager: freezing 6531 com.fitbit.FitbitMobile
08-26 18:13:32.508  1891  2583 D ActivityManager: freezing 4169 com.google.android.gm
08-26 18:13:32.745  1891  2583 D ActivityManager: freezing 17800 com.google.android.apps.chromecast.app
08-26 18:13:33.211  1891  2583 D ActivityManager: freezing 17856 com.google.android.calendar
08-26 18:13:33.855  1891  3166 W ActivityManager: stopServiceToken startId 64 is last, but have 1 remaining args
08-26 18:13:34.920  1891  3863 D BiometricService: canAuthenticate: User=0, Caller=0, Authenticators=65536
08-26 18:13:34.921  1891  3863 D BiometricService/PreAuthInfo: getCanAuthenticateInternal Modality: 0 AuthenticatorStatus: 13
08-26 18:13:34.921  1891  3863 D AuthService: canAuthenticate, userId: 0, callingUserId: 0, authenticators: 65536, result: 20
08-26 18:13:34.922  1891  3863 D BiometricService: canAuthenticate: User=0, Caller=0, Authenticators=15
08-26 18:13:34.922  1891  3863 D BiometricService/PreAuthInfo: getCanAuthenticateInternal Modality: 0 AuthenticatorStatus: 2
08-26 18:13:34.923  1891  3863 D AuthService: canAuthenticate, userId: 0, callingUserId: 0, authenticators: 15, result: 12
--------- beginning of main
08-26 18:13:34.937 17942 17984 W ChimeraUtils: Module com.google.android.gms.tapandpay missing resource null(0)
08-26 18:13:35.207   973  1002 W resolvrs::doh::connection: Connection driver returns some Err: Closed
08-26 18:13:35.223 17942 17982 W .gms.persistent: Monitor::Inflate: Install failed 0x73bb9aa0
08-26 18:13:35.225   544   737 I keystore2: system/security/keystore2/src/error.rs:69 - system/security/keystore2/src/security_level.rs:340
08-26 18:13:35.225   544   737 I keystore2: 
08-26 18:13:35.225   544   737 I keystore2: Caused by:
08-26 18:13:35.225   544   737 I keystore2:     0: system/security/keystore2/src/enforcements.rs:621: matching auth token (challenge=0, userId=-6335600737493881464, authId=0, authType=0x1, timestamp=26470798061ms) rcved=BootTime(5278592731) for sids [SecureUserId(-6335600737493881464)] type Some(3) is expired (76628s old > timeout=3600s)
08-26 18:13:35.225   544   737 I keystore2:     1: Error::Km(r#KEY_USER_NOT_AUTHENTICATED) for AppUid(10108)
08-26 18:13:35.227 17942 17982 W .gms.persistent: Monitor::Inflate: Install failed 0x73bc4b48
08-26 18:13:35.234 17942 17982 I TapAndPay: User not authenticated, leaving the cached key alone [CONTEXT service_id=79 ]
08-26 18:13:35.234 17942 17982 I TapAndPay: android.security.keystore.UserNotAuthenticatedException: User not authenticated
08-26 18:13:35.234 17942 17982 I TapAndPay: 	at android.security.keystore2.KeyStoreCryptoOperationUtils.getInvalidKeyException(KeyStoreCryptoOperationUtils.java:125)
08-26 18:13:35.234 17942 17982 I TapAndPay: 	at android.security.keystore2.KeyStoreCryptoOperationUtils.getExceptionForCipherInit(KeyStoreCryptoOperationUtils.java:146)
08-26 18:13:35.234 17942 17982 I TapAndPay: 	at android.security.keystore2.AndroidKeyStoreCipherSpiBase.ensureKeystoreOperationInitialized(AndroidKeyStoreCipherSpiBase.java:360)
08-26 18:13:35.234 17942 17982 I TapAndPay: 	at android.security.keystore2.AndroidKeyStoreCipherSpiBase.engineInit(AndroidKeyStoreCipherSpiBase.java:188)
08-26 18:13:35.234 17942 17982 I TapAndPay: 	at javax.crypto.Cipher.tryTransformWithProvider(Cipher.java:3003)
08-26 18:13:35.234 17942 17982 I TapAndPay: 	at javax.crypto.Cipher.tryCombinations(Cipher.java:2910)
08-26 18:13:35.234 17942 17982 I TapAndPay: 	at javax.crypto.Cipher$SpiAndProviderUpdater.updateAndGetSpiAndProvider(Cipher.java:2815)
08-26 18:13:35.234 17942 17982 I TapAndPay: 	at javax.crypto.Cipher.chooseProvider(Cipher.java:792)
08-26 18:13:35.234 17942 17982 I TapAndPay: 	at javax.crypto.Cipher.init(Cipher.java:1162)
08-26 18:13:35.234 17942 17982 I TapAndPay: 	at javax.crypto.Cipher.init(Cipher.java:1103)
08-26 18:13:35.234 17942 17982 I TapAndPay: 	at cqhu.e(:com.google.android.gms@263234086@26.32.34 (240300-968093310):26)
08-26 18:13:35.234 17942 17982 I TapAndPay: 	at cqhu.c(:com.google.android.gms@263234086@26.32.34 (240300-968093310):13)
08-26 18:13:35.234 17942 17982 I TapAndPay: 	at cqhq.run(:com.google.android.gms@263234086@26.32.34 (240300-968093310):11)
08-26 18:13:35.234 17942 17982 I TapAndPay: 	at aoip.d(:com.google.android.gms@263234086@26.32.34 (240300-968093310):50)
08-26 18:13:35.234 17942 17982 I TapAndPay: 	at aoip.c(:com.google.android.gms@263234086@26.32.34 (240300-968093310):6)
08-26 18:13:35.234 17942 17982 I TapAndPay: 	at aoip.run(:com.google.android.gms@263234086@26.32.34 (240300-968093310):33)
08-26 18:13:35.234 17942 17982 I TapAndPay: 	at java.util.concurrent.ThreadPoolExecutor.runWorker(ThreadPoolExecutor.java:1100)
08-26 18:13:35.234 17942 17982 I TapAndPay: 	at java.util.concurrent.ThreadPoolExecutor$Worker.run(ThreadPoolExecutor.java:624)
08-26 18:13:35.234 17942 17982 I TapAndPay: 	at aooe.run(:com.google.android.gms@263234086@26.32.34 (240300-968093310):8)
08-26 18:13:35.234 17942 17982 I TapAndPay: 	at java.lang.Thread.run(Thread.java:1572)
08-26 18:13:35.256 17942 18222 I TapAndPay: Omelette is disabled. [CONTEXT service_id=79 ]
08-26 18:13:35.325 17942 17982 I NetworkScheduler.Stats: (REDACTED) Task %s/%s finished executing. cause:%s result: %s elapsed_millis: %s uptime_millis: %s exec_start_elapsed_seconds: %s
08-26 18:13:35.371 17942 17984 I NetworkScheduler.Stats: (REDACTED) Task %s/%s started execution. cause:%s exec_start_elapsed_seconds: %s
08-26 18:13:35.372 17942 17983 I DelayedExternalListeningServicesTaskService: Running delayed external listening services task
08-26 18:13:35.374 17942 17983 I DelayedExternalListeningServicesTaskService: Starting GCM service auto starter
08-26 18:13:35.381 17942 17984 I NetworkScheduler.Stats: (REDACTED) Task %s/%s finished executing. cause:%s result: %s elapsed_millis: %s uptime_millis: %s exec_start_elapsed_seconds: %s
08-26 18:13:35.442 17942 17983 I NetworkScheduler.Stats: (REDACTED) Task %s/%s started execution. cause:%s exec_start_elapsed_seconds: %s
08-26 18:13:35.613 17942 17982 I NetworkScheduler.Stats: (REDACTED) Task %s/%s finished executing. cause:%s result: %s elapsed_millis: %s uptime_millis: %s exec_start_elapsed_seconds: %s
08-26 18:13:35.676 17942 17946 W .gms.persistent: Cleared Reference was only reachable from finalizer (only reported once)
08-26 18:13:35.791 17942 17948 W System  : A resource failed to call AbstractCursor.close. 
08-26 18:13:35.791 17942 17948 W System  : A resource failed to call AbstractCursor.close. 
08-26 18:13:35.794 17942 17948 W System  : A resource failed to call AbstractCursor.close. 
08-26 18:13:35.806 17942 17948 W System  : A resource failed to call AbstractCursor.close. 
08-26 18:13:35.806 17942 17948 W System  : A resource failed to call AbstractCursor.close. 
08-26 18:13:35.988  4343  4418 E bluetooth: system/gd/os/linux_generic/files.cc:223 FileCreatedTime: unable to read '/data/misc/bluetooth/logs/btsnooz_hci.log' file metadata, error: No such file or directory
08-26 18:13:35.998 17473 17522 I AggregationService: (REDACTED) Starting finalization task for expired aggregation windows. Total number of expired files: %s
08-26 18:13:36.918  1827  1830 I pixel-thermal: audio-therm:40.991 raw data: audio-therm:40991 
08-26 18:13:37.504  3050  3050 I AmbientTaskStackManager: checkActiveLocked: timeout has already passed by 17ms!
08-26 18:13:37.613  1891 14836 E SettingsToPropertiesMapper: key=persist.device_config.storage_native_boot.transcode_compat_manifest value=com.yelp.android,0,com.yy.biu,0,com.groupme.android,0,air.tv.douyu.android,0,com.baidu.mbaby,0,com.vlocker.locker,0,com.znxh.hyhuo,0,com.yixia.xiaokaxiu,0 exceeds system property max length.
08-26 18:13:37.633  1891  1891 D ActivityManager: Freezer timeout set to 5000
08-26 18:13:37.647  1891  2458 V GrammaticalInflectionUtils: AttributionSource: android.content.AttributionSource@7c84a63b does not have READ_SYSTEM_GRAMMATICAL_GENDER permission.
08-26 18:13:37.648  3775  4095 D PickerSyncLockManager: Trying to acquire lock com.android.providers.media.photopicker.sync.CloseableReentrantLock@7f660da[Unlocked]. Lock Name = CLOUD_PROVIDER_LOCK. Threads that may be waiting to acquire this lock = []
08-26 18:13:37.648  3775  4095 D CloseableReentrantLock: Successfully acquired lock com.android.providers.media.photopicker.sync.CloseableReentrantLock@7f660da[Locked by thread fg]. Lock Name = CLOUD_PROVIDER_LOCK. Threads that may be waiting to acquire this lock = []
08-26 18:13:37.649  3775  4095 D CloseableReentrantLock: Successfully released lock com.android.providers.media.photopicker.sync.CloseableReentrantLock@7f660da[Unlocked]. Lock Name = CLOUD_PROVIDER_LOCK. Threads that may be waiting to acquire this lock = []
08-26 18:13:37.653  3775  4095 D PickerDataLayer: Cloud provider allowlist was changed, and the current cloud provider is no longer on the allowlist. Allowlist: [com.google.android.apps.photos] Current Provider: null
08-26 18:13:37.653  3775  4095 D PickerSyncLockManager: Trying to acquire lock com.android.providers.media.photopicker.sync.CloseableReentrantLock@7f660da[Unlocked]. Lock Name = CLOUD_PROVIDER_LOCK. Threads that may be waiting to acquire this lock = []
08-26 18:13:37.653  3775  4095 D CloseableReentrantLock: Successfully acquired lock com.android.providers.media.photopicker.sync.CloseableReentrantLock@7f660da[Locked by thread fg]. Lock Name = CLOUD_PROVIDER_LOCK. Threads that may be waiting to acquire this lock = []
08-26 18:13:37.654  3775  4095 D CloseableReentrantLock: Successfully released lock com.android.providers.media.photopicker.sync.CloseableReentrantLock@7f660da[Unlocked]. Lock Name = CLOUD_PROVIDER_LOCK. Threads that may be waiting to acquire this lock = []
08-26 18:13:37.658  3775  3926 I MediaProvider: Changed PhotoPickerGetContentActivity component state to STATE_ENABLED ( 1 )
08-26 18:13:37.667  3775  3973 I SyncWorkManager: Scheduling periodic proactive syncs
08-26 18:13:37.668  3775  3926 I MediaProvider: Changed PhotoPickerActivity component state to STATE_ENABLED ( 1 )
08-26 18:13:37.681   975   975 D Zygote  : Forked child process 18226
08-26 18:13:37.681  3775  3926 I MediaProvider: Changed PhotoPickerUserSelectActivity component state to STATE_ENABLED ( 1 )
08-26 18:13:37.684  1891  2459 I ActivityManager: Start proc 18226:com.google.android.photopicker/u0a132 for broadcast {com.google.android.photopicker/com.android.photopicker.PhotopickerDeviceConfigReceiver}
08-26 18:13:37.691  3775  3926 I TranscodeHelper: Empty transcode compat stale
08-26 18:13:37.704  3775  3779 W FuseDaemon: Suspending all threads took: 7.494ms
08-26 18:13:37.706 18226 18226 I libprocessgroup: Created cgroup /sys/fs/cgroup/apps/uid_10132/pid_18226
08-26 18:13:37.720 17942 18223 I PlatformConfigurator: updateFromConfigurations using legacy put method [CONTEXT service_id=204 ]
08-26 18:13:37.727  3775  3926 I TranscodeHelper: Parsed 0 packages from resource
08-26 18:13:37.731  3775  3926 I TranscodeHelper: Parsed 8 packages from device config
08-26 18:13:37.736 18226 18226 I Zygote  : Process 18226 created for com.google.android.photopicker
08-26 18:13:37.737 18226 18226 I oid.photopicker: Using generational CollectorTypeCMC GC.
08-26 18:13:37.763 18226 18226 D nativeloader: Load libframework-connectivity-tiramisu-jni.so using APEX ns com_android_tethering for caller /apex/com.android.tethering/javalib/framework-connectivity-t.jar: ok
08-26 18:13:37.769  3775  3973 I SyncWorkManager: Scheduling periodic picker album data resets
08-26 18:13:37.779  3775  3973 I MediaApplication: PhotoPickerSettingsActivity is now enabled
08-26 18:13:37.781  3775  3973 D PickerSyncLockManager: Trying to acquire lock com.android.providers.media.photopicker.sync.CloseableReentrantLock@7f660da[Unlocked]. Lock Name = CLOUD_PROVIDER_LOCK. Threads that may be waiting to acquire this lock = []
08-26 18:13:37.781  3775  3973 D CloseableReentrantLock: Successfully acquired lock com.android.providers.media.photopicker.sync.CloseableReentrantLock@7f660da[Locked by thread com.android.providers.media.internal.modules.utils.BackgroundThread]. Lock Name = CLOUD_PROVIDER_LOCK. Threads that may be waiting to acquire this lock = []
08-26 18:13:37.787  3775  3973 D CloudProviderUtils: Available CloudMediaProvider-s: []
08-26 18:13:37.787  3775  3973 I PickerSyncController: Found 0 available Cloud Media Providers.
08-26 18:13:37.787  3775  3973 I PickerSyncController: Default Cloud-Media-Provider package is 
08-26 18:13:37.787  3775  3973 D PickerSyncLockManager: Trying to acquire lock com.android.providers.media.photopicker.sync.CloseableReentrantLock@7f660da[Locked by thread com.android.providers.media.internal.modules.utils.BackgroundThread]. Lock Name = CLOUD_PROVIDER_LOCK. Threads that may be waiting to acquire this lock = []
08-26 18:13:37.787  3775  3973 D CloseableReentrantLock: Successfully acquired lock com.android.providers.media.photopicker.sync.CloseableReentrantLock@7f660da[Locked by thread com.android.providers.media.internal.modules.utils.BackgroundThread]. Lock Name = CLOUD_PROVIDER_LOCK. Threads that may be waiting to acquire this lock = []
08-26 18:13:37.789  3775  3973 D CloseableReentrantLock: Successfully released lock com.android.providers.media.photopicker.sync.CloseableReentrantLock@7f660da[Locked by thread com.android.providers.media.internal.modules.utils.BackgroundThread]. Lock Name = CLOUD_PROVIDER_LOCK. Threads that may be waiting to acquire this lock = []
08-26 18:13:37.798  3775  3973 D PickerSyncController: Initialized cloud provider to: null
08-26 18:13:37.798  3775  3973 D CloseableReentrantLock: Successfully released lock com.android.providers.media.photopicker.sync.CloseableReentrantLock@7f660da[Unlocked]. Lock Name = CLOUD_PROVIDER_LOCK. Threads that may be waiting to acquire this lock = []
08-26 18:13:37.816 18226 18226 D CompatChangeReporter: Compat change id reported: 333566037; UID 10132; state: ENABLED
08-26 18:13:37.858 18226 18226 D nativeloader: Configuring clns-shared-6 for other apk /apex/com.android.mediaprovider/priv-app/PhotopickerGoogle@370546200/PhotopickerGoogle.apk. target_sdk_version=37, uses_libraries=, library_path=/apex/com.android.mediaprovider/priv-app/PhotopickerGoogle@370546200/lib/arm:/system/lib:/system_ext/lib, permitted_path=/data:/mnt/expand:/data/user/0/com.google.android.photopicker:/apex/com.android.mediaprovider/priv-app/PhotopickerGoogle@370546200:/system/lib:/system_ext/lib
08-26 18:13:37.864 18226 18226 D nativeloader: InitApexLibraries:
08-26 18:13:37.864 18226 18226 D nativeloader:   com_android_adservices: libhpke_jni.so:libtflite_support_classifiers_native.so
08-26 18:13:37.864 18226 18226 D nativeloader:   com_android_appsearch: libappsearchservice.so:libicing_anywhere.so
08-26 18:13:37.864 18226 18226 D nativeloader:   com_android_art: libartservice.so
08-26 18:13:37.864 18226 18226 D nativeloader:   com_android_bt: libbluetooth_jni.so
08-26 18:13:37.864 18226 18226 D nativeloader:   com_android_conscrypt: libjavacrypto.so
08-26 18:13:37.864 18226 18226 D nativeloader:   com_android_extservices: libtflite_support_classifiers_native.so
08-26 18:13:37.864 18226 18226 D nativeloader:   com_android_mediaprovider: libpdfclient.so
08-26 18:13:37.864 18226 18226 D nativeloader:   com_android_nfcservices: libnfc_nci_jni.so
08-26 18:13:37.864 18226 18226 D nativeloader:   com_android_npumanager: libnpumanager_service_jni.so
08-26 18:13:37.864 18226 18226 D nativeloader:   com_android_ondevicepersonalization: libfcp_cpp_dep_jni.so:libfcp_hpke_jni.so
08-26 18:13:37.864 18226 18226 D nativeloader:   com_android_os_statsd: libstats_jni.so
08-26 18:13:37.864 18226 18226 D nativeloader:   com_android_tethering: libandroid_net_connectivity_com_android_net_module_util_jni.so:libandroid_net_connectivity_com_android_net_module_util_jni_CommonConnectivityJni.so:libcrypto_httpengine.so:libframework-connectivity-jni.so:libframework-connectivity-tiramisu-jni.so:libhttpengine.so:libservice-connectivity.so:libservice-thread-jni.so
08-26 18:13:37.864 18226 18226 D nativeloader:   com_android_uwb: libuwb_uci_jni_rust.so
08-26 18:13:37.864 18226 18226 D nativeloader:   com_android_virt: Mi
08-26 18:13:37.903 18226 18226 W oid.photopicker: Monitor::Inflate: Install failed 0x733e1798
08-26 18:13:37.915 18226 18226 V GraphicsEnvironment: Currently set values for:
08-26 18:13:37.915 18226 18226 V GraphicsEnvironment:   angle_gl_driver_selection_pkgs=[]
08-26 18:13:37.915 18226 18226 V GraphicsEnvironment:   angle_gl_driver_selection_values=[]
08-26 18:13:37.915 18226 18226 V GraphicsEnvironment: com.google.android.photopicker is not listed in per-application setting
08-26 18:13:37.915 18226 18226 V GraphicsEnvironment: No special selections for ANGLE, returning default driver choice
08-26 18:13:37.916  1891  2746 E SystemServiceRegistry: Manager wrapper not available: carrier_config
08-26 18:13:37.918 18226 18226 V GraphicsEnvironment: Neither updatable production driver nor prerelease driver is supported.
08-26 18:13:37.928 18226 18226 D CompatChangeReporter: Compat change id reported: 407952621; UID 10132; state: ENABLED
08-26 18:13:37.929 18226 18226 D CompatChangeReporter: Compat change id reported: 419020719; UID 10132; state: ENABLED
08-26 18:13:37.974 18226 18226 D CompatChangeReporter: Compat change id reported: 458413887; UID 10132; state: ENABLED
08-26 18:13:37.975 18226 18226 W oid.photopicker: Monitor::Inflate: Install failed 0x73b63420
08-26 18:13:37.976 18226 18226 D PhotopickerDeviceConfigReceiver: onReceive: will evaluate Photopicker components with new DeviceConfig.
08-26 18:13:37.987 18226 18226 D PhotopickerDeviceConfigReceiver: Setting true state for com.android.photopicker.MainActivity
08-26 18:13:37.988 18226 18226 D PhotopickerDeviceConfigReceiver: Setting true state for com.android.photopicker.PhotopickerGetContentActivity
08-26 18:13:37.988 18226 18226 D PhotopickerDeviceConfigReceiver: Setting true state for com.android.photopicker.PhotopickerUserSelectActivity
08-26 18:13:37.990  1891  3906 I ActivityManager: Killing 12742:com.google.android.crossdeviceaccessservice/u0a20 (adj 975): empty #17
08-26 18:13:38.023  1891  2460 I libprocessgroup: Removed cgroup /sys/fs/cgroup/apps/uid_10020/pid_12742
08-26 18:13:38.024   975   975 I Zygote  : Process 12742 exited due to signal 9 (Killed)
08-26 18:13:38.254  1891  1891 D SdkSandboxManager: Property sdksandbox_next_activity_allowlist is empty.
08-26 18:13:38.254  1891  1891 D SdkSandboxManager: Property sdksandbox_next_contentprovider_allowlist is empty.
08-26 18:13:38.254  1891  1891 D SdkSandboxManager: Property sdksandbox_activity_allowlist_per_targetSdkVersion is empty.
08-26 18:13:38.254  1891  1891 D SdkSandboxManager: Property contentprovider_allowlist_per_targetSdkVersion is empty.
08-26 18:13:38.254  1891  1891 D SdkSandboxManager: Property services_allowlist_per_targetSdkVersion is empty.
08-26 18:13:38.263  1891  1891 E DeviceConfig: Parsing integer failed for wear:activity_auto_resume_timeout_ms
08-26 18:13:38.337  5516  5554 D androidtc: Try to schedule model download work because of device config changes.
08-26 18:13:38.394  5516  5544 W JobInfo : Requested important-while-foreground flag for job355 is ignored and takes no effect
08-26 18:13:38.394  5516  5544 D WM-SystemJobScheduler: Scheduling work ID 88cc7c23-edf5-4738-97a4-e7286b17d709Job ID 355
08-26 18:13:38.405  5516  5544 D WM-GreedyScheduler: Starting tracking for 88cc7c23-edf5-4738-97a4-e7286b17d709
08-26 18:13:38.406  5516  5554 D androidtc: Download work scheduled.
08-26 18:13:38.431  5516  5551 D WM-ConstraintTracker: BatteryChargingTracker: initial state = true
08-26 18:13:38.432  5516  5551 D WM-BrdcstRcvrCnstrntTrc: BatteryChargingTracker: registering receiver
08-26 18:13:38.434  5516  5552 D WM-ConstraintTracker: BatteryNotLowTracker: initial state = true
08-26 18:13:38.440  5516  5552 D WM-BrdcstRcvrCnstrntTrc: BatteryNotLowTracker: registering receiver
08-26 18:13:38.443  5516  5552 D WM-ConstraintTracker: StorageNotLowTracker: initial state = true
08-26 18:13:38.443  5516  5552 D WM-BrdcstRcvrCnstrntTrc: StorageNotLowTracker: registering receiver
08-26 18:13:38.445  5516  5552 D WM-WorkConstraintsTrack: NetworkRequestConstraintController register shared callback
08-26 18:13:38.447  1891  3863 D ConnectivityService: requestNetwork for uid/pid:10042/5516 activeRequest: null callbackRequest: 16043 [NetworkRequest [ REQUEST id=16044, [ Capabilities: INTERNET&NOT_RESTRICTED&TRUSTED&NOT_VCN_MANAGED&NOT_BANDWIDTH_CONSTRAINED Uid: 10042 RequestorUid: 10042 RequestorPkg: android.ext.services UnderlyingNetworks: Null] ]] callback flags: 0 order: 2147483647 isUidTracked: false declaredMethods: AVAIL|LOST|NC|BLK
08-26 18:13:38.448  1891  2746 D NetworkRequestStateStatsMetrics: Registered nr with ID = 16044, package_uid = 10042
08-26 18:13:38.453  5516  5552 D WM-PackageManagerHelper: androidx.work.impl.background.systemalarm.RescheduleReceiver enabled
08-26 18:13:38.455  5516  5559 D WM-WorkConstraintsTrack: NetworkRequestConstraintController onCapabilitiesChanged callback
08-26 18:13:38.457  1891  2746 D ConnectivityService: NetReassign [16044 : null → 1371] [c 1] [a 4] [i 4]
08-26 18:13:38.457  1891  2739 D WifiNetworkFactory: got request NetworkRequest [ REQUEST id=16044, [ Capabilities: INTERNET&NOT_RESTRICTED&TRUSTED&NOT_VCN_MANAGED&NOT_BANDWIDTH_CONSTRAINED Uid: 10042 RequestorUid: 10042 RequestorPkg: android.ext.services UnderlyingNetworks: Null] ]
08-26 18:13:38.457  1891  2739 D UntrustedWifiNetworkFactory: got request NetworkRequest [ REQUEST id=16044, [ Capabilities: INTERNET&NOT_RESTRICTED&TRUSTED&NOT_VCN_MANAGED&NOT_BANDWIDTH_CONSTRAINED Uid: 10042 RequestorUid: 10042 RequestorPkg: android.ext.services UnderlyingNetworks: Null] ]
08-26 18:13:38.457  1891  2739 D OemPaidWifiNetworkFactory: got request NetworkRequest [ REQUEST id=16044, [ Capabilities: INTERNET&NOT_RESTRICTED&TRUSTED&NOT_VCN_MANAGED&NOT_BANDWIDTH_CONSTRAINED Uid: 10042 RequestorUid: 10042 RequestorPkg: android.ext.services UnderlyingNetworks: Null] ]
08-26 18:13:38.457  1891  2739 D MultiInternetWifiNetworkFactory: got request NetworkRequest [ REQUEST id=16044, [ Capabilities: INTERNET&NOT_RESTRICTED&TRUSTED&NOT_VCN_MANAGED&NOT_BANDWIDTH_CONSTRAINED Uid: 10042 RequestorUid: 10042 RequestorPkg: android.ext.services UnderlyingNetworks: Null] ]
08-26 18:13:38.458  5516  5559 D WM-WorkConstraintsTrack: Not dispatching constraint state yet: isBlocked=null, capabilitiesInitialized=true
08-26 18:13:38.458  5516  5559 D WM-WorkConstraintsTrack: NetworkRequestConstraintController onBlockedStatusChanged callback false
08-26 18:13:38.459  1891  1891 D WEAR_NETWORK_OBSERVER: got request NetworkRequest [ REQUEST id=16044, [ Capabilities: INTERNET&NOT_RESTRICTED&TRUSTED&NOT_VCN_MANAGED&NOT_BANDWIDTH_CONSTRAINED Uid: 10042 RequestorUid: 10042 RequestorPkg: android.ext.services UnderlyingNetworks: Null] ]
08-26 18:13:38.465  5516  5544 D WM-GreedyScheduler: Constraints met: Scheduling work ID WorkGenerationalId(workSpecId=88cc7c23-edf5-4738-97a4-e7286b17d709, generation=0)
08-26 18:13:38.466   466   466 I lowmemorykiller: lmkd data connection established
08-26 18:13:38.467   466   466 I lowmemorykiller: Wakeup counter is reset from 720 to 0
08-26 18:13:38.467   466   466 I lowmemorykiller: Using psi monitors for memory pressure detection
08-26 18:13:38.467   466   466 I lowmemorykiller: Properties reinitilized
08-26 18:13:38.468 18239 18239 I lowmemorykiller: lmkd updated properties successfully
08-26 18:13:38.468   466   466 I lowmemorykiller: lmkd data connection dropped
08-26 18:13:38.468   466   466 I lowmemorykiller: closing lmkd data connection
08-26 18:13:38.468  5516  5544 D WM-Processor: Processor: processing WorkGenerationalId(workSpecId=88cc7c23-edf5-4738-97a4-e7286b17d709, generation=0)
08-26 18:13:38.483  5516  5516 D WM-WorkerWrapper: Starting work for com.android.textclassifier.downloader.ModelDownloadWorker
08-26 18:13:38.484  5516  5516 D androidtc: Start download work...
08-26 18:13:38.488  5516  5554 D androidtc: model type: annotator, current locale tag: ja-JP, best locale tag: ja, manifest url: https://www.gstatic.com/android/text_classifier/v904/ja.fb.manifest
08-26 18:13:38.495  5516  5554 D androidtc: model type: lang_id, current locale tag: ja-JP, best locale tag: universal, manifest url: https://www.gstatic.com/android/text_classifier/langid/q/v1/model.smfb.manifest
08-26 18:13:38.497  5516  5554 D androidtc: model type: actions_suggestions, current locale tag: ja-JP, best locale tag: ja, manifest url: https://www.gstatic.com/android/text_classifier/actions/q/v103/ja.model.manifest
08-26 18:13:38.498  5516  5554 D androidtc: All Download Tasks Completed
08-26 18:13:38.498  5516  5554 D androidtc: Start to clean up models and update model lookup cache...
08-26 18:13:38.506  5516  5554 D androidtc: Updating model lookup cache...
08-26 18:13:38.508  5516  5554 D androidtc: Download work completed: DownloadResult{successCount=0, failureCount=0}
08-26 18:13:38.509  5516  5551 I WM-WorkerWrapper: Worker result SUCCESS for Work [ id=88cc7c23-edf5-4738-97a4-e7286b17d709, tags={ com.android.textclassifier.downloader.ModelDownloadWorker } ]
08-26 18:13:38.515  5516  5516 D WM-Processor: Processor 88cc7c23-edf5-4738-97a4-e7286b17d709 executed; reschedule = false
08-26 18:13:38.515  5516  5516 D WM-GreedyScheduler: Stopping tracking for WorkGenerationalId(workSpecId=88cc7c23-edf5-4738-97a4-e7286b17d709, generation=0)
08-26 18:13:38.517  5516  5551 D WM-PackageManagerHelper: androidx.work.impl.background.systemalarm.RescheduleReceiver disabled
08-26 18:13:38.522  5516  5551 D WM-GreedyScheduler: Cancelling work ID 88cc7c23-edf5-4738-97a4-e7286b17d709
08-26 18:13:38.525  5516  5551 D WM-BrdcstRcvrCnstrntTrc: BatteryChargingTracker: unregistering receiver
08-26 18:13:38.526  5516  5551 D WM-BrdcstRcvrCnstrntTrc: BatteryNotLowTracker: unregistering receiver
08-26 18:13:38.527  5516  5551 D WM-BrdcstRcvrCnstrntTrc: StorageNotLowTracker: unregistering receiver
08-26 18:13:38.528  5516  5551 D WM-WorkConstraintsTrack: NetworkRequestConstraintController unregister shared callback
08-26 18:13:38.529  1891  2746 D NetworkRequestStateStatsMetrics: Removed nr with ID = 16044
08-26 18:13:38.578   536   564 E pixelstats-uevent: Unable to read  - No such file or directory
08-26 18:13:38.583  1641  1641 E BatteryDefender: Failed to read /sys/devices/platform/google,charger/bd_state
08-26 18:13:38.597  1641  1641 E BatteryDefender: Failed to read /sys/devices/platform/google,charger/bd_state
08-26 18:13:38.684  3775  3973 D PickerSyncLockManager: Trying to acquire lock com.android.providers.media.photopicker.sync.CloseableReentrantLock@7f660da[Unlocked]. Lock Name = CLOUD_PROVIDER_LOCK. Threads that may be waiting to acquire this lock = []
08-26 18:13:38.684  3775  4095 D PickerSyncLockManager: Trying to acquire lock com.android.providers.media.photopicker.sync.CloseableReentrantLock@7f660da[Unlocked]. Lock Name = CLOUD_PROVIDER_LOCK. Threads that may be waiting to acquire this lock = []
08-26 18:13:38.684  3775  3973 D CloseableReentrantLock: Successfully acquired lock com.android.providers.media.photopicker.sync.CloseableReentrantLock@7f660da[Locked by thread com.android.providers.media.internal.modules.utils.BackgroundThread]. Lock Name = CLOUD_PROVIDER_LOCK. Threads that may be waiting to acquire this lock = []
08-26 18:13:38.685  3775  3973 D CloudProviderUtils: Available CloudMediaProvider-s: []
08-26 18:13:38.685  3775  3973 I PickerSyncController: Found 0 available Cloud Media Providers.
08-26 18:13:38.685  3775  3973 I PickerSyncController: Default Cloud-Media-Provider package is 
08-26 18:13:38.685  3775  3926 I MediaProvider: Changed PhotoPickerGetContentActivity component state to STATE_ENABLED ( 1 )
08-26 18:13:38.685  3775  3973 D PickerSyncLockManager: Trying to acquire lock com.android.providers.media.photopicker.sync.CloseableReentrantLock@7f660da[Locked by thread com.android.providers.media.internal.modules.utils.BackgroundThread]. Lock Name = CLOUD_PROVIDER_LOCK. Threads that may be waiting to acquire this lock = [Thread[fg,5,main]]
08-26 18:13:38.686  3775  3973 D CloseableReentrantLock: Successfully acquired lock com.android.providers.media.photopicker.sync.CloseableReentrantLock@7f660da[Locked by thread com.android.providers.media.internal.modules.utils.BackgroundThread]. Lock Name = CLOUD_PROVIDER_LOCK. Threads that may be waiting to acquire this lock = [Thread[fg,5,main]]
08-26 18:13:38.686  3775  3973 D CloseableReentrantLock: Successfully released lock com.android.providers.media.photopicker.sync.CloseableReentrantLock@7f660da[Locked by thread com.android.providers.media.internal.modules.utils.BackgroundThread]. Lock Name = CLOUD_PROVIDER_LOCK. Threads that may be waiting to acquire this lock = [Thread[fg,5,main]]
08-26 18:13:38.686  3775  3973 D PickerSyncController: Initialized cloud provider to: null
08-26 18:13:38.686  3775  3973 D CloseableReentrantLock: Successfully released lock com.android.providers.media.photopicker.sync.CloseableReentrantLock@7f660da[Unlocked]. Lock Name = CLOUD_PROVIDER_LOCK. Threads that may be waiting to acquire this lock = [Thread[fg,5,main]]
08-26 18:13:38.686  3775  4095 D CloseableReentrantLock: Successfully acquired lock com.android.providers.media.photopicker.sync.CloseableReentrantLock@7f660da[Locked by thread fg]. Lock Name = CLOUD_PROVIDER_LOCK. Threads that may be waiting to acquire this lock = []
08-26 18:13:38.686  3775  4095 D CloseableReentrantLock: Successfully released lock com.android.providers.media.photopicker.sync.CloseableReentrantLock@7f660da[Unlocked]. Lock Name = CLOUD_PROVIDER_LOCK. Threads that may be waiting to acquire this lock = []
08-26 18:13:38.686  3775  4095 D PickerDataLayer: Cloud provider allowlist was changed, and the current cloud provider is no longer on the allowlist. Allowlist: [com.google.android.apps.photos] Current Provider: null
08-26 18:13:38.686  3775  3926 I MediaProvider: Changed PhotoPickerActivity component state to STATE_ENABLED ( 1 )
08-26 18:13:38.686  3775  4095 D PickerSyncLockManager: Trying to acquire lock com.android.providers.media.photopicker.sync.CloseableReentrantLock@7f660da[Unlocked]. Lock Name = CLOUD_PROVIDER_LOCK. Threads that may be waiting to acquire this lock = []
08-26 18:13:38.686  3775  4095 D CloseableReentrantLock: Successfully acquired lock com.android.providers.media.photopicker.sync.CloseableReentrantLock@7f660da[Locked by thread fg]. Lock Name = CLOUD_PROVIDER_LOCK. Threads that may be waiting to acquire this lock = []
08-26 18:13:38.686  3775  4095 D CloseableReentrantLock: Successfully released lock com.android.providers.media.photopicker.sync.CloseableReentrantLock@7f660da[Unlocked]. Lock Name = CLOUD_PROVIDER_LOCK. Threads that may be waiting to acquire this lock = []
08-26 18:13:38.687  3775  3926 I MediaProvider: Changed PhotoPickerUserSelectActivity component state to STATE_ENABLED ( 1 )
08-26 18:13:38.687  3775  3973 I SyncWorkManager: Scheduling periodic proactive syncs
08-26 18:13:38.688  3775  3926 I TranscodeHelper: Empty transcode compat stale
08-26 18:13:38.689  3775  3926 I TranscodeHelper: Parsed 0 packages from resource
08-26 18:13:38.689 18226 18226 D PhotopickerDeviceConfigReceiver: onReceive: will evaluate Photopicker components with new DeviceConfig.
08-26 18:13:38.689  3775  3926 I TranscodeHelper: Parsed 8 packages from device config
08-26 18:13:38.692  3775  3973 I SyncWorkManager: Scheduling periodic picker album data resets
08-26 18:13:38.695 18226 18226 D PhotopickerDeviceConfigReceiver: Setting true state for com.android.photopicker.MainActivity
08-26 18:13:38.696 18226 18226 D PhotopickerDeviceConfigReceiver: Setting true state for com.android.photopicker.PhotopickerGetContentActivity
08-26 18:13:38.697 18226 18226 D PhotopickerDeviceConfigReceiver: Setting true state for com.android.photopicker.PhotopickerUserSelectActivity
08-26 18:13:38.699  3775  3973 I MediaApplication: PhotoPickerSettingsActivity is now enabled
08-26 18:13:38.859  1891 18225 E SettingsToPropertiesMapper: key=persist.device_config.configuration.AdbWritableFlags__adb_writable_flags_list value=adservices/disable_sdk_sandbox,adservices/enforce_broadcast_receiver_restrictions,adservices/fledge_ad_selection_enforce_foreground_status_custom_audience,adservices/fledge_custom_audience_max_count,adservices/fledge_custom_audience_max_num_ads,adservices/fledge_custom_audience_max_owner_count,adservices/fledge_custom_audience_per_app_max_count,adservices/fledge_js_isolate_enforce_max_heap_size,adservices/fledge_js_isolate_max_heap_size_bytes,adservices/sdk_request_permits_per_second,adservices/sdksandbox_customized_sdk_context_enabled,configuration/namespace_to_package_mapping,constrain_display_apis/always_constrain_display_apis,constrain_display_apis/never_constrain_display_apis,constrain_display_apis/never_constrain_display_apis_all_packages,device_policy_manager/disable_resources_updatability,flipendo/default_savings_mode_launch,flipendo/essential_apps,flipendo/flipendo_enabled_launch,flipendo/grayscale_enabled_launch,flipendo/lever_ble_scanning_enabled_launch,flipendo/lever_hotspot_enabled_launch,flipendo/lever_work_profile_enabled_launch,flipendo/resuspend_delay_minutes,namespace/key,namespace1/key1,namespace1/key2,namespace2/key1,namespace2/key2,package_manager_service/incfs_default_timeouts,package_manager_service/known_digesters_list,privacy/location_access_check_periodic_interval_millis,rollback/enable_rollback_timeout,rollback/watchdog_explicit_health_check_enabled,rollback/watchdog_request_timeout_millis,rollback/watchdog_trigger_failure_count,rollback/watchdog_trigger_failure_duration_millis,rollback_boot/rollback_lifetime_in_millis,systemui/nas_generate_actions,systemui/nas_generate_replies,systemui/nas_max_messages_to_extract,systemui/nas_max_suggestions,testspace/another,testspace/flagname,textclassifier/config_updater_model_enabled,textclassifier/key,textclassifier/key2,textclassifier/manifest_url_annotator_en,textclassifier/manifest_url_annotator_ru,textclassifier/model_download_backoff_delay_in_millis,textclassifier/model_download_manager_enabled,textclassifier/multi_language_support_enabled,textclassifier/testing_locale_list_override,textclassifier/textclassifier_service_package_override,window_manager/enable_default_rescind_bal_privileges_from_pending_intent_sender,wrong/nas_generate_replies, exceeds system property max length.
08-26 18:13:38.893 17942 18223 I PlatformConfigurator: updateFromConfigurations using legacy put method [CONTEXT service_id=204 ]
08-26 18:13:39.039  1891  1891 D AppHibernationService: App hibernation changed to enabled=true
08-26 18:13:39.289  1891  1927 D LocationManagerService: allowedPackages=null
08-26 18:13:39.461  1891  2601 V AccessibilityUserState: updateShortcutTargets: type:accessibility_shortcut_target_service, current:{}, new:{}
08-26 18:13:39.461  1891  2601 V AccessibilityUserState: updateShortcutTargets: type:accessibility_qs_targets, current:{}, new:{}
08-26 18:13:39.461  1891  2601 V AccessibilityUserState: updateShortcutTargets: type:accessibility_button_targets, current:{}, new:{}
08-26 18:13:39.461  1891  2601 V AccessibilityUserState: updateShortcutTargets: type:accessibility_gesture_targets, current:{}, new:{}
08-26 18:13:39.461  1891  2601 V AccessibilityUserState: updateShortcutTargets: type:accessibility_key_gesture_targets, current:{}, new:{}
08-26 18:13:39.461  1891  2601 V AccessibilityUserState: updateShortcutTargets: type:accessibility_top_row_key_targets, current:{}, new:{}
08-26 18:13:39.461  1891  2601 V AccessibilityUserState: updateShortcutTargets: type:accessibility_quick_access_targets, current:{}, new:{}
08-26 18:13:39.461  1891  2601 V AccessibilityManagerService: onUserStateChangedLocked for userId: 0, forceUpdate: false
08-26 18:13:39.465  1891  2601 V AccessibilityUserState: updateShortcutTargets: type:accessibility_shortcut_target_service, current:{}, new:{}
08-26 18:13:39.465  1891  2601 V AccessibilityUserState: updateShortcutTargets: type:accessibility_button_targets, current:{}, new:{}
08-26 18:13:39.465  1891  2601 V AccessibilityUserState: updateShortcutTargets: type:accessibility_gesture_targets, current:{}, new:{}
08-26 18:13:39.465  1891  2601 V AccessibilityUserState: updateShortcutTargets: type:accessibility_qs_targets, current:{}, new:{}
08-26 18:13:39.466  1891  2601 V AccessibilityUserState: updateShortcutTargets: type:accessibility_key_gesture_targets, current:{}, new:{}
08-26 18:13:39.466  1891  2601 V AccessibilityUserState: updateShortcutTargets: type:accessibility_top_row_key_targets, current:{}, new:{}
08-26 18:13:39.466  1891  2601 V AccessibilityUserState: updateShortcutTargets: type:accessibility_quick_access_targets, current:{}, new:{}
08-26 18:13:39.466  1891  2601 W MagnificationConnectionManager: requestConnection duplicated request: connect=false, mConnectionState=DISCONNECTED
08-26 18:13:39.466  1891  1891 V AccessibilityManagerService: onUserStateChangedLocked for userId: 0, forceUpdate: false
08-26 18:13:39.467  1891  1891 V AccessibilityUserState: updateShortcutTargets: type:accessibility_shortcut_target_service, current:{}, new:{}
08-26 18:13:39.467  1891  1891 V AccessibilityUserState: updateShortcutTargets: type:accessibility_button_targets, current:{}, new:{}
08-26 18:13:39.467  1891  1891 V AccessibilityUserState: updateShortcutTargets: type:accessibility_gesture_targets, current:{}, new:{}
08-26 18:13:39.467  1891  1891 V AccessibilityUserState: updateShortcutTargets: type:accessibility_qs_targets, current:{}, new:{}
08-26 18:13:39.467  1891  1891 V AccessibilityUserState: updateShortcutTargets: type:accessibility_key_gesture_targets, current:{}, new:{}
08-26 18:13:39.468  1891  1891 V AccessibilityUserState: updateShortcutTargets: type:accessibility_top_row_key_targets, current:{}, new:{}
08-26 18:13:39.468  1891  1891 V AccessibilityUserState: updateShortcutTargets: type:accessibility_quick_access_targets, current:{}, new:{}
08-26 18:13:39.468  1891  1891 W MagnificationConnectionManager: requestConnection duplicated request: connect=false, mConnectionState=DISCONNECTED
08-26 18:13:39.473  1891  2799 D ShortcutService: received package broadcast intent: Intent { act=android.intent.action.PACKAGE_CHANGED dat=package: flg=0x45000010 (has extras) }
08-26 18:13:39.473  1891  1891 W libbinder.IPCThreadState: Sending oneway calls to frozen process.
08-26 18:13:39.474  1891  1891 W libbinder.IPCThreadState: Sending oneway calls to frozen process.
08-26 18:13:39.474  1891  1891 W libbinder.IPCThreadState: Sending oneway calls to frozen process.
08-26 18:13:39.478  1891  1891 W libbinder.IPCThreadState: Sending oneway calls to frozen process.
08-26 18:13:39.480  1891  1891 W libbinder.IPCThreadState: Sending oneway calls to frozen process.
08-26 18:13:39.480  1891  1891 W libbinder.IPCThreadState: Sending oneway calls to frozen process.
08-26 18:13:39.481  1891  2799 D ShortcutService: changing package: android.ext.services userId=0
08-26 18:13:39.483  1891  2457 I AppBindingService: [Supervision app] feature disabled
08-26 18:13:39.484 30537 30574 W SysUI   : [RecentTasksLauncherRepo]getRecentApps matched with a Launcher Activity in the task TaskInfo{userId=0 taskId=2341 effectiveUid=1000 displayId=0 isRunning=true baseIntent=Intent { act=android.settings.SETTINGS flg=0x10000000 pkg=com.google.android.apps.wearable.settings cmp=com.google.android.apps.wearable.settings/com.google.android.clockwork.settings.MainSettingsActivity } baseActivity=ComponentInfo{com.google.android.apps.wearable.settings/com.google.android.clockwork.settings.MainSettingsActivity} topActivity=ComponentInfo{com.google.android.apps.wearable.settings/com.google.android.clockwork.settings.common.InternalSettingsPreferenceActivity} origActivity=null realActivity=ComponentInfo{com.google.android.apps.wearable.settings/com.google.android.clockwork.settings.MainSettingsActivity} realActivityIsAppLockEnabled=false numActivities=2 lastActiveTime=5355163425 supportsMultiWindow=false supportsMultiWindowWithoutConstraints=false resizeMode=1 isResizeable=true minWidth=-1 minHeight=-1 defaultMinSize=220 token=WCT{android.os.BinderProxy@1d4f207} topActivityType=1 pictureInPictureParams=null shouldDockBigOverlays=false launchIntoPipHostTaskId=-1 lastParentTaskIdBeforePip=-1 displayCutoutSafeInsets=Rect(0, 0 - 0, 0) topActivityInfo=ActivityInfo{1aacc95 com.google.android.clockwork.settings.common.InternalSettingsPreferenceActivity} launchCookies=[] positionInParent=Point(0, 0) parentTaskId=-1 isFocused=false isInteractive=false isVisible=false isVisibleRequested=false isTopActivityNoDisplay=false isSleeping=false locusId=null displayAreaFeatureId=1 isTopActivityTransparent=false isActivityStackTransparent=false lastNonFullscreenBounds=Rect(54, 54 - 426, 426) leafTaskBoundsFromOptions= false capturedLink=null capturedLinkTimestamp=0 requestedVisibleTypes=503 topActivityRequestOpenInBrowserEducationTimestamp=0 appCompatTaskInfo=AppCompatTaskInfo { topActivityInSizeCompat=false isLeafTask= true eligibleForLetterboxEducation= false isLetterboxEducationEnabled= false isLetterboxDoubleTapEnabled= false eligibleForUserAspectRatioButton= false topActivityBoundsLetterboxed= false isFromLetterboxDoubleTap= false topActivityLetterboxVerticalPosition= -1 topActivityLetterboxHorizontalPosition= -1 topActivityLetterboxWidth=-1 topActivityLetterboxHeight=-1 topActivityAppBounds=Rect(0, 0 - 480, 480) isUserFullscreenOverrideEnabled=false isSystemFullscreenOverrideEnabled=false hasMinAspectRatioOverride=false topActivityLetterboxBounds=null topNonResizableActivityAspectRatio=-1.0} topActivityMainWindowFrame=null isAppBubble=false} == ActivityLauncherApp(label=設定, activity=ComponentInfo{com.google.android.apps.wearable.settings/com.google.android.clockwork.settings.MainSettingsActivity}, launcherIconRequest=AllAppsLauncherIconRequest(packageName=com.google.android.apps.wearable.settings, activityName=com.google.android.clockwork.settings.MainSettingsActivity, isDefaultApp=false), loadLauncherIcon=ioi@52b95b0)
08-26 18:13:39.486 30537 30574 W SysUI   : [RecentTasksLauncherRepo]getRecentApps matched with a Launcher Activity in the task TaskInfo{userId=0 taskId=2340 effectiveUid=10179 displayId=0 isRunning=true baseIntent=Intent { act=android.intent.action.MAIN cat=[android.intent.category.LAUNCHER] flg=0x10000000 cmp=com.totonoi.sauna/.wear.MainActivity } baseActivity=ComponentInfo{com.totonoi.sauna/com.totonoi.sauna.wear.MainActivity} topActivity=ComponentInfo{com.totonoi.sauna/com.totonoi.sauna.wear.MainActivity} origActivity=null realActivity=ComponentInfo{com.totonoi.sauna/com.totonoi.sauna.wear.MainActivity} realActivityIsAppLockEnabled=false numActivities=1 lastActiveTime=5347797453 supportsMultiWindow=false supportsMultiWindowWithoutConstraints=false resizeMode=1 isResizeable=true minWidth=-1 minHeight=-1 defaultMinSize=220 token=WCT{android.os.BinderProxy@21ba0fc} topActivityType=1 pictureInPictureParams=null shouldDockBigOverlays=false launchIntoPipHostTaskId=-1 lastParentTaskIdBeforePip=-1 displayCutoutSafeInsets=Rect(0, 0 - 0, 0) topActivityInfo=ActivityInfo{4cb1aa com.totonoi.sauna.wear.MainActivity} launchCookies=[] positionInParent=Point(0, 0) parentTaskId=-1 isFocused=false isInteractive=false isVisible=false isVisibleRequested=false isTopActivityNoDisplay=false isSleeping=false locusId=null displayAreaFeatureId=1 isTopActivityTransparent=false isActivityStackTransparent=false lastNonFullscreenBounds=Rect(54, 54 - 426, 426) leafTaskBoundsFromOptions= false capturedLink=null capturedLinkTimestamp=0 requestedVisibleTypes=503 topActivityRequestOpenInBrowserEducationTimestamp=0 appCompatTaskInfo=AppCompatTaskInfo { topActivityInSizeCompat=false isLeafTask= true eligibleForLetterboxEducation= false isLetterboxEducationEnabled= false isLetterboxDoubleTapEnabled= false eligibleForUserAspectRatioButton= false topActivityBoundsLetterboxed= false isFromLetterboxDoubleTap= false topActivityLetterboxVerticalPosition= -1 topActivityLetterboxHorizontalPosition= -1 topActivityLetterboxWidth=-1 topActivityLetterboxHeight=-1 topActivityAppBounds=Rect(0, 0 - 480, 480) isUserFullscreenOverrideEnabled=false isSystemFullscreenOverrideEnabled=false hasMinAspectRatioOverride=false topActivityLetterboxBounds=null topNonResizableActivityAspectRatio=-1.0} topActivityMainWindowFrame=null isAppBubble=false} == ActivityLauncherApp(label=サウナととのい計測, activity=ComponentInfo{com.totonoi.sauna/com.totonoi.sauna.wear.MainActivity}, launcherIconRequest=AllAppsLauncherIconRequest(packageName=com.totonoi.sauna, activityName=com.totonoi.sauna.wear.MainActivity, isDefaultApp=false), loadLauncherIcon=ioi@aa7e356)
08-26 18:13:39.488 30537 30574 W SysUI   : [RecentTasksLauncherRepo]getRecentApps matched with a Launcher Activity in the task TaskInfo{userId=0 taskId=2298 effectiveUid=10092 displayId=0 isRunning=true baseIntent=Intent { dat=fitbit://details/... flg=0x10008000 cmp=com.fitbit.FitbitMobile/com.google.android.wearable.fitbit.mainapp.today.TodayMainActivity } baseActivity=ComponentInfo{com.fitbit.FitbitMobile/com.google.android.wearable.fitbit.mainapp.today.TodayMainActivity} topActivity=ComponentInfo{com.fitbit.FitbitMobile/com.google.android.wearable.fitbit.mainapp.today.TodayMainActivity} origActivity=null realActivity=ComponentInfo{com.fitbit.FitbitMobile/com.google.android.wearable.fitbit.mainapp.today.TodayMainActivity} realActivityIsAppLockEnabled=false numActivities=1 lastActiveTime=5345731910 supportsMultiWindow=false supportsMultiWindowWithoutConstraints=false resizeMode=1 isResizeable=true minWidth=-1 minHeight=-1 defaultMinSize=220 token=WCT{android.os.BinderProxy@5be9a00} topActivityType=1 pictureInPictureParams=null shouldDockBigOverlays=false launchIntoPipHostTaskId=-1 lastParentTaskIdBeforePip=-1 displayCutoutSafeInsets=Rect(0, 0 - 0, 0) topActivityInfo=ActivityInfo{245a19b com.google.android.wearable.fitbit.mainapp.today.TodayMainActivity} launchCookies=[android.os.BinderProxy@df799d] positionInParent=Point(0, 0) parentTaskId=-1 isFocused=false isInteractive=false isVisible=false isVisibleRequested=false isTopActivityNoDisplay=false isSleeping=false locusId=null displayAreaFeatureId=1 isTopActivityTransparent=false isActivityStackTransparent=false lastNonFullscreenBounds=Rect(54, 54 - 426, 426) leafTaskBoundsFromOptions= false capturedLink=null capturedLinkTimestamp=0 requestedVisibleTypes=503 topActivityRequestOpenInBrowserEducationTimestamp=0 appCompatTaskInfo=AppCompatTaskInfo { topActivityInSizeCompat=false isLeafTask= true eligibleForLetterboxEducation= false isLetterboxEducationEnabled= false isLetterboxDoubleTapEnabled= false eligibleForUserAspectRatioButton= false topActivityBoundsLetterboxed= false isFromLetterboxDoubleTap= false topActivityLetterboxVerticalPosition= -1 topActivityLetterboxHorizontalPosition= -1 topActivityLetterboxWidth=-1 topActivityLetterboxHeight=-1 topActivityAppBounds=Rect(0, 0 - 480, 480) isUserFullscreenOverrideEnabled=false isSystemFullscreenOverrideEnabled=false hasMinAspectRatioOverride=false topActivityLetterboxBounds=null topNonResizableActivityAspectRatio=-1.0} topActivityMainWindowFrame=null isAppBubble=false} == ActivityLauncherApp(label=健康, activity=ComponentInfo{com.fitbit.FitbitMobile/com.google.android.wearable.fitbit.mainapp.today.TodayMainActivity}, launcherIconRequest=AllAppsLauncherIconRequest(packageName=com.fitbit.FitbitMobile, activityName=com.google.android.wearable.fitbit.mainapp.today.TodayMainActivity, isDefaultApp=false), loadLauncherIcon=ioi@c19a59d)
08-26 18:13:39.497 18141 18155 I PermissionControllerServiceImpl: Updating user sensitive for uid 10042
08-26 18:13:39.497 30537 30550 W ProxyAndroidLoggerBackend: Too many Flogger logs received before configuration. Dropping old logs.
08-26 18:13:39.500 30537 30574 W SysUI   : [LauncherDefaultRecentsCombiner]Unable to get ActivityDisplayInfo for {com.google.android.apps.youtube.music/com.google.android.apps.youtube.music.wear.WearMainActivity} attempting to fetch from ResolveInfo
08-26 18:13:39.501 30537 30550 W ProxyAndroidLoggerBackend: Too many Flogger logs received before configuration. Dropping old logs.
08-26 18:13:39.988  1145 12456 D AudioFlinger: onStateChanged: pid:6531  uid:10092  state:unfrozen - no freeze activity
08-26 18:13:39.989  1891  2571 I SensorService: Setting connection 0xaf0ae540 disabled status to 0 for reason 2
08-26 18:13:39.992  1891  2458 D ActivityManager: sync unfroze 6531 com.fitbit.FitbitMobile for 3
08-26 18:13:40.584  1827  1830 I pixel-thermal: audio-therm:41.103 raw data: audio-therm:41103 
08-26 18:13:41.744  1891  3906 W libbinder.Binder: BBinder::getInterfaceDescriptor (this=0xeb5488f8). Override?
08-26 18:13:41.828   540  3762 W libc    : Access denied finding property "suspend.debug.wakestats_log.enabled"
08-26 18:13:42.320   536   564 E pixelstats-uevent: Unable to read  - No such file or directory
08-26 18:13:42.331  1641  1641 E BatteryDefender: Failed to read /sys/devices/platform/google,charger/bd_state
08-26 18:13:42.344  1641  1641 E BatteryDefender: Failed to read /sys/devices/platform/google,charger/bd_state
08-26 18:13:42.398  5883  5883 D WatchFaceService: Setting Watch Ui State with WatchUiState{ interruptionFilter=1, inAmbientMode=false } and fromSysUi=true. Existing state: firstSetWatchUiState=false, systemHasSentWatchUiState=true, mutableWatchState.interruptionFilter=1, mutableWatchState.isAmbient=true
08-26 18:13:42.414 30537 30537 I DisplayOffloadManager: sendStatusBar
08-26 18:13:42.415 30537 30537 W DisplayOffloadManager: setSysUIAnimateOnTilt not supported.
08-26 18:13:42.420  1891  3906 D DOLayout: updateStatusBar: identical status bar, skipped
08-26 18:13:42.430  1096  1096 I CpuStateResidencyDataProvider:  Reading : /sys/devices/system/cpu/cpu0/cpufreq/stats/trans_table
08-26 18:13:42.434  1096  1096 I CpuStateResidencyDataProvider:  Reading : /sys/devices/system/cpu/cpu1/cpufreq/stats/trans_table
08-26 18:13:42.437  1096  1096 I CpuStateResidencyDataProvider:  Reading : /sys/devices/system/cpu/cpu2/cpufreq/stats/trans_table
08-26 18:13:42.441  1096  1096 I CpuStateResidencyDataProvider:  Reading : /sys/devices/system/cpu/cpu3/cpufreq/stats/trans_table
08-26 18:13:42.444  1096  1096 E android.hardware.power.stats-service.pixel: callback for Bluetooth is not registered
08-26 18:13:42.444  1096  1096 E android.hardware.power.stats-service.pixel: getStateResidency for Bluetooth failed
08-26 18:13:42.444  1096  1096 E android.hardware.power.stats-service.pixel: Failed to get results for Bluetooth
08-26 18:13:42.567  7512  7544 D MCU     : bt_arbiter.cc:135                294:24:10.304 popRequestQueue : OpCode 804
08-26 18:13:42.567  7512  7544 D MCU     : bt_arbiter.cc:144                294:24:10.305 popRequestQueue : Request queue popped, sending next
08-26 18:13:43.067  7512  7544 D MCU     : bt_chre_link_manager.cc:415      294:24:10.841 handleModeChangeEvent: ACTIVE (connection_handle 0x000b interval: 0)
08-26 18:13:43.115  1827  1830 I pixel-thermal: audio-therm:41.05 raw data: audio-therm:41050 
08-26 18:13:43.430  1891  2930 W libbinder.Binder: BBinder::getInterfaceDescriptor (this=0xeb5488f8). Override?
08-26 18:13:43.556   540  3762 W libc    : Access denied finding property "suspend.debug.wakestats_log.enabled"
08-26 18:13:43.556  1089  1106 D ContextHubHal: Got message from nanoapp: ID 0x476f6f676c003000
08-26 18:13:43.557  1089  1106 D ContextHubHal: Got message from nanoapp: ID 0x476f6f676c003000
08-26 18:13:43.557  1089  1106 D ContextHubHal: Got message from nanoapp: ID 0x476f6f676c003000
08-26 18:13:43.701  1891  2583 D ActivityManager: freezing 18226 com.google.android.photopicker
08-26 18:13:43.704  1891  2746 D InetDiagMessage: Destroyed 0 sockets, proto=IPPROTO_TCP, family=AF_INET, states=14
08-26 18:13:43.706  1891  2746 D InetDiagMessage: Destroyed 0 sockets, proto=IPPROTO_TCP, family=AF_INET6, states=14
08-26 18:13:43.707  1891  2746 D InetDiagMessage: Destroyed live tcp sockets for uids={10132} in 4ms
08-26 18:13:44.016  7512  7544 D MCU     : site_data_provider.cc:220        294:24:11.434 [SiteDataProvider] Flushing 1 GROK records
08-26 18:13:44.016  7512  7544 D MCU     : site_data_provider.cc:220        294:24:11.435 [SiteDataProvider] Flushing 1 MSA_MINUTE records
08-26 18:13:44.016  7512  7544 D MCU     : site_data_provider.cc:220        294:24:11.435 [SiteDataProvider] Flushing 1 GROK records
08-26 18:13:44.016  7512  7544 D MCU     : site_data_provider.cc:220        294:24:11.435 [SiteDataProvider] Flushing 1 MSA_MINUTE records
08-26 18:13:44.016  7512  7544 D MCU     : bt_arbiter.cc:135                294:24:11.842 popRequestQueue : OpCode 803
08-26 18:13:44.016  7512  7544 D MCU     : bt_arbiter.cc:144                294:24:11.842 popRequestQueue : Request queue popped, sending next
08-26 18:13:44.529  7512  7544 D MCU     : bt_chre_link_manager.cc:420      294:24:11.948 handleModeChangeEvent: SNIFF  (connection_handle 0x000b interval: 816)
08-26 18:13:44.716  3004  4816 I libbinder.IPCThreadState: oneway function results for code 2 on binder at 0xef0d7fe0 will be dropped but finished with status UNKNOWN_TRANSACTION
08-26 18:13:44.754  2888 14726 E ComplicationDataEvaluator: Failed sending dynamic update.
08-26 18:13:44.754  2888 14726 E ComplicationDataEvaluator: kotlinx.coroutines.JobCancellationException: Job was cancelled; job=JobImpl{Cancelled}@c642bc4
08-26 18:13:44.755  2888 14726 E ComplicationDataEvaluator: Failed sending dynamic update.
08-26 18:13:44.755  2888 14726 E ComplicationDataEvaluator: kotlinx.coroutines.JobCancellationException: Job was cancelled; job=JobImpl{Cancelled}@4062098
08-26 18:13:44.756  2888 14726 E ComplicationDataEvaluator: Failed sending dynamic update.
08-26 18:13:44.756  2888 14726 E ComplicationDataEvaluator: kotlinx.coroutines.JobCancellationException: Job was cancelled; job=JobImpl{Cancelled}@a443b3d
08-26 18:13:44.756  2888 14726 E ComplicationDataEvaluator: Failed sending dynamic update.
08-26 18:13:44.756  2888 14726 E ComplicationDataEvaluator: kotlinx.coroutines.JobCancellationException: Job was cancelled; job=JobImpl{Cancelled}@a443b3d
08-26 18:13:45.060  1891  2583 D ActivityManager: freezing 6531 com.fitbit.FitbitMobile
08-26 18:13:45.060  1145 15673 D AudioFlinger: onStateChanged: pid:6531  uid:10092  state:frozen - no freeze activity
08-26 18:13:45.062  1891  2571 I SensorService: Setting connection 0xaf0ae540 disabled status to 1 for reason 2
08-26 18:13:45.066  1891  2746 D InetDiagMessage: Destroyed 0 sockets, proto=IPPROTO_TCP, family=AF_INET, states=14
08-26 18:13:45.067  1891  2746 D InetDiagMessage: Destroyed 0 sockets, proto=IPPROTO_TCP, family=AF_INET6, states=14
08-26 18:13:45.067  1891  2746 D InetDiagMessage: Destroyed live tcp sockets for uids={10092} in 3ms
08-26 18:13:45.070  1891  2746 D InetDiagMessage: Destroyed 0 sockets, proto=IPPROTO_TCP, family=AF_INET, states=14
08-26 18:13:45.071  1891  2746 D InetDiagMessage: Destroyed 0 sockets, proto=IPPROTO_TCP, family=AF_INET6, states=14
08-26 18:13:45.072  1891  2746 D InetDiagMessage: Destroyed live tcp sockets for uids={20092} in 5ms
08-26 18:13:45.073  1891  2746 D InetDiagMessage: Destroyed 0 sockets, proto=IPPROTO_TCP, family=AF_INET, states=14
08-26 18:13:45.075  1891  2746 D InetDiagMessage: Destroyed 0 sockets, proto=IPPROTO_TCP, family=AF_INET6, states=14
08-26 18:13:45.075  1891  2746 D InetDiagMessage: Destroyed live tcp sockets for uids={10092} in 3ms
08-26 18:13:45.118  1827  1830 I pixel-thermal: audio-therm:41.01 raw data: audio-therm:41010 
08-26 18:13:45.725   544 18221 I keystore2: system/security/keystore2/watchdog/src/lib.rs:371 - Watchdog thread idle -> terminating. Have a great day.
08-26 18:13:46.283 30537 30971 I libbinder.IPCThreadState: oneway function results for code 2 on binder at 0xea256090 will be dropped but finished with status UNKNOWN_TRANSACTION
08-26 18:13:46.757  1891  3906 W libbinder.Binder: BBinder::getInterfaceDescriptor (this=0xeb5488f8). Override?
08-26 18:13:47.123  1827  1830 I pixel-thermal: audio-therm:40.978 raw data: audio-therm:40978 
08-26 18:13:48.869  1891  2571 I SensorService: Setting connection 0xaf0ae540 disabled status to 1 for reason 0
08-26 18:13:49.137  1827  1830 I pixel-thermal: audio-therm:40.907 raw data: audio-therm:40907 
08-26 18:13:50.210  1891  4202 I AppSearchIcing: icing-search-engine.cc:2487: Persisting data to disk with mode 3
08-26 18:13:50.256  1891  4202 I AppSearchIcing: icing-search-engine.cc:2502: PersistToDisk completed.
08-26 18:13:50.313   536   564 E pixelstats-uevent: Unable to read  - No such file or directory
08-26 18:13:50.317  1641  1641 I android.hardware.health-service.sw5100: Recording a sample at time 5355235
08-26 18:13:50.320  1641  1641 E BatteryDefender: Failed to read /sys/devices/platform/google,charger/bd_state
08-26 18:13:50.328  1641  1641 E BatteryDefender: Failed to read /sys/devices/platform/google,charger/bd_state
08-26 18:13:52.121  1098  1098 D usf_sensor_hal: low latency off body detect: Enter Batch. Period = 1000000, latency = 0.
08-26 18:13:52.124  1891  3863 D DOS_DisplayControlLock: acquired: EARLY_EXIT android.os.BinderProxy@153792d
08-26 18:13:52.126  1891  2485 I DisplayControlPolicy: isOffloadStartPending: hasUnreleased lock
08-26 18:13:52.126  3050  3050 V DreamService[AmbientDream]: UpdateDoze mDozeScreenState=1 mDozeScreenBrightness=NaN
08-26 18:13:52.127  3050  3050 I AmbientDream: Doze screen state is set to OFF. Use normal brightness for doze: false. Reason: DEFAULT_POLICY
08-26 18:13:52.129  1891  2930 D DreamManagerService: Dream requested to start dozing: android.os.Binder@d587655, screenState=OFF, reason=DEFAULT_POLICY, screenBrightness=NaN, useNormalBrightnessForDoze=false
08-26 18:13:52.130  1891  2482 I DisplayPowerController[0]: Blocking screen off
08-26 18:13:52.134  3050  3050 I AmbientService: updateAmbientState: new state is NOT_IN_AMBIENT
08-26 18:13:52.141   729   729 I SnapAlloc: Using graphics libs for alignment calculations
08-26 18:13:52.142  3050  3050 I AmbiactiveComponentManager: Stop listening to uid frozen state change.
08-26 18:13:52.142   729   729 E SnapAlloc: Failed to get format mapping to use mmm_color_fmt
08-26 18:13:52.142   729   729 W SnapAlloc: Error while getting constraints from display libs width 240, height 240, format 0
08-26 18:13:52.142   729   729 D SnapAlloc: from handle - reserved size 4286576192 custom content metadata size 0
08-26 18:13:52.142   729   729 D SnapAlloc: Successfully mapped metadata 0x1
08-26 18:13:52.142   729   729 D SnapAlloc: from handle - reserved size 0 custom content metadata size 0
08-26 18:13:52.142   729   729 D SnapAlloc: Successfully mapped metadata 0x1
08-26 18:13:52.143   728   744 D SnapAlloc: from handle - reserved size 0 custom content metadata size 0
08-26 18:13:52.143   728   744 D SnapAlloc: Successfully mapped metadata 0x1
08-26 18:13:52.146  7559  7561 I vendor.google_clockwork.displayoffload@3-service.pixel: DisplayOffload::setGestureConfig
08-26 18:13:52.149  7559  7561 I vendor.google_clockwork.displayoffload@3-service.pixel: setGestureConfig: wake_on_tilt=1, interactive_on_tilt=0
08-26 18:13:52.151  7559  7561 I vendor.google_clockwork.displayoffload@3-service.pixel: DisplayOffload::setBrightnessConfig
08-26 18:13:52.152  7559  7561 I vendor.google_clockwork.displayoffload@3-service.pixel: setBrightnessConfiguration: display_timeout_ms=7350, curve_len=20, lux[0]=0.0, aod_br[0]=0.0, nbm_br[0]=0.0
08-26 18:13:52.154  1891  1930 D SnapAlloc: from handle - reserved size 0 custom content metadata size 0
08-26 18:13:52.155  1891  1930 D SnapAlloc: Successfully mapped metadata 0x1
08-26 18:13:52.157  1891  2482 D WindowManager: Add SleepToken: tag=Display-off, displayId=0
08-26 18:13:52.159 30537 11845 D SnapAlloc: from handle - reserved size 0 custom content metadata size 0
08-26 18:13:52.159 30537 11845 D SnapAlloc: Successfully mapped metadata 0x1
08-26 18:13:52.165  1891  2482 D ActivityTaskManager: Top Process State changed to PROCESS_STATE_TOP_SLEEPING
08-26 18:13:52.166  1891  2822 I Surface : Creating surface for consumer unnamed-1891-4434 with slotExpansion=1 for 64 slots
08-26 18:13:52.167  1891  2822 I Surface : Creating surface for consumer ImageReader-240x240f4m1-1891-4389 with slotExpansion=1 for 64 slots
08-26 18:13:52.169  1891  2482 I DisplayOffload: allowAutoBrightnessInDoze: stateOverride=UNKNOWN
08-26 18:13:52.169 30537 30537 E TaskSnapshot: getHardwareBuffer is deprecated!
08-26 18:13:52.170  3050  3050 I AmbiactiveComponentManager: Ambient update disallowed, canceling alarm.
08-26 18:13:52.171  1891  2822 W ImageReader_JNI: Unable to acquire a buffer item, very likely client tried to acquire more than maxImages buffers
08-26 18:13:52.171  1891  2482 I DisplayPowerController[0]: Unblocked screen off after 41 ms
08-26 18:13:52.173  1891  2482 I DisplayOffload: allowAutoBrightnessInDoze: stateOverride=UNKNOWN
08-26 18:13:52.174  1891  2482 I DisplayBrightnessStrategySelector: Changing the DisplayBrightnessStrategy from FallbackBrightnessStrategy to ScreenOffBrightnessStrategy for display 0
08-26 18:13:52.175  1891  2482 V DisplayPowerController[0]: Brightness [0.0] reason changing to: 'screen_off', previous reason: 'manual'.
08-26 18:13:52.175  1891  2482 I DisplayPowerController[0]: BrightnessEvent: brt=0.0(0.0%), nits=-1.0, lux=-1.0, reason=screen_off, strat=ScreenOffBrightnessStrategy, state=OFF, stateReason=DEFAULT_POLICY, policy=DOZE, flags=, initBrt=0.0013837232, rcmdBrt=NaN, preBrt=NaN, preLux=0.0, wasShortTermModelActive=false, autoBrightness=true (default), unclampedBrt=-1.0, hbmMax=0.266667, hbmMode=off, thrmMax=1.0, rbcStrength=50, powerFactor=0.5, physDisp=内蔵スクリーン(local:4630946417820806529), logicalId=0, slowChange=false, rampSpeed=0.0, colorTemp=NaN, thermalStatus=moderate
08-26 18:13:52.175  1891  2482 I DisplayOffload: allowAutoBrightnessInDoze: stateOverride=UNKNOWN
08-26 18:13:52.179  1891  2822 E ConsumerBase: [ImageReader-240x240f4m1-1891-4389] abandonLocked: ConsumerBase is abandoned!
08-26 18:13:52.182  1891  1930 W ProcessStats: Tracking association SourceState{ed1d9ff system/1000 BFgs #940150} whose proc state 4 is better than process ProcessState{3ce5e6 com.google.android.tts/10059 pkg=com.google.android.tts} proc state 14 (517 skipped)
08-26 18:13:52.184 30537 30586 W ProxyAndroidLoggerBackend: Too many Flogger logs received before configuration. Dropping old logs.
08-26 18:13:52.185 30537 30586 W ProxyAndroidLoggerBackend: Too many Flogger logs received before configuration. Dropping old logs.
08-26 18:13:52.186  1891  3952 D DOS_DisplayControlLock: released: android.os.BinderProxy@aa2f7fb
08-26 18:13:52.199  1891  1930 I DisplayDeviceRepository: Display device changed state: "内蔵スクリーン", OFF
08-26 18:13:52.203  1891  2482 D BrightnessThermalClamper: Thermal status observer already started
08-26 18:13:52.204  1891  1928 D WindowManager: DeferredDisplayUpdater: applying DisplayInfo(480 x 480) immediately
08-26 18:13:52.204  1891  1891 D WearGestureService: updateGestureDetection. reason=display changed to: OFF at 368471225
08-26 18:13:52.204  1891  1891 D WearGestureService: Checking system actions for gesture actions: [1, 2]
08-26 18:13:52.204  1891  1891 W WearGestureService: Action not enabled for system action: 1
08-26 18:13:52.204  1891  1891 W WearGestureService: Action not enabled for system action: 2
08-26 18:13:52.204  1891  1891 D WearGestureService: updateGestureDetection: checked system actions {}
08-26 18:13:52.204  1891  1891 W WearGestureService: addValidSubscriptions: window token mismatch [actual=android.os.BinderProxy@8ae80ac vs wanted=android.os.BinderProxy@e1f18d7] for package com.google.android.deskclock and subscription ServiceForegroundGestureSubscription{action: 1, windowToken: android.os.BinderProxy@8ae80ac, displayMode: 1, wakeScreen: true}
08-26 18:13:52.204  1891  1891 D WearGestureService: updateGestureDetection: checked FG listeners {}
08-26 18:13:52.204  1891  1891 D WearGestureService: updateGestureDetection: checked BG listeners {}
08-26 18:13:52.204  1891  1891 D GestureEventProvider: setEnabled: {} supported: {1, 2, 5}
08-26 18:13:52.204  1891  1891 D WearGestureService: updateGestureDetection: enabledGesturesChanged=false
08-26 18:13:52.205  1891  1928 W SurfaceControl: Invalid layer stack -1
08-26 18:13:52.205  1891  1928 I DisplayDevice: [0] Layerstack set to -1 for local:4630946417820806529
08-26 18:13:52.210  1098  7762 I usf_sensor_hal: DisplayInfo msg to sensor:30 (ALS), display_status:2 (AOD), panel_status:2 (AOD), brightness:0, refresh_rate:30, timestamp_ms=5355237792
08-26 18:13:52.216  1827  1830 I pixel-thermal: audio-therm:40.889 raw data: audio-therm:40889 
08-26 18:13:52.217   536   564 E pixelstats-uevent: Unable to read  - No such file or directory
08-26 18:13:52.228  5883  5883 W RWF     : gwm main [Modular:82009448]Offload pipe not available, falling back to brightness offload.
08-26 18:13:52.229  3050  3050 W AmbientTaskStateMachine: Expected state transition is TaskForcedAmbiactive -> TaskInteractive, but the actual state transition is TaskForcedAmbiactive -> TaskInvisible. Reason: display is off
08-26 18:13:52.229  5883  5883 D KoruRenderer: setOffloadEnabled: false
08-26 18:13:52.230  5883  5883 D KoruRenderSession: setOffloadingEnabled: false
08-26 18:13:52.230  5883  5883 W KoruRenderSession: setOffloadingEnabled: No active RenderSession, caching state.
08-26 18:13:52.233  5883  5883 W DisplayOffloadKoruShim: Attempted to notify new layout pending when we don't have an active session
08-26 18:13:52.236  3050  3050 I AmbientTaskStackManager: setState: session state has changed from INITIALIZED to BEGINNING, reason="begin() is called."
08-26 18:13:52.236  3050  3050 D AmbientTaskStackManager: Wait for timer update ...
08-26 18:13:52.238  5883  5883 D DisplayOffloadKoruShim: Setting alarm for validity period
08-26 18:13:52.238   730   757 I SDM     : DisplayBuiltIn::SetPanelBrightness: Setting brightness: nbm_dbv = 0 (0.00 nits), aod_dbv = 0 (0.00 nits), requested brightness = -1.000000 (-3000.000000 nits), ramp duration 0 ms
08-26 18:13:52.246  1145 15673 D DeviceHalAidl: [default] setParameters: parameters: "screen_state=off"
08-26 18:13:52.248   728   728 D SurfaceFlinger: Setting power mode 0 synchronously for a physical display with token 0xef2a9bd0
08-26 18:13:52.248 30537 30537 D VRI[ChargingComposeActivity]: visibilityChanged oldVisibility=true newVisibility=false
08-26 18:13:52.250   728   728 D SurfaceFlinger: Setting power mode 0 on physical display 4630946417820806529
08-26 18:13:52.250  1891  2930 D RS_SessionService: requestRenderSession from UID=10107, PID=0, descriptor=com.google.android.wearable.watchface.rwf
08-26 18:13:52.250   728   728 D SurfaceFlinger: setPhysicalDisplayPowerModeAsync: Optimizing thread scheduling: optimizeForPower
08-26 18:13:52.250   728   728 D SurfaceFlinger: Enabling synthetic vsync
08-26 18:13:52.251  1891  2495 I DisplayOffload: uid=10107 hasReadHeartRatePermission=true hasRawHealthSensorsPermission=false hasActivityRecognitionPermission=true hasAccessFineLocationPermission=false
08-26 18:13:52.251  1891  2495 I DOPermission: ACCESS_FINE_LOCATION permission not satisfied for whs.elevation.m
08-26 18:13:52.251   730   757 I SDM     : DisplayBase::SetDisplayState: Set state = 0, state_ = 2, pending_doze_ = 0, pending_power_on_ = 0, display 32-0, teardown = 0
08-26 18:13:52.253  1891  3954 D DOS_DisplayControlLock: acquired: transitionAnimation android.os.BinderProxy@60d4412
08-26 18:13:52.254  7559  7561 I vendor.google_clockwork.displayoffload@3-service.pixel: DisplayOffload::requestRenderSession for session ID: 847
08-26 18:13:52.255  3067  3067 D NfcService: applyScreenState: screenState = ON_LOCKED
08-26 18:13:52.256  3050  3050 I AmbientService: maybeUpdateDozeRequest: doze request cleared
08-26 18:13:52.260  1891  3954 D DOS_DisplayControlLock: released: android.os.BinderProxy@60d4412
08-26 18:13:52.263  1891  3166 D DOS_DisplayControlLock: acquired: SystemUIRCDCLock android.os.BinderProxy@1a3d5e0
08-26 18:13:52.264  3050  3809 I WakefulDisplayControlLock: acquire: acquired without timeout, using default, mTag=ambiactive-component-update
08-26 18:13:52.276  3050  3050 I AmbientTaskStackManager: Auto-resume task is [#2342|standard|vis|focused|top="com.google.android.wearable.sysui/com.google.android.clockwork.sysui.experiences.charging.ui.composable.ChargingComposeActivity"]
08-26 18:13:52.277  1891  3954 W RS_RendererInfo: Renderer version '1.0' could not be parsed to long.
08-26 18:13:52.278  5883  5917 D RSSDK_Manager: RenderSession ready received for session with ID 847
08-26 18:13:52.278  3050  3050 D AmbientTaskStackManager: Timer com.google.android.apps.wearable.settings/com.google.android.clockwork.settings.common.InternalSettingsPreferenceActivity:2341 is released!
08-26 18:13:52.278  3050  3050 I AmbientTaskStackManager: setState: session state has changed from BEGINNING to BEGUN, reason="timer is updated"
08-26 18:13:52.284  1891  3906 D DOS_DisplayControlLock: released: android.os.BinderProxy@1a3d5e0
08-26 18:13:52.287  3050  3050 I AmbientTaskStackManager: Auto-resume task is [#2342|standard|invis|focused|top="com.google.android.wearable.sysui/com.google.android.clockwork.sysui.experiences.charging.ui.composable.ChargingComposeActivity"]
08-26 18:13:52.288  3050  3050 I AmbientTaskStackManager: updateTimer: skipped - waiting for grace period for recently changed task
08-26 18:13:52.294  3050  3050 I DisplayOffloadManager: updateTopActivity: taskId = 2342; activityToFront=ComponentInfo{com.google.android.wearable.sysui/com.google.android.clockwork.sysui.experiences.charging.ui.composable.ChargingComposeActivity}
08-26 18:13:52.295  1891  3166 D DisplayOffload: updateTopTask: taskId=2342; activityToFront=ComponentInfo{com.google.android.wearable.sysui/com.google.android.clockwork.sysui.experiences.charging.ui.composable.ChargingComposeActivity}
08-26 18:13:52.296  1103 18052 I PAL: ResourceManager: setParameter: 10922: Screen State:0
08-26 18:13:52.297   729   729 I SnapAlloc: Using graphics libs for alignment calculations
08-26 18:13:52.298   729   729 D SnapAlloc: from handle - reserved size 4286576192 custom content metadata size 0
08-26 18:13:52.298   729   729 D SnapAlloc: Successfully mapped metadata 0x1
08-26 18:13:52.298   729   729 D SnapAlloc: from handle - reserved size 0 custom content metadata size 0
08-26 18:13:52.299   729   729 D SnapAlloc: Successfully mapped metadata 0x1
08-26 18:13:52.299  5883  5883 D SnapAlloc: from handle - reserved size 0 custom content metadata size 0
08-26 18:13:52.299  5883  5883 D SnapAlloc: Successfully mapped metadata 0x1
08-26 18:13:52.303   728   745 D SnapAlloc: from handle - reserved size 0 custom content metadata size 0
08-26 18:13:52.304   728   745 D SnapAlloc: Successfully mapped metadata 0x1
08-26 18:13:52.304  1145 15673 D DeviceHalAidl: [usb] setParameters: parameters: "screen_state=off"
08-26 18:13:52.305  1891  2495 W RS_Connection: Attempting to set layer IDs [32240] to same value.
08-26 18:13:52.306  5883  5883 D RSSDK_Manager: RenderSession result for renderer with info { type: BRIGHTNESS_ONLY (4), version: '1', maximumHeaderSizeInBytes: 0, featureFlagsSize: 0 }
08-26 18:13:52.312  1103  1103 D AHAL_Module: updateScreenState: usb: 0
08-26 18:13:52.312  1145 15673 D DeviceHalAidl: [r_submix] setParameters: parameters: "screen_state=off"
08-26 18:13:52.313  1103 18052 D AHAL_Module: updateScreenState: r_submix: 0
08-26 18:13:52.344  7512  7544 D MCU     : display_message_queue.cc:247     294:24:20.076 DisplayMessageQueue::ProcessReceivedMessage, type: 15
08-26 18:13:52.345  7512  7544 I MCU     : tilt_to_bright.cc:57             294:24:20.077 OnTtbEvent: kDisable, current_state: kMcuTtbStopped, new_state: kMcuTtbStopped
08-26 18:13:52.345  7512  7544 I MCU     : brightness_service.cc:491        294:24:20.077 kBrightnessDisplayGestureConfigFromDOv3: TTW_en=0, TTB_en=1, Gating_AP_TTW=0
08-26 18:13:52.345  7512  7544 D MCU     : display_message_queue.cc:247     294:24:20.080 DisplayMessageQueue::ProcessReceivedMessage, type: 14
08-26 18:13:52.345  7512  7544 I MCU     : brightness_service.cc:454        294:24:20.080 kBrightnessDisplayBrightnessConfigFromDOv3: AB_en=1, AOD_en=0, curve_len=20, timeout_ms=7350
08-26 18:13:52.346  7512  7544 I MCU     : render_service_v3.cc:533         294:24:20.080 AOD is disabled
08-26 18:13:52.346  7512  7544 I MCU     : RenderSessionManager.cc:122      294:24:20.185 RSM_Manager Requesting render session with type 4
08-26 18:13:52.346  7512  7544 I MCU     : BrightnessRenderSession.h:23     294:24:20.185 BrightnessRenderSession::start()
08-26 18:13:52.369  1098  7762 I usf_sensor_hal: DisplayInfo msg to sensor:30 (ALS), display_status:0 (OFF), panel_status:0 (OFF), brightness:0, refresh_rate:0, timestamp_ms=5355237951
08-26 18:13:52.373  1098  7762 I usf_sensor_hal: DisplayInfo msg to sensor:35 (TTW), display_status:0 (OFF), panel_status:0 (OFF), brightness:0, refresh_rate:0, timestamp_ms=5355237951
08-26 18:13:52.376  1098  7762 I usf_sensor_hal: DisplayInfo msg to sensor:41 (OHG), display_status:0 (OFF), panel_status:0 (OFF), brightness:0, refresh_rate:0, timestamp_ms=5355237951
08-26 18:13:52.376   728   728 D SurfaceFlinger: Finished setting power mode 0 on physical display 4630946417820806529
08-26 18:13:52.380  1098  7762 E usf_sensor_hal: Received set request error 8.
08-26 18:13:52.381  1891  2814 D SurfaceControl: Excessive delay in setPowerMode()
08-26 18:13:52.381  1891  2814 I LocalDisplayAdapter: SF.setDisplayPowerMode took 198ms
08-26 18:13:52.385  1891  2814 I DisplayOffload: startOffload OFF
08-26 18:13:52.392  1891  2482 I DisplayOffload: allowAutoBrightnessInDoze: stateOverride=UNKNOWN
08-26 18:13:52.393 30537 30537 W ProxyAndroidLoggerBackend: Too many Flogger logs received before configuration. Dropping old logs.
08-26 18:13:52.411 30537 30586 W ProxyAndroidLoggerBackend: Too many Flogger logs received before configuration. Dropping old logs.
08-26 18:13:52.411 30537 30586 W ProxyAndroidLoggerBackend: Too many Flogger logs received before configuration. Dropping old logs.
08-26 18:13:52.419  1891  3952 W AppCompatResourceOverlayPolicy: constructor: Failed to find VirtualDeviceManagerService
08-26 18:13:52.420  1891  3952 V GrammaticalInflectionUtils: AttributionSource: android.content.AttributionSource@e9c3e0d1 does not have READ_SYSTEM_GRAMMATICAL_GENDER permission.
08-26 18:13:52.420 30537 30550 W ProxyAndroidLoggerBackend: Too many Flogger logs received before configuration. Dropping old logs.
08-26 18:13:52.421 30537 30550 W ProxyAndroidLoggerBackend: Too many Flogger logs received before configuration. Dropping old logs.
08-26 18:13:52.422  1891  3952 E CellBroadcastUtils: getDefaultCellBroadcastReceiverPackageName: no package found
08-26 18:13:52.427  1891  3952 V WindowManager: Aborting Transition: 64227
08-26 18:13:52.429  1891  3952 V ActivityTaskManager: TaskLaunchParamsModifier: phase=3 task=Task{3d20f85 #2342 type=standard A=10046:sysui.charging} activity=ActivityRecord{216695032 u0 com.google.android.wearable.sysui/com.google.android.clockwork.sysui.experiences.charging.ui.composable.ChargingComposeActivity t-1} display-from-option=0 display-id=0 task-display-area-windowing-mode=1 suggested-display-area=DefaultTaskDisplayArea@576384 inherit-from-task=fullscreen non-freeform-task-display-area display-area=DefaultTaskDisplayArea@576384 default-portrait freeform-size-mismatch=Rect(54, 54 - 426, 426)
08-26 18:13:52.429  1891  3952 I ActivityTaskManager: START u0 {flg=0x10800000 xflg=0x4 cmp=com.google.android.wearable.sysui/com.google.android.clockwork.sysui.experiences.charging.ui.composable.ChargingComposeActivity (has extras)} with LAUNCH_SINGLE_INSTANCE from uid 10046 (com.google.android.wearable.sysui) (BAL_ALLOW_ALLOWLISTED_COMPONENT) result code=3
08-26 18:13:52.431  1891  3906 I ActivityTaskManager: Activity reported stop, but no longer stopping: ActivityRecord{263445756 u0 com.google.android.wearable.sysui/com.google.android.clockwork.sysui.experiences.charging.ui.composable.ChargingComposeActivity t2342} PAUSING
08-26 18:13:52.433 30537 30537 D ViewRootImpl: Skipping stats log for color mode
08-26 18:13:52.435 30537 30537 W ProxyAndroidLoggerBackend: Too many Flogger logs received before configuration. Dropping old logs.
08-26 18:13:52.437  1891  3954 D DOS_DisplayControlLock: acquired: ChargingComposeActivity android.os.BinderProxy@aa2f7fb
08-26 18:13:52.445  1891  3906 D DOS_DisplayControlLock: released: android.os.BinderProxy@aa2f7fb
08-26 18:13:52.458  1891  3166 D WindowManager: setClientSurface Surface(name=VRI-com.google.android.wearable.sysui/com.google.android.clockwork.sysui.experiences.charging.ui.composable.ChargingComposeActivity#43027)/@0x9c9120d for a1945c4 com.google.android.wearable.sysui/com.google.android.clockwork.sysui.experiences.charging.ui.composable.ChargingComposeActivity
08-26 18:13:52.458 30537 30537 I Surface : Creating surface for consumer unnamed-30537-1230 with slotExpansion=1 for 64 slots
08-26 18:13:52.459 30537 30537 I Surface : Creating surface for consumer VRI[ChargingComposeActivity]#1230(BLAST Consumer)1230 with slotExpansion=1 for 64 slots
08-26 18:13:52.460 30537 30574 W SysUI   : [RecentTasksLauncherRepo]getRecentApps matched with a Launcher Activity in the task TaskInfo{userId=0 taskId=2341 effectiveUid=1000 displayId=0 isRunning=true baseIntent=Intent { act=android.settings.SETTINGS flg=0x10000000 pkg=com.google.android.apps.wearable.settings cmp=com.google.android.apps.wearable.settings/com.google.android.clockwork.settings.MainSettingsActivity } baseActivity=ComponentInfo{com.google.android.apps.wearable.settings/com.google.android.clockwork.settings.MainSettingsActivity} topActivity=ComponentInfo{com.google.android.apps.wearable.settings/com.google.android.clockwork.settings.common.InternalSettingsPreferenceActivity} origActivity=null realActivity=ComponentInfo{com.google.android.apps.wearable.settings/com.google.android.clockwork.settings.MainSettingsActivity} realActivityIsAppLockEnabled=false numActivities=2 lastActiveTime=5355163425 supportsMultiWindow=false supportsMultiWindowWithoutConstraints=false resizeMode=1 isResizeable=true minWidth=-1 minHeight=-1 defaultMinSize=220 token=WCT{android.os.BinderProxy@1d4f207} topActivityType=1 pictureInPictureParams=null shouldDockBigOverlays=false launchIntoPipHostTaskId=-1 lastParentTaskIdBeforePip=-1 displayCutoutSafeInsets=Rect(0, 0 - 0, 0) topActivityInfo=ActivityInfo{e553837 com.google.android.clockwork.settings.common.InternalSettingsPreferenceActivity} launchCookies=[] positionInParent=Point(0, 0) parentTaskId=-1 isFocused=false isInteractive=false isVisible=false isVisibleRequested=false isTopActivityNoDisplay=false isSleeping=true locusId=null displayAreaFeatureId=1 isTopActivityTransparent=false isActivityStackTransparent=false lastNonFullscreenBounds=Rect(54, 54 - 426, 426) leafTaskBoundsFromOptions= false capturedLink=null capturedLinkTimestamp=0 requestedVisibleTypes=503 topActivityRequestOpenInBrowserEducationTimestamp=0 appCompatTaskInfo=AppCompatTaskInfo { topActivityInSizeCompat=false isLeafTask= true eligibleForLetterboxEducation= false isLetterboxEducationEnabled= false isLetterboxDoubleTapEnabled= false eligibleForUserAspectRatioButton= false topActivityBoundsLetterboxed= false isFromLetterboxDoubleTap= false topActivityLetterboxVerticalPosition= -1 topActivityLetterboxHorizontalPosition= -1 topActivityLetterboxWidth=-1 topActivityLetterboxHeight=-1 topActivityAppBounds=Rect(0, 0 - 480, 480) isUserFullscreenOverrideEnabled=false isSystemFullscreenOverrideEnabled=false hasMinAspectRatioOverride=false topActivityLetterboxBounds=null topNonResizableActivityAspectRatio=-1.0} topActivityMainWindowFrame=null isAppBubble=false} == ActivityLauncherApp(label=設定, activity=ComponentInfo{com.google.android.apps.wearable.settings/com.google.android.clockwork.settings.MainSettingsActivity}, launcherIconRequest=AllAppsLauncherIconRequest(packageName=com.google.android.apps.wearable.settings, activityName=com.google.android.clockwork.settings.MainSettingsActivity, isDefaultApp=false), loadLauncherIcon=ioi@52b95b0)
08-26 18:13:52.461 30537 30574 W SysUI   : [RecentTasksLauncherRepo]getRecentApps matched with a Launcher Activity in the task TaskInfo{userId=0 taskId=2340 effectiveUid=10179 displayId=0 isRunning=true baseIntent=Intent { act=android.intent.action.MAIN cat=[android.intent.category.LAUNCHER] flg=0x10000000 cmp=com.totonoi.sauna/.wear.MainActivity } baseActivity=ComponentInfo{com.totonoi.sauna/com.totonoi.sauna.wear.MainActivity} topActivity=ComponentInfo{com.totonoi.sauna/com.totonoi.sauna.wear.MainActivity} origActivity=null realActivity=ComponentInfo{com.totonoi.sauna/com.totonoi.sauna.wear.MainActivity} realActivityIsAppLockEnabled=false numActivities=1 lastActiveTime=5347797453 supportsMultiWindow=false supportsMultiWindowWithoutConstraints=false resizeMode=1 isResizeable=true minWidth=-1 minHeight=-1 defaultMinSize=220 token=WCT{android.os.BinderProxy@21ba0fc} topActivityType=1 pictureInPictureParams=null shouldDockBigOverlays=false launchIntoPipHostTaskId=-1 lastParentTaskIdBeforePip=-1 displayCutoutSafeInsets=Rect(0, 0 - 0, 0) topActivityInfo=ActivityInfo{2f3e1a4 com.totonoi.sauna.wear.MainActivity} launchCookies=[] positionInParent=Point(0, 0) parentTaskId=-1 isFocused=false isInteractive=false isVisible=false isVisibleRequested=false isTopActivityNoDisplay=false isSleeping=true locusId=null displayAreaFeatureId=1 isTopActivityTransparent=false isActivityStackTransparent=false lastNonFullscreenBounds=Rect(54, 54 - 426, 426) leafTaskBoundsFromOptions= false capturedLink=null capturedLinkTimestamp=0 requestedVisibleTypes=503 topActivityRequestOpenInBrowserEducationTimestamp=0 appCompatTaskInfo=AppCompatTaskInfo { topActivityInSizeCompat=false isLeafTask= true eligibleForLetterboxEducation= false isLetterboxEducationEnabled= false isLetterboxDoubleTapEnabled= false eligibleForUserAspectRatioButton= false topActivityBoundsLetterboxed= false isFromLetterboxDoubleTap= false topActivityLetterboxVerticalPosition= -1 topActivityLetterboxHorizontalPosition= -1 topActivityLetterboxWidth=-1 topActivityLetterboxHeight=-1 topActivityAppBounds=Rect(0, 0 - 480, 480) isUserFullscreenOverrideEnabled=false isSystemFullscreenOverrideEnabled=false hasMinAspectRatioOverride=false topActivityLetterboxBounds=null topNonResizableActivityAspectRatio=-1.0} topActivityMainWindowFrame=null isAppBubble=false} == ActivityLauncherApp(label=サウナととのい計測, activity=ComponentInfo{com.totonoi.sauna/com.totonoi.sauna.wear.MainActivity}, launcherIconRequest=AllAppsLauncherIconRequest(packageName=com.totonoi.sauna, activityName=com.totonoi.sauna.wear.MainActivity, isDefaultApp=false), loadLauncherIcon=ioi@aa7e356)
08-26 18:13:52.463   729   729 I SnapAlloc: Using graphics libs for alignment calculations
08-26 18:13:52.464   729   729 D SnapAlloc: from handle - reserved size 4286576192 custom content metadata size 0
08-26 18:13:52.464   729   729 D SnapAlloc: Successfully mapped metadata 0x1
08-26 18:13:52.464   729   729 D SnapAlloc: from handle - reserved size 0 custom content metadata size 0
08-26 18:13:52.464   729   729 D SnapAlloc: Successfully mapped metadata 0x1
08-26 18:13:52.467 30537 18245 D SnapAlloc: from handle - reserved size 0 custom content metadata size 0
08-26 18:13:52.467 30537 18245 D SnapAlloc: Successfully mapped metadata 0x1
08-26 18:13:52.470   729   729 I SnapAlloc: Using graphics libs for alignment calculations
08-26 18:13:52.471   729   729 D SnapAlloc: from handle - reserved size 4286576192 custom content metadata size 0
08-26 18:13:52.471   729   729 D SnapAlloc: Successfully mapped metadata 0x1
08-26 18:13:52.471   729   729 D SnapAlloc: from handle - reserved size 0 custom content metadata size 0
08-26 18:13:52.471   729   729 D SnapAlloc: Successfully mapped metadata 0x1
08-26 18:13:52.472 30537 18245 D SnapAlloc: from handle - reserved size 0 custom content metadata size 0
08-26 18:13:52.472 30537 18245 D SnapAlloc: Successfully mapped metadata 0x1
08-26 18:13:52.472   729   729 I SnapAlloc: Using graphics libs for alignment calculations
08-26 18:13:52.473   729   729 D SnapAlloc: from handle - reserved size 4286576192 custom content metadata size 0
08-26 18:13:52.473   729   729 D SnapAlloc: Successfully mapped metadata 0x1
08-26 18:13:52.473   729   729 D SnapAlloc: from handle - reserved size 0 custom content metadata size 0
08-26 18:13:52.473   729   729 D SnapAlloc: Successfully mapped metadata 0x1
08-26 18:13:52.474 25836 25836 I Endpoint: Created gRPC endpoint for service class com.google.android.wearable.pixel.pdms.adaptivecharging.server.AdaptiveChargingExternalServerService
08-26 18:13:52.474 30537 18245 D SnapAlloc: from handle - reserved size 0 custom content metadata size 0
08-26 18:13:52.474 30537 18245 D SnapAlloc: Successfully mapped metadata 0x1
08-26 18:13:52.475   729  2186 I SnapAlloc: Using graphics libs for alignment calculations
08-26 18:13:52.476   729  2186 D SnapAlloc: from handle - reserved size 3941566824 custom content metadata size 0
08-26 18:13:52.476   729  2186 D SnapAlloc: Successfully mapped metadata 0x1
08-26 18:13:52.476   729  2186 D SnapAlloc: from handle - reserved size 0 custom content metadata size 0
08-26 18:13:52.476   729  2186 D SnapAlloc: Successfully mapped metadata 0x1
08-26 18:13:52.476 30537 30574 W SysUI   : [RecentTasksLauncherRepo]getRecentApps matched with a Launcher Activity in the task TaskInfo{userId=0 taskId=2298 effectiveUid=10092 displayId=0 isRunning=true baseIntent=Intent { dat=fitbit://details/... flg=0x10008000 cmp=com.fitbit.FitbitMobile/com.google.android.wearable.fitbit.mainapp.today.TodayMainActivity } baseActivity=ComponentInfo{com.fitbit.FitbitMobile/com.google.android.wearable.fitbit.mainapp.today.TodayMainActivity} topActivity=ComponentInfo{com.fitbit.FitbitMobile/com.google.android.wearable.fitbit.mainapp.today.TodayMainActivity} origActivity=null realActivity=ComponentInfo{com.fitbit.FitbitMobile/com.google.android.wearable.fitbit.mainapp.today.TodayMainActivity} realActivityIsAppLockEnabled=false numActivities=1 lastActiveTime=5345731910 supportsMultiWindow=false supportsMultiWindowWithoutConstraints=false resizeMode=1 isResizeable=true minWidth=-1 minHeight=-1 defaultMinSize=220 token=WCT{android.os.BinderProxy@5be9a00} topActivityType=1 pictureInPictureParams=null shouldDockBigOverlays=false launchIntoPipHostTaskId=-1 lastParentTaskIdBeforePip=-1 displayCutoutSafeInsets=Rect(0, 0 - 0, 0) topActivityInfo=ActivityInfo{43b20d3 com.google.android.wearable.fitbit.mainapp.today.TodayMainActivity} launchCookies=[android.os.BinderProxy@df799d] positionInParent=Point(0, 0) parentTaskId=-1 isFocused=false isInteractive=false isVisible=false isVisibleRequested=false isTopActivityNoDisplay=false isSleeping=true locusId=null displayAreaFeatureId=1 isTopActivityTransparent=false isActivityStackTransparent=false lastNonFullscreenBounds=Rect(54, 54 - 426, 426) leafTaskBoundsFromOptions= false capturedLink=null capturedLinkTimestamp=0 requestedVisibleTypes=503 topActivityRequestOpenInBrowserEducationTimestamp=0 appCompatTaskInfo=AppCompatTaskInfo { topActivityInSizeCompat=false isLeafTask= true eligibleForLetterboxEducation= false isLetterboxEducationEnabled= false isLetterboxDoubleTapEnabled= false eligibleForUserAspectRatioButton= false topActivityBoundsLetterboxed= false isFromLetterboxDoubleTap= false topActivityLetterboxVerticalPosition= -1 topActivityLetterboxHorizontalPosition= -1 topActivityLetterboxWidth=-1 topActivityLetterboxHeight=-1 topActivityAppBounds=Rect(0, 0 - 480, 480) isUserFullscreenOverrideEnabled=false isSystemFullscreenOverrideEnabled=false hasMinAspectRatioOverride=false topActivityLetterboxBounds=null topNonResizableActivityAspectRatio=-1.0} topActivityMainWindowFrame=null isAppBubble=false} == ActivityLauncherApp(label=健康, activity=ComponentInfo{com.fitbit.FitbitMobile/com.google.android.wearable.fitbit.mainapp.today.TodayMainActivity}, launcherIconRequest=AllAppsLauncherIconRequest(packageName=com.fitbit.FitbitMobile, activityName=com.google.android.wearable.fitbit.mainapp.today.TodayMainActivity, isDefaultApp=false), loadLauncherIcon=ioi@c19a59d)
08-26 18:13:52.477 30537 18245 D SnapAlloc: from handle - reserved size 0 custom content metadata size 0
08-26 18:13:52.477 30537 18245 D SnapAlloc: Successfully mapped metadata 0x1
08-26 18:13:52.481 30537 30574 W SysUI   : [LauncherDefaultRecentsCombiner]Unable to get ActivityDisplayInfo for {com.google.android.apps.youtube.music/com.google.android.apps.youtube.music.wear.WearMainActivity} attempting to fetch from ResolveInfo
08-26 18:13:52.491   728   880 D SnapAlloc: from handle - reserved size 0 custom content metadata size 0
08-26 18:13:52.492   728   880 D SnapAlloc: Successfully mapped metadata 0x1
08-26 18:13:52.496 30537 30537 W ProxyAndroidLoggerBackend: Too many Flogger logs received before configuration. Dropping old logs.
08-26 18:13:52.511   536   564 E pixelstats-uevent: Unable to read  - No such file or directory
08-26 18:13:52.553  1641  1641 E BatteryDefender: Failed to read /sys/devices/platform/google,charger/bd_state
08-26 18:13:52.564 30537 30574 W SysUI   : [RecentTasksLauncherRepo]getRecentApps matched with a Launcher Activity in the task TaskInfo{userId=0 taskId=2341 effectiveUid=1000 displayId=0 isRunning=true baseIntent=Intent { act=android.settings.SETTINGS flg=0x10000000 pkg=com.google.android.apps.wearable.settings cmp=com.google.android.apps.wearable.settings/com.google.android.clockwork.settings.MainSettingsActivity } baseActivity=ComponentInfo{com.google.android.apps.wearable.settings/com.google.android.clockwork.settings.MainSettingsActivity} topActivity=ComponentInfo{com.google.android.apps.wearable.settings/com.google.android.clockwork.settings.common.InternalSettingsPreferenceActivity} origActivity=null realActivity=ComponentInfo{com.google.android.apps.wearable.settings/com.google.android.clockwork.settings.MainSettingsActivity} realActivityIsAppLockEnabled=false numActivities=2 lastActiveTime=5355163425 supportsMultiWindow=false supportsMultiWindowWithoutConstraints=false resizeMode=1 isResizeable=true minWidth=-1 minHeight=-1 defaultMinSize=220 token=WCT{android.os.BinderProxy@1d4f207} topActivityType=1 pictureInPictureParams=null shouldDockBigOverlays=false launchIntoPipHostTaskId=-1 lastParentTaskIdBeforePip=-1 displayCutoutSafeInsets=Rect(0, 0 - 0, 0) topActivityInfo=ActivityInfo{7e4fbd4 com.google.android.clockwork.settings.common.InternalSettingsPreferenceActivity} launchCookies=[] positionInParent=Point(0, 0) parentTaskId=-1 isFocused=false isInteractive=false isVisible=false isVisibleRequested=false isTopActivityNoDisplay=false isSleeping=true locusId=null displayAreaFeatureId=1 isTopActivityTransparent=false isActivityStackTransparent=false lastNonFullscreenBounds=Rect(54, 54 - 426, 426) leafTaskBoundsFromOptions= false capturedLink=null capturedLinkTimestamp=0 requestedVisibleTypes=503 topActivityRequestOpenInBrowserEducationTimestamp=0 appCompatTaskInfo=AppCompatTaskInfo { topActivityInSizeCompat=false isLeafTask= true eligibleForLetterboxEducation= false isLetterboxEducationEnabled= false isLetterboxDoubleTapEnabled= false eligibleForUserAspectRatioButton= false topActivityBoundsLetterboxed= false isFromLetterboxDoubleTap= false topActivityLetterboxVerticalPosition= -1 topActivityLetterboxHorizontalPosition= -1 topActivityLetterboxWidth=-1 topActivityLetterboxHeight=-1 topActivityAppBounds=Rect(0, 0 - 480, 480) isUserFullscreenOverrideEnabled=false isSystemFullscreenOverrideEnabled=false hasMinAspectRatioOverride=false topActivityLetterboxBounds=null topNonResizableActivityAspectRatio=-1.0} topActivityMainWindowFrame=null isAppBubble=false} == ActivityLauncherApp(label=設定, activity=ComponentInfo{com.google.android.apps.wearable.settings/com.google.android.clockwork.settings.MainSettingsActivity}, launcherIconRequest=AllAppsLauncherIconRequest(packageName=com.google.android.apps.wearable.settings, activityName=com.google.android.clockwork.settings.MainSettingsActivity, isDefaultApp=false), loadLauncherIcon=ioi@52b95b0)
08-26 18:13:52.568 30537 30574 W SysUI   : [RecentTasksLauncherRepo]getRecentApps matched with a Launcher Activity in the task TaskInfo{userId=0 taskId=2340 effectiveUid=10179 displayId=0 isRunning=true baseIntent=Intent { act=android.intent.action.MAIN cat=[android.intent.category.LAUNCHER] flg=0x10000000 cmp=com.totonoi.sauna/.wear.MainActivity } baseActivity=ComponentInfo{com.totonoi.sauna/com.totonoi.sauna.wear.MainActivity} topActivity=ComponentInfo{com.totonoi.sauna/com.totonoi.sauna.wear.MainActivity} origActivity=null realActivity=ComponentInfo{com.totonoi.sauna/com.totonoi.sauna.wear.MainActivity} realActivityIsAppLockEnabled=false numActivities=1 lastActiveTime=5347797453 supportsMultiWindow=false supportsMultiWindowWithoutConstraints=false resizeMode=1 isResizeable=true minWidth=-1 minHeight=-1 defaultMinSize=220 token=WCT{android.os.BinderProxy@21ba0fc} topActivityType=1 pictureInPictureParams=null shouldDockBigOverlays=false launchIntoPipHostTaskId=-1 lastParentTaskIdBeforePip=-1 displayCutoutSafeInsets=Rect(0, 0 - 0, 0) topActivityInfo=ActivityInfo{b32017d com.totonoi.sauna.wear.MainActivity} launchCookies=[] positionInParent=Point(0, 0) parentTaskId=-1 isFocused=false isInteractive=false isVisible=false isVisibleRequested=false isTopActivityNoDisplay=false isSleeping=true locusId=null displayAreaFeatureId=1 isTopActivityTransparent=false isActivityStackTransparent=false lastNonFullscreenBounds=Rect(54, 54 - 426, 426) leafTaskBoundsFromOptions= false capturedLink=null capturedLinkTimestamp=0 requestedVisibleTypes=503 topActivityRequestOpenInBrowserEducationTimestamp=0 appCompatTaskInfo=AppCompatTaskInfo { topActivityInSizeCompat=false isLeafTask= true eligibleForLetterboxEducation= false isLetterboxEducationEnabled= false isLetterboxDoubleTapEnabled= false eligibleForUserAspectRatioButton= false topActivityBoundsLetterboxed= false isFromLetterboxDoubleTap= false topActivityLetterboxVerticalPosition= -1 topActivityLetterboxHorizontalPosition= -1 topActivityLetterboxWidth=-1 topActivityLetterboxHeight=-1 topActivityAppBounds=Rect(0, 0 - 480, 480) isUserFullscreenOverrideEnabled=false isSystemFullscreenOverrideEnabled=false hasMinAspectRatioOverride=false topActivityLetterboxBounds=null topNonResizableActivityAspectRatio=-1.0} topActivityMainWindowFrame=null isAppBubble=false} == ActivityLauncherApp(label=サウナととのい計測, activity=ComponentInfo{com.totonoi.sauna/com.totonoi.sauna.wear.MainActivity}, launcherIconRequest=AllAppsLauncherIconRequest(packageName=com.totonoi.sauna, activityName=com.totonoi.sauna.wear.MainActivity, isDefaultApp=false), loadLauncherIcon=ioi@aa7e356)
08-26 18:13:52.569  1641  1641 E BatteryDefender: Failed to read /sys/devices/platform/google,charger/bd_state
08-26 18:13:52.573 30537 30574 W SysUI   : [RecentTasksLauncherRepo]getRecentApps matched with a Launcher Activity in the task TaskInfo{userId=0 taskId=2298 effectiveUid=10092 displayId=0 isRunning=true baseIntent=Intent { dat=fitbit://details/... flg=0x10008000 cmp=com.fitbit.FitbitMobile/com.google.android.wearable.fitbit.mainapp.today.TodayMainActivity } baseActivity=ComponentInfo{com.fitbit.FitbitMobile/com.google.android.wearable.fitbit.mainapp.today.TodayMainActivity} topActivity=ComponentInfo{com.fitbit.FitbitMobile/com.google.android.wearable.fitbit.mainapp.today.TodayMainActivity} origActivity=null realActivity=ComponentInfo{com.fitbit.FitbitMobile/com.google.android.wearable.fitbit.mainapp.today.TodayMainActivity} realActivityIsAppLockEnabled=false numActivities=1 lastActiveTime=5345731910 supportsMultiWindow=false supportsMultiWindowWithoutConstraints=false resizeMode=1 isResizeable=true minWidth=-1 minHeight=-1 defaultMinSize=220 token=WCT{android.os.BinderProxy@5be9a00} topActivityType=1 pictureInPictureParams=null shouldDockBigOverlays=false launchIntoPipHostTaskId=-1 lastParentTaskIdBeforePip=-1 displayCutoutSafeInsets=Rect(0, 0 - 0, 0) topActivityInfo=ActivityInfo{46ce872 com.google.android.wearable.fitbit.mainapp.today.TodayMainActivity} launchCookies=[android.os.BinderProxy@df799d] positionInParent=Point(0, 0) parentTaskId=-1 isFocused=false isInteractive=false isVisible=false isVisibleRequested=false isTopActivityNoDisplay=false isSleeping=true locusId=null displayAreaFeatureId=1 isTopActivityTransparent=false isActivityStackTransparent=false lastNonFullscreenBounds=Rect(54, 54 - 426, 426) leafTaskBoundsFromOptions= false capturedLink=null capturedLinkTimestamp=0 requestedVisibleTypes=503 topActivityRequestOpenInBrowserEducationTimestamp=0 appCompatTaskInfo=AppCompatTaskInfo { topActivityInSizeCompat=false isLeafTask= true eligibleForLetterboxEducation= false isLetterboxEducationEnabled= false isLetterboxDoubleTapEnabled= false eligibleForUserAspectRatioButton= false topActivityBoundsLetterboxed= false isFromLetterboxDoubleTap= false topActivityLetterboxVerticalPosition= -1 topActivityLetterboxHorizontalPosition= -1 topActivityLetterboxWidth=-1 topActivityLetterboxHeight=-1 topActivityAppBounds=Rect(0, 0 - 480, 480) isUserFullscreenOverrideEnabled=false isSystemFullscreenOverrideEnabled=false hasMinAspectRatioOverride=false topActivityLetterboxBounds=null topNonResizableActivityAspectRatio=-1.0} topActivityMainWindowFrame=null isAppBubble=false} == ActivityLauncherApp(label=健康, activity=ComponentInfo{com.fitbit.FitbitMobile/com.google.android.wearable.fitbit.mainapp.today.TodayMainActivity}, launcherIconRequest=AllAppsLauncherIconRequest(packageName=com.fitbit.FitbitMobile, activityName=com.google.android.wearable.fitbit.mainapp.today.TodayMainActivity, isDefaultApp=false), loadLauncherIcon=ioi@c19a59d)
08-26 18:13:52.577 30537 30574 W SysUI   : [LauncherDefaultRecentsCombiner]Unable to get ActivityDisplayInfo for {com.google.android.apps.youtube.music/com.google.android.apps.youtube.music.wear.WearMainActivity} attempting to fetch from ResolveInfo
08-26 18:13:52.647  1096  1096 I CpuStateResidencyDataProvider:  Reading : /sys/devices/system/cpu/cpu0/cpufreq/stats/trans_table
08-26 18:13:52.649  1096  1096 I CpuStateResidencyDataProvider:  Reading : /sys/devices/system/cpu/cpu1/cpufreq/stats/trans_table
08-26 18:13:52.652  1096  1096 I CpuStateResidencyDataProvider:  Reading : /sys/devices/system/cpu/cpu2/cpufreq/stats/trans_table
08-26 18:13:52.655  1096  1096 I CpuStateResidencyDataProvider:  Reading : /sys/devices/system/cpu/cpu3/cpufreq/stats/trans_table
08-26 18:13:52.659  1096  1096 E android.hardware.power.stats-service.pixel: callback for Bluetooth is not registered
08-26 18:13:52.659  1096  1096 E android.hardware.power.stats-service.pixel: getStateResidency for Bluetooth failed
08-26 18:13:52.659  1096  1096 E android.hardware.power.stats-service.pixel: Failed to get results for Bluetooth
08-26 18:13:52.704 30537 30542 I .wearable.sysui: CollectorTransition concurrent mark compact GC freed 10MB AllocSpace bytes, 7(188KB) LOS objects, 89% free, 14MB/128MB, paused 2.097ms,8.235ms total 527.572ms
08-26 18:13:52.724 30537 30544 W System  : A resource failed to call HardwareBuffer.close. 
08-26 18:13:52.849  7512  7544 I MCU     : ambient_light_sensor.cc:213      294:24:20.292 AlsSensor Update display, mode:0, brightness:0, refresh:0
08-26 18:13:52.850  7512  7544 D MCU     : tilt_sensor_base.cc:188          294:24:20.296 [TTW] display=OFF
08-26 18:13:52.851  7512  7544 D MCU     : usf_server.cc:550                294:24:20.298 [USF] Received unsupported USF request type 1001.
08-26 18:13:52.852  7512  7544 D MCU     : bt_arbiter.cc:135                294:24:20.526 popRequestQueue : OpCode 804
08-26 18:13:52.852  7512  7544 D MCU     : bt_arbiter.cc:144                294:24:20.526 popRequestQueue : Request queue popped, sending next
08-26 18:13:53.080  5883  5883 D WatchFaceService: Setting Watch Ui State with WatchUiState{ interruptionFilter=1, inAmbientMode=false } and fromSysUi=true. Existing state: firstSetWatchUiState=false, systemHasSentWatchUiState=true, mutableWatchState.interruptionFilter=1, mutableWatchState.isAmbient=true
08-26 18:13:53.106 30537 30537 I DisplayOffloadManager: sendStatusBar
08-26 18:13:53.107 30537 30537 W DisplayOffloadManager: setSysUIAnimateOnTilt not supported.
08-26 18:13:53.110  1891  3849 D DOLayout: updateStatusBar: identical status bar, skipped
08-26 18:13:53.168  1891  1927 V WindowManager: Sent Transition (#64228) createdAt=08-26 18:13:53.166 via request=TransitionRequestInfo { type = SLEEP, triggerTask = null, pipChange = null, remoteTransitionInfo = null, displayChanges = null, requestedLocation = null, userChange = null, windowingLayerChange = null, fullscreenRequestChange = null, flags = 0, debugId = 64228 }
08-26 18:13:53.168  1891  1927 V WindowManager:     startWCT=null
08-26 18:13:53.168  1891  1927 V WindowManager:     info={id=64228 t=SLEEP f=0x40 trk=0 r=[] c=[]}
08-26 18:13:53.175  3050  3151 V WindowManagerShell: Transition requested (#64228): android.os.BinderProxy@3de53f3 TransitionRequestInfo { type = SLEEP, triggerTask = null, pipChange = null, remoteTransitionInfo = null, displayChanges = null, requestedLocation = null, userChange = null, windowingLayerChange = null, fullscreenRequestChange = null, flags = 0, debugId = 64228 }
08-26 18:13:53.175  3050  3084 V WindowManagerShell: onTransitionReady(transaction=8121784293802)
08-26 18:13:53.176  1891  3166 W Transition: Transition already started id=64228 state=2
08-26 18:13:53.176  3050  3151 V WindowManagerShell: onTransitionReady (#64228) android.os.BinderProxy@3de53f3: {id=64228 t=SLEEP f=0x40 trk=0 r=[] c=[]}
08-26 18:13:53.177  3050  3151 V WindowManagerShell: No transition roots in (#64228) android.os.BinderProxy@3de53f3@0 so abort
08-26 18:13:53.179  3050  3151 V WindowManagerShell: Transition animation finished (aborted=true), notifying core (#64228) android.os.BinderProxy@3de53f3@0
08-26 18:13:53.180  1891  1927 V WindowManager: Finish Transition (#64228): created at 08-26 18:13:53.166 collect-started=0.042ms request-sent=0.198ms started=0.618ms ready=0.611ms sent=0.818ms finished=13.387ms
08-26 18:13:53.181  3050  3151 V WindowManagerShell: Track 0 became idle
08-26 18:13:53.181  3050  3151 V WindowManagerShell: All active transition animations finished
08-26 18:13:53.204  1891  2746 D InetDiagMessage: Destroyed 0 sockets, proto=IPPROTO_TCP, family=AF_INET, states=14
08-26 18:13:53.205  1891  2746 D InetDiagMessage: Destroyed 0 sockets, proto=IPPROTO_TCP, family=AF_INET6, states=14
08-26 18:13:53.206  1891  2746 D InetDiagMessage: Destroyed live tcp sockets for uids={10045} in 2ms
08-26 18:13:53.207  1891  2746 D InetDiagMessage: Destroyed 0 sockets, proto=IPPROTO_TCP, family=AF_INET, states=14
08-26 18:13:53.208  1891  2746 D InetDiagMessage: Destroyed 0 sockets, proto=IPPROTO_TCP, family=AF_INET6, states=14
08-26 18:13:53.208  1891  2746 D InetDiagMessage: Destroyed live tcp sockets for uids={20045} in 2ms
08-26 18:13:53.276  1891  3166 W libbinder.Binder: BBinder::getInterfaceDescriptor (this=0xeb5488f8). Override?
08-26 18:13:53.330  7512  7544 D MCU     : bt_chre_link_manager.cc:415      294:24:21.041 handleModeChangeEvent: ACTIVE (connection_handle 0x000b interval: 0)
08-26 18:13:53.351   540  3762 W libc    : Access denied finding property "suspend.debug.wakestats_log.enabled"
08-26 18:13:54.038 29534 29549 I ForwardSyncCache: reclaimMemory: Clearing caches
08-26 18:13:54.222  1827  1830 I pixel-thermal: audio-therm:40.984 raw data: audio-therm:40984 
08-26 18:13:54.335  7512  7544 D MCU     : bt_arbiter.cc:135                294:24:22.042 popRequestQueue : OpCode 803
08-26 18:13:54.335  7512  7544 D MCU     : bt_arbiter.cc:144                294:24:22.042 popRequestQueue : Request queue popped, sending next
08-26 18:13:54.336  7512  7544 D MCU     : bt_chre_link_manager.cc:420      294:24:22.066 handleModeChangeEvent: SNIFF  (connection_handle 0x000b interval: 816)
08-26 18:13:54.543  1891  2583 D ActivityManager: freezing 18141 com.google.android.permissioncontroller
08-26 18:13:54.558  1891  2746 D InetDiagMessage: Destroyed 0 sockets, proto=IPPROTO_TCP, family=AF_INET, states=14
08-26 18:13:54.560  1891  2746 D InetDiagMessage: Destroyed 0 sockets, proto=IPPROTO_TCP, family=AF_INET6, states=14
08-26 18:13:54.561  1891  2746 D InetDiagMessage: Destroyed live tcp sockets for uids={10135} in 5ms
08-26 18:13:56.239  1827  1830 I pixel-thermal: audio-therm:40.882 raw data: audio-therm:40882 
08-26 18:13:56.791  1891  2746 D InetDiagMessage: Destroyed 0 sockets, proto=IPPROTO_TCP, family=AF_INET, states=14
08-26 18:13:56.792  1891  2746 D InetDiagMessage: Destroyed 0 sockets, proto=IPPROTO_TCP, family=AF_INET6, states=14
08-26 18:13:56.793  1891  2746 D InetDiagMessage: Destroyed live tcp sockets for uids={10055} in 3ms
08-26 18:13:56.794  1891  2746 D InetDiagMessage: Destroyed 0 sockets, proto=IPPROTO_TCP, family=AF_INET, states=14
08-26 18:13:56.795  1891  2746 D InetDiagMessage: Destroyed 0 sockets, proto=IPPROTO_TCP, family=AF_INET6, states=14
08-26 18:13:56.795  1891  2746 D InetDiagMessage: Destroyed live tcp sockets for uids={20055} in 2ms
08-26 18:13:57.083  1891  2746 D InetDiagMessage: Destroyed 0 sockets, proto=IPPROTO_TCP, family=AF_INET, states=14
08-26 18:13:57.084  1891  2746 D InetDiagMessage: Destroyed 0 sockets, proto=IPPROTO_TCP, family=AF_INET6, states=14
08-26 18:13:57.084  1891  2746 D InetDiagMessage: Destroyed live tcp sockets for uids={10149} in 3ms
08-26 18:13:57.085  1891  2746 D InetDiagMessage: Destroyed 0 sockets, proto=IPPROTO_TCP, family=AF_INET, states=14
08-26 18:13:57.086  1891  2746 D InetDiagMessage: Destroyed 0 sockets, proto=IPPROTO_TCP, family=AF_INET6, states=14
08-26 18:13:57.086  1891  2746 D InetDiagMessage: Destroyed live tcp sockets for uids={20149} in 2ms
08-26 18:13:58.216  1891  2583 D ActivityManager: freezing 12836 com.google.android.dialer
08-26 18:13:58.222  1891  2746 D InetDiagMessage: Destroyed 0 sockets, proto=IPPROTO_TCP, family=AF_INET, states=14
08-26 18:13:58.223  1891  2746 D InetDiagMessage: Destroyed 0 sockets, proto=IPPROTO_TCP, family=AF_INET6, states=14
08-26 18:13:58.224  1891  2746 D InetDiagMessage: Destroyed live tcp sockets for uids={10045} in 3ms
08-26 18:13:58.253  1827  1830 I pixel-thermal: audio-therm:40.744 raw data: audio-therm:40744 
08-26 18:13:58.328  1891  2583 D ActivityManager: freezing 11456 com.google.android.apps.wearable.settings
08-26 18:13:59.006  1891  2583 D ActivityManager: freezing 29534 com.google.android.apps.messaging
08-26 18:13:59.013  1891  2746 D InetDiagMessage: Destroyed 0 sockets, proto=IPPROTO_TCP, family=AF_INET, states=14
08-26 18:13:59.015  1891  2746 D InetDiagMessage: Destroyed 0 sockets, proto=IPPROTO_TCP, family=AF_INET6, states=14
08-26 18:13:59.015  1891  2746 D InetDiagMessage: Destroyed live tcp sockets for uids={10095} in 3ms
08-26 18:13:59.106  1891  2583 D ActivityManager: freezing 28990 com.google.android.deskclock
08-26 18:13:59.106  1145  3289 D AudioFlinger: onStateChanged: pid:28990  uid:10060  state:frozen - no freeze activity
08-26 18:13:59.110  1891  2746 D InetDiagMessage: Destroyed 0 sockets, proto=IPPROTO_TCP, family=AF_INET, states=14
08-26 18:13:59.111  1891  2746 D InetDiagMessage: Destroyed 0 sockets, proto=IPPROTO_TCP, family=AF_INET6, states=14
08-26 18:13:59.111  1891  2746 D InetDiagMessage: Destroyed live tcp sockets for uids={10060} in 2ms
08-26 18:14:00.019  5883  5883 I DisplayOffloadKoruShim: Validity period expired
08-26 18:14:00.268  1827  1830 I pixel-thermal: audio-therm:40.668 raw data: audio-therm:40668 
08-26 18:14:00.833  7512  7544 D MCU     : calories_consumer.cc:157         294:24:28.513 Calories OnSample timestamp_ns=1059868525268554 total=1.33
08-26 18:14:00.834  7512  7544 D MCU     : offload_data_provider_app.cc:1190 294:24:28.514 [OffloadDataProvider] Got Calories, total=2514.12
08-26 18:14:01.786  1891  2583 D ActivityManager: freezing 17327 com.google.android.apps.safetyhub
08-26 18:14:01.797  1891  2746 D InetDiagMessage: Destroyed 0 sockets, proto=IPPROTO_TCP, family=AF_INET, states=14
08-26 18:14:01.798  1891  2746 D InetDiagMessage: Destroyed 0 sockets, proto=IPPROTO_TCP, family=AF_INET6, states=14
08-26 18:14:01.798  1891  2746 D InetDiagMessage: Destroyed live tcp sockets for uids={10055} in 2ms
08-26 18:14:02.031   536   564 E pixelstats-uevent: Unable to read  - No such file or directory
08-26 18:14:02.057  1641  1641 E BatteryDefender: Failed to read /sys/devices/platform/google,charger/bd_state
08-26 18:14:02.071  1641  1641 E BatteryDefender: Failed to read /sys/devices/platform/google,charger/bd_state
08-26 18:14:02.078  1891  2583 D ActivityManager: freezing 18102 jp.naver.line.android
08-26 18:14:02.082  1891  2746 D InetDiagMessage: Destroyed 0 sockets, proto=IPPROTO_TCP, family=AF_INET, states=14
08-26 18:14:02.083  1891  2746 D InetDiagMessage: Destroyed 0 sockets, proto=IPPROTO_TCP, family=AF_INET6, states=14
08-26 18:14:02.083  1891  2746 D InetDiagMessage: Destroyed live tcp sockets for uids={10149} in 2ms
08-26 18:14:02.165  1891  2746 W AppOps  : Noting op not finished: uid 1000 pkg com.android.providers.settings code 169 startTime of in progress event=1787735561678
08-26 18:14:02.404 30537 30586 W ProxyAndroidLoggerBackend: Too many Flogger logs received before configuration. Dropping old logs.
08-26 18:14:02.405 30537 30586 W ProxyAndroidLoggerBackend: Too many Flogger logs received before configuration. Dropping old logs.
08-26 18:14:04.041  1827  1830 I pixel-thermal: audio-therm:40.579 raw data: audio-therm:40579 
08-26 18:14:05.667 25836 25854 V trace_manager: 000000	com.google.android.wearable.pixel.pdms.adaptivecharging.proto.AdaptiveChargingExternalService/TurnOnAdaptiveCharging > 2 ms
08-26 18:14:05.667 25836 25854 V trace_manager: 000000	com.google.android.wearable.pixel.pdms.adaptivecharging.proto.AdaptiveChargingExternalService/TurnOnAdaptiveCharging > com.google.android.wearable.pixel.pdms.adaptivecharging.proto.AdaptiveChargingExternalService/TurnOnAdaptiveCharging > 68 ms
08-26 18:14:05.668 25836 25865 V trace_manager: 000000	com.google.android.wearable.pixel.pdms.adaptivecharging.server.AdaptiveChargingExternalServerService.onBind > 0 ms
08-26 18:14:05.668 25836 25865 V trace_manager: 000000	com.google.android.wearable.pixel.pdms.adaptivecharging.server.AdaptiveChargingExternalServerService.onBind > onBind AdaptiveChargingExternalServerService > 1 ms
08-26 18:14:05.669 25836 25865 V trace_manager: 000000	Broadcast to com.google.android.wearable.pixel.pdms.features.wacupdates.ChargingStatusReceiver_Receiver android.intent.action.ACTION_POWER_CONNECTED > 0 ms
08-26 18:14:05.669 25836 25865 V trace_manager: 000000	Broadcast to com.google.android.wearable.pixel.pdms.features.wacupdates.ChargingStatusReceiver_Receiver android.intent.action.ACTION_POWER_CONNECTED > getEntryPoint > 0 ms
08-26 18:14:05.669 25836 25865 V trace_manager: 000000	Broadcast to com.google.android.wearable.pixel.pdms.features.wacupdates.ChargingStatusReceiver_Receiver android.intent.action.ACTION_POWER_CONNECTED > handleBroadcast > 82 ms
08-26 18:14:05.669 25836 25865 V trace_manager: 000079	Broadcast to com.google.android.wearable.pixel.pdms.features.wacupdates.ChargingStatusReceiver_Receiver android.intent.action.ACTION_POWER_CONNECTED > handleBroadcast > <logging span> > 0 ms
08-26 18:14:05.669 25836 25865 V trace_manager: 000000	Creating AdaptiveChargingExternalServerService > 0 ms
08-26 18:14:05.669 25836 25865 V trace_manager: 000000	Creating AdaptiveChargingExternalServerService > onCreate AdaptiveChargingExternalServerService > 26 ms
08-26 18:14:05.669 25836 25865 V trace_manager: 000000	Creating AdaptiveChargingExternalServerService > onCreate AdaptiveChargingExternalServerService > CreateComponent > 2 ms
08-26 18:14:05.669 25836 25865 V trace_manager: 000002	Creating AdaptiveChargingExternalServerService > onCreate AdaptiveChargingExternalServerService > CreatePeer > 24 ms
08-26 18:14:05.669 25836 25865 V trace_manager: 000000	Destroying AdaptiveChargingExternalServerService > 0 ms
08-26 18:14:05.669 25836 25865 V trace_manager: 000000	Destroying AdaptiveChargingExternalServerService > onDestroy AdaptiveChargingExternalServerService > 9 ms
08-26 18:14:05.670 25836 25865 V trace_manager: 000000	Creating AdaptiveChargingExternalServerService > 0 ms
08-26 18:14:05.670 25836 25865 V trace_manager: 000029	Creating AdaptiveChargingExternalServerService > onCreate AdaptiveChargingExternalServerService > 177 ms
08-26 18:14:05.670 25836 25865 V trace_manager: 000055	Creating AdaptiveChargingExternalServerService > onCreate AdaptiveChargingExternalServerService > CreateComponent > 0 ms
08-26 18:14:05.670 25836 25865 V trace_manager: 000079	Creating AdaptiveChargingExternalServerService > onCreate AdaptiveChargingExternalServerService > CreatePeer > 127 ms
08-26 18:14:05.670 25836 25865 V trace_manager: 000000	com.google.android.wearable.pixel.pdms.adaptivecharging.proto.AdaptiveChargingExternalService/TurnOnAdaptiveCharging > 33 ms
08-26 18:14:05.670 25836 25865 V trace_manager: 000000	com.google.android.wearable.pixel.pdms.adaptivecharging.proto.AdaptiveChargingExternalService/TurnOnAdaptiveCharging > com.google.android.wearable.pixel.pdms.adaptivecharging.proto.AdaptiveChargingExternalService/TurnOnAdaptiveCharging > 459 ms
08-26 18:14:05.671 25836 25854 V trace_manager: 000000	com.google.android.wearable.pixel.pdms.adaptivecharging.server.AdaptiveChargingExternalServerService.onBind > 0 ms
08-26 18:14:05.671 25836 25854 V trace_manager: 000000	com.google.android.wearable.pixel.pdms.adaptivecharging.server.AdaptiveChargingExternalServerService.onBind > onBind AdaptiveChargingExternalServerService > 1 ms
08-26 18:14:05.672 25836 25865 V trace_manager: 000000	Broadcast to com.google.android.wearable.pixel.pdms.features.wacmanagement.OnChargerReceiver_Receiver android.intent.action.ACTION_POWER_CONNECTED > 0 ms
08-26 18:14:05.672 25836 25865 V trace_manager: 000000	Broadcast to com.google.android.wearable.pixel.pdms.features.wacmanagement.OnChargerReceiver_Receiver android.intent.action.ACTION_POWER_CONNECTED > getEntryPoint > 0 ms
08-26 18:14:05.672 25836 25865 V trace_manager: 000000	Broadcast to com.google.android.wearable.pixel.pdms.features.wacmanagement.OnChargerReceiver_Receiver android.intent.action.ACTION_POWER_CONNECTED > handleBroadcast > 152 ms
08-26 18:14:06.056  1827  1830 I pixel-thermal: audio-therm:40.541 raw data: audio-therm:40541 
08-26 18:14:06.153  1891  2930 W libbinder.Binder: BBinder::getInterfaceDescriptor (this=0xeb5488f8). Override?
08-26 18:14:06.243   540  3762 W libc    : Access denied finding property "suspend.debug.wakestats_log.enabled"
08-26 18:14:06.244  1089  1106 D ContextHubHal: Got message from nanoapp: ID 0x476f6f676c003000
08-26 18:14:06.245  1089  1106 D ContextHubHal: Got message from nanoapp: ID 0x476f6f676c003000
08-26 18:14:06.723  7512  7544 D MCU     : site_data_provider.cc:220        294:24:34.131 [SiteDataProvider] Flushing 1 MSA_MINUTE records
08-26 18:14:06.724  7512  7544 D MCU     : site_data_provider.cc:220        294:24:34.132 [SiteDataProvider] Flushing 1 MSA_MINUTE records
08-26 18:14:07.222  7512  7544 I MCU     : algorithm_handler.cc:471         294:24:34.854 [WaterDetection] Transition: 0, Submersed: 0.00, Baseline: 1007.836, MaxRelative: 0.013, MaxDiff: 0.031, MeanDiff: 0.006
08-26 18:14:07.258  2888 14726 E ComplicationDataEvaluator: Failed sending dynamic update.
08-26 18:14:07.258  2888 14726 E ComplicationDataEvaluator: kotlinx.coroutines.JobCancellationException: Job was cancelled; job=JobImpl{Cancelled}@c642bc4
08-26 18:14:07.259  2888 14726 E ComplicationDataEvaluator: Failed sending dynamic update.
08-26 18:14:07.259  2888 14726 E ComplicationDataEvaluator: kotlinx.coroutines.JobCancellationException: Job was cancelled; job=JobImpl{Cancelled}@4062098
08-26 18:14:07.259  2888 14726 E ComplicationDataEvaluator: Failed sending dynamic update.
08-26 18:14:07.259  2888 14726 E ComplicationDataEvaluator: kotlinx.coroutines.JobCancellationException: Job was cancelled; job=JobImpl{Cancelled}@a443b3d
08-26 18:14:07.259  2888 14726 E ComplicationDataEvaluator: Failed sending dynamic update.
08-26 18:14:07.259  2888 14726 E ComplicationDataEvaluator: kotlinx.coroutines.JobCancellationException: Job was cancelled; job=JobImpl{Cancelled}@a443b3d
08-26 18:14:08.056  1827  1830 I pixel-thermal: audio-therm:40.528 raw data: audio-therm:40528 
08-26 18:14:09.224  7512  7544 D MCU     : skin_temperature_manager.cc:333  294:24:36.630 [SkinTemperature] [Record Processing Incomplete] Processed 0 temperature samples.
08-26 18:14:09.224  7512  7544 D MCU     : skin_temperature_manager.cc:333  294:24:36.630 [SkinTemperature] [Record Processing Incomplete] Processed 0 temperature samples.
08-26 18:14:10.006 17942 17942 I AHS_ExerciseClientInitM: Scheduled recurring storage clean-up task. [CONTEXT service_id=412 ]
08-26 18:14:10.040 17942 17942 I AHS_ExerciseClientInitM: Exercise data sources initialized. [CONTEXT service_id=412 ]
08-26 18:14:10.044 17942 17975 I AHS_GmsCommsCapabilityM: (REDACTED) Adding Local Capability %s
08-26 18:14:10.059  1891  3849 W ActivityManager: Unable to start service Intent { act=hs.versionclient.BIND xflg=0x4 pkg=com.google.android.gms } U=0: not found
08-26 18:14:10.060 19774 13493 W WHS_IpcBackedSdkVersion: Failed to bind for com.google.android.gms
08-26 18:14:10.064 17942 17942 W AHS_WhsExerciseDataSour: Not implemented [CONTEXT service_id=412 ]
08-26 18:14:10.066  1827  1830 I pixel-thermal: audio-therm:40.528 raw data: audio-therm:40528 
08-26 18:14:10.067 17942 17975 W AHS_GmsCommsCapabilityM: Failed to add SESSION_SYNC_CAPABILITY with exception: DUPLICATE_CAPABILITY [CONTEXT service_id=412 ]
08-26 18:14:10.070 17942 18072 I AHS_GmsCommsMsgMgr: (REDACTED) Successfully registered listener for pathPrefix %s
08-26 18:14:10.070 17942 18072 I AHS_GmsCommsMsgMgr: (REDACTED) Successfully registered listener for pathPrefix %s
08-26 18:14:10.071 17942 17942 I AHS_GmsCommsMsgMgr: (REDACTED) Successfully added service for pathPrefix %s nodeId %s
08-26 18:14:10.071 17942 17942 I AHS_GmsCommsMsgMgr: (REDACTED) Successfully added service for pathPrefix %s nodeId %s
08-26 18:14:10.072 17942 17942 I AHS_GmsCommsMsgMgr: (REDACTED) Successfully added service for pathPrefix %s nodeId %s
08-26 18:14:10.072 17942 17975 I AHS_GmsCommsManager: Starting collection for custom permission grants from watch. [CONTEXT service_id=412 ]
08-26 18:14:10.438 11892 23662 E SconeApkMinimumVersions: Package not found: com.google.android.apps.stargate [CONTEXT nimbus_annotation_log_config="SCONE_SATELLITE_LOG_CONFIG" ]
08-26 18:14:10.438 11892 23662 E SconeApkMinimumVersions: android.content.pm.PackageManager$NameNotFoundException: com.google.android.apps.stargate
08-26 18:14:10.438 11892 23662 E SconeApkMinimumVersions: 	at android.app.ApplicationPackageManager.getPackageInfoAsUser(ApplicationPackageManager.java:293)
08-26 18:14:10.438 11892 23662 E SconeApkMinimumVersions: 	at android.app.ApplicationPackageManager.getPackageInfo(ApplicationPackageManager.java:253)
08-26 18:14:10.438 11892 23662 E SconeApkMinimumVersions: 	at android.app.ApplicationPackageManager.getPackageInfo(ApplicationPackageManager.java:247)
08-26 18:14:10.438 11892 23662 E SconeApkMinimumVersions: 	at fce.test(PG:26)
08-26 18:14:10.438 11892 23662 E SconeApkMinimumVersions: 	at izb.test(PG:17)
08-26 18:14:10.438 11892 23662 E SconeApkMinimumVersions: 	at j$.util.stream.v.accept(r8-map-id-eac23ef66dae5b3e4a48df44fc9bbf770336bec5adea71d37a2764165557c48b:7)
08-26 18:14:10.438 11892 23662 E SconeApkMinimumVersions: 	at j$.util.u0.tryAdvance(r8-map-id-eac23ef66dae5b3e4a48df44fc9bbf770336bec5adea71d37a2764165557c48b:37)
08-26 18:14:10.438 11892 23662 E SconeApkMinimumVersions: 	at j$.util.stream.o2.h(r8-map-id-eac23ef66dae5b3e4a48df44fc9bbf770336bec5adea71d37a2764165557c48b:7)
08-26 18:14:10.438 11892 23662 E SconeApkMinimumVersions: 	at j$.util.stream.a.b(r8-map-id-eac23ef66dae5b3e4a48df44fc9bbf770336bec5adea71d37a2764165557c48b:16)
08-26 18:14:10.438 11892 23662 E SconeApkMinimumVersions: 	at j$.util.stream.a.a(r8-map-id-eac23ef66dae5b3e4a48df44fc9bbf770336bec5adea71d37a2764165557c48b:28)
08-26 18:14:10.438 11892 23662 E SconeApkMinimumVersions: 	at j$.util.stream.a.q(r8-map-id-eac23ef66dae5b3e4a48df44fc9bbf770336bec5adea71d37a2764165557c48b:8)
08-26 18:14:10.438 11892 23662 E SconeApkMinimumVersions: 	at j$.nio.file.g0.a(r8-map-id-eac23ef66dae5b3e4a48df44fc9bbf770336bec5adea71d37a2764165557c48b:11)
08-26 18:14:10.438 11892 23662 E SconeApkMinimumVersions: 	at j$.util.stream.a.d(r8-map-id-eac23ef66dae5b3e4a48df44fc9bbf770336bec5adea71d37a2764165557c48b:35)
08-26 18:14:10.438 11892 23662 E SconeApkMinimumVersions: 	at j$.util.stream.o2.allMatch(r8-map-id-eac23ef66dae5b3e4a48df44fc9bbf770336bec5adea71d37a2764165557c48b:7)
08-26 18:14:10.438 11892 23662 E SconeApkMinimumVersions: 	at emb.call(PG:143)
08-26 18:14:10.438 11892 23662 E SconeApkMinimumVersions: 	at jeo.a(PG:3)
08-26 18:14:10.438 11892 23662 E SconeApkMinimumVersions: 	at jdt.run(PG:19)
08-26 18:14:10.438 11892 23662 E SconeApkMinimumVersions: 	at jep.run(PG:5)
08-26 18:14:10.438 11892 23662 E SconeApkMinimumVersions: 	at jef.run(PG:3)
08-26 18:14:10.438 11892 23662 E SconeApkMinimumVersions: 	at jeg.run(PG:64)
08-26 18:14:10.438 11892 23662 E SconeApkMinimumVersions: 	at gws.run(PG:7)
08-26 18:14:10.438 11892 23662 E SconeApkMinimumVersions: 	at ize.run(PG:44)
08-26 18:14:10.438 11892 23662 E SconeApkMinimumVersions: 	at fdl.run(PG:100)
08-26 18:14:10.438 11892 23662 E SconeApkMinimumVersions: 	at java.lang.Thread.run(Thread.java:1572)
08-26 18:14:10.438 11892 23662 E SconeApkMinimumVersions: 	at gya.run(PG:58)
08-26 18:14:10.439 11892 23662 I SconeSatelliteSupported: applyUpdatedInputs: [no-op] SatelliteEnablementInputs{phenotypeFlagEnabled=false, googleMessagesDefaultSmsApp=true, apkVersionsSupported=false, setupWizardComplete=true} [CONTEXT nimbus_annotation_log_config="SCONE_SATELLITE_LOG_CONFIG" traceId="bfc03a26-6389-42b4-bbc9-43d0c855e2fb" ]
08-26 18:14:10.441 11892 17568 E SconeSatelliteSupported: requestIsSupported[jei@195c0fe[status=PENDING]] errorCode: 23 [CONTEXT nimbus_annotation_log_config="SCONE_SATELLITE_LOG_CONFIG" traceId="bfc03a26-6389-42b4-bbc9-43d0c855e2fb" ]
08-26 18:14:10.443 11892 17568 E SconeSatelliteSupported: requestIsProvisioned[jei@4c05f[status=PENDING]] errorCode: 23 [CONTEXT nimbus_annotation_log_config="SCONE_SATELLITE_LOG_CONFIG" traceId="bfc03a26-6389-42b4-bbc9-43d0c855e2fb" ]
08-26 18:14:10.444 11892 17571 E SconeSatelliteSupported: requestIsCommunicationAllowedForCurrentLocation[jei@d1d0aac[status=PENDING]] errorCode: 23 [CONTEXT nimbus_annotation_log_config="SCONE_SATELLITE_LOG_CONFIG" traceId="bfc03a26-6389-42b4-bbc9-43d0c855e2fb" ]
08-26 18:14:10.444 11892 17568 E SconeSatelliteSupported: requestSelectedNbIotSatelliteSubscriptionId[jei@608ef0a[status=PENDING]] errorCode: 23 [CONTEXT nimbus_annotation_log_config="SCONE_SATELLITE_LOG_CONFIG" traceId="bfc03a26-6389-42b4-bbc9-43d0c855e2fb" ]
08-26 18:14:10.445 11892 23662 E jcf     : Got more than one input Future failure. Logging failures after the first
08-26 18:14:10.445 11892 23662 E jcf     : android.telephony.satellite.SatelliteManager$SatelliteException
08-26 18:14:10.445 11892 23662 E jcf     : 	at fas.onError(PG:9)
08-26 18:14:10.445 11892 23662 E jcf     : 	at android.telephony.satellite.wrapper.SatelliteManagerWrapper$9.onError(SatelliteManagerWrapper.java:1023)
08-26 18:14:10.445 11892 23662 E jcf     : 	at android.telephony.satellite.wrapper.SatelliteManagerWrapper$9.onError(SatelliteManagerWrapper.java:1015)
08-26 18:14:10.445 11892 23662 E jcf     : 	at android.telephony.satellite.SatelliteManager.lambda$requestIsProvisioned$48(SatelliteManager.java:2371)
08-26 18:14:10.445 11892 23662 E jcf     : 	at android.telephony.satellite.SatelliteManager$$ExternalSyntheticLambda87.runOrThrow(D8$$SyntheticClass:0)
08-26 18:14:10.445 11892 23662 E jcf     : 	at android.os.Binder.withCleanCallingIdentity(Binder.java:468)
08-26 18:14:10.445 11892 23662 E jcf     : 	at android.telephony.satellite.SatelliteManager.lambda$requestIsProvisioned$49(SatelliteManager.java:2371)
08-26 18:14:10.445 11892 23662 E jcf     : 	at android.telephony.satellite.SatelliteManager$$ExternalSyntheticLambda75.run(D8$$SyntheticClass:0)
08-26 18:14:10.445 11892 23662 E jcf     : 	at gws.run(PG:7)
08-26 18:14:10.445 11892 23662 E jcf     : 	at java.util.concurrent.ThreadPoolExecutor.runWorker(ThreadPoolExecutor.java:1100)
08-26 18:14:10.445 11892 23662 E jcf     : 	at java.util.concurrent.ThreadPoolExecutor$Worker.run(ThreadPoolExecutor.java:624)
08-26 18:14:10.445 11892 23662 E jcf     : 	at fwq.run(PG:858)
08-26 18:14:10.445 11892 23662 E jcf     : 	at java.lang.Thread.run(Thread.java:1572)
08-26 18:14:10.445 11892 23662 E jcf     : 	at gya.run(PG:58)
08-26 18:14:10.446 11892 23662 E jcf     : Got more than one input Future failure. Logging failures after the first
08-26 18:14:10.446 11892 23662 E jcf     : android.telephony.satellite.SatelliteManager$SatelliteException
08-26 18:14:10.446 11892 23662 E jcf     : 	at fas.onError(PG:9)
08-26 18:14:10.446 11892 23662 E jcf     : 	at android.telephony.satellite.wrapper.SatelliteManagerWrapper$13.onError(SatelliteManagerWrapper.java:1312)
08-26 18:14:10.446 11892 23662 E jcf     : 	at android.telephony.satellite.wrapper.SatelliteManagerWrapper$13.onError(SatelliteManagerWrapper.java:1304)
08-26 18:14:10.446 11892 23662 E jcf     : 	at android.telephony.satellite.SatelliteManager.lambda$requestIsCommunicationAllowedForCurrentLocation$60(SatelliteManager.java:2738)
08-26 18:14:10.446 11892 23662 E jcf     : 	at android.telephony.satellite.SatelliteManager$$ExternalSyntheticLambda3.runOrThrow(D8$$SyntheticClass:0)
08-26 18:14:10.446 11892 23662 E jcf     : 	at android.os.Binder.withCleanCallingIdentity(Binder.java:468)
08-26 18:14:10.446 11892 23662 E jcf     : 	at android.telephony.satellite.SatelliteManager.lambda$requestIsCommunicationAllowedForCurrentLocation$61(SatelliteManager.java:2738)
08-26 18:14:10.446 11892 23662 E jcf     : 	at android.telephony.satellite.SatelliteManager$$ExternalSyntheticLambda46.run(D8$$SyntheticClass:0)
08-26 18:14:10.446 11892 23662 E jcf     : 	at gws.run(PG:7)
08-26 18:14:10.446 11892 23662 E jcf     : 	at java.util.concurrent.ThreadPoolExecutor.runWorker(ThreadPoolExecutor.java:1100)
08-26 18:14:10.446 11892 23662 E jcf     : 	at java.util.concurrent.ThreadPoolExecutor$Worker.run(ThreadPoolExecutor.java:624)
08-26 18:14:10.446 11892 23662 E jcf     : 	at fwq.run(PG:858)
08-26 18:14:10.446 11892 23662 E jcf     : 	at java.lang.Thread.run(Thread.java:1572)
08-26 18:14:10.446 11892 23662 E jcf     : 	at gya.run(PG:58)
08-26 18:14:10.446 11892 23662 E jcf     : Got more than one input Future failure. Logging failures after the first
08-26 18:14:10.446 11892 23662 E jcf     : android.telephony.satellite.SatelliteManager$SatelliteException
08-26 18:14:10.446 11892 23662 E jcf     : 	at fas.onError(PG:9)
08-26 18:14:10.446 11892 23662 E jcf     : 	at android.telephony.satellite.wrapper.SatelliteManagerWrapper$18.onError(SatelliteManagerWrapper.java:1463)
08-26 18:14:10.446 11892 23662 E jcf     : 	at android.telephony.satellite.wrapper.SatelliteManagerWrapper$18.onError(SatelliteManagerWrapper.java:1455)
08-26 18:14:10.446 11892 23662 E jcf     : 	at android.telephony.satellite.SatelliteManager.lambda$requestSelectedNbIotSatelliteSubscriptionId$72(SatelliteManager.java:2925)
08-26 18:14:10.446 11892 23662 E jcf     : 	at android.telephony.satellite.SatelliteManager$$ExternalSyntheticLambda53.runOrThrow(D8$$SyntheticClass:0)
08-26 18:14:10.446 11892 23662 E jcf     : 	at android.os.Binder.withCleanCallingIdentity(Binder.java:468)
08-26 18:14:10.446 11892 23662 E jcf     : 	at android.telephony.satellite.SatelliteManager.lambda$requestSelectedNbIotSatelliteSubscriptionId$73(SatelliteManager.java:2925)
08-26 18:14:10.446 11892 23662 E jcf     : 	at android.telephony.satellite.SatelliteManager$$ExternalSyntheticLambda94.run(D8$$SyntheticClass:0)
08-26 18:14:10.446 11892 23662 E jcf     : 	at gws.run(PG:7)
08-26 18:14:10.446 11892 23662 E jcf     : 	at java.util.concurrent.ThreadPoolExecutor.runWorker(ThreadPoolExecutor.java:1100)
08-26 18:14:10.446 11892 23662 E jcf     : 	at java.util.concurrent.ThreadPoolExecutor$Worker.run(ThreadPoolExecutor.java:624)
08-26 18:14:10.446 11892 23662 E jcf     : 	at fwq.run(PG:858)
08-26 18:14:10.446 11892 23662 E jcf     : 	at java.lang.Thread.run(Thread.java:1572)
08-26 18:14:10.446 11892 23662 E jcf     : 	at gya.run(PG:58)
08-26 18:14:12.087  1827  1830 I pixel-thermal: audio-therm:40.541 raw data: audio-therm:40541 
08-26 18:14:12.524  1891  2583 D ActivityManager: freezing 16781 com.google.android.gms.unstable
08-26 18:14:13.753   536   564 E pixelstats-uevent: Unable to read  - No such file or directory
08-26 18:14:13.759  1641  1641 E BatteryDefender: Failed to read /sys/devices/platform/google,charger/bd_state
08-26 18:14:13.767  1641  1641 E BatteryDefender: Failed to read /sys/devices/platform/google,charger/bd_state
08-26 18:14:15.763  1827  1830 I pixel-thermal: audio-therm:40.503 raw data: audio-therm:40503 
08-26 18:14:17.795  1827  1830 I pixel-thermal: audio-therm:40.509 raw data: audio-therm:40509 
08-26 18:14:19.811  1827  1830 I pixel-thermal: audio-therm:40.528 raw data: audio-therm:40528 
08-26 18:14:19.966 17942 17957 W ServiceBindIntentUtils: Dynamic lookup for intent failed for action: com.google.android.gms.onboardingconsent.api.ConsentManagerApiService.START
08-26 18:14:19.968  1891  3954 W ActivityManager: Unable to start service Intent { act=com.google.android.gms.onboardingconsent.api.ConsentManagerApiService.START xflg=0x4 pkg=com.google.android.gms } U=0: not found
08-26 18:14:19.969  1891  2930 W ActivityManager: Unbind failed: could not find connection for android.os.BinderProxy@3bab2f7
08-26 18:14:19.970 17942 17957 W GmsClient: unable to connect to service: com.google.android.gms.onboardingconsent.api.ConsentManagerApiService.START on com.google.android.gms
08-26 18:14:19.978 17942 17955 I diiw    : (REDACTED) Shared storage file not found for %s
08-26 18:14:19.980 17942 18253 W ChimeraUtils: Module com.google.android.gms.location_base missing resource location_module_display_name(0)
08-26 18:14:19.981 17942 17955 I diiw    : (REDACTED) Unable to retrieve flag snapshot for %s, using defaults.
08-26 18:14:19.984 17942 17957 W ServiceBindIntentUtils: Dynamic lookup for intent failed for action: com.google.android.gms.onboardingconsent.api.ConsentManagerApiService.START
08-26 18:14:19.986  1891  2930 W ActivityManager: Unable to start service Intent { act=com.google.android.gms.onboardingconsent.api.ConsentManagerApiService.START xflg=0x4 pkg=com.google.android.gms } U=0: not found
08-26 18:14:19.987  1891  2930 W ActivityManager: Unbind failed: could not find connection for android.os.BinderProxy@dd3b3d0
08-26 18:14:19.988 17942 17957 W GmsClient: unable to connect to service: com.google.android.gms.onboardingconsent.api.ConsentManagerApiService.START on com.google.android.gms
08-26 18:14:19.990 17942 17957 W GoogleApiManager: Not showing notification since connectionResult is not user-facing: ConnectionResult{statusCode=API_UNAVAILABLE, resolution=null, message=null, clientMethodKey=null}
08-26 18:14:19.993 17942 17942 W LocationConsentTransfer: Failed to submit consent location_mode=true to ConsentManager [CONTEXT service_id=6 ]
08-26 18:14:19.993 17942 17942 W LocationConsentTransfer: amou: 17: API: ConsentManager.API is not available on this device. Connection failed with: ConnectionResult{statusCode=API_UNAVAILABLE, resolution=null, message=null, clientMethodKey=null}
08-26 18:14:19.993 17942 17942 W LocationConsentTransfer: 	at anmm.a(:com.google.android.gms@263234086@26.32.34 (240300-968093310):15)
08-26 18:14:19.993 17942 17942 W LocationConsentTransfer: 	at amqo.e(:com.google.android.gms@263234086@26.32.34 (240300-968093310):3)
08-26 18:14:19.993 17942 17942 W LocationConsentTransfer: 	at amte.r(:com.google.android.gms@263234086@26.32.34 (240300-968093310):48)
08-26 18:14:19.993 17942 17942 W LocationConsentTransfer: 	at amte.d(:com.google.android.gms@263234086@26.32.34 (240300-968093310):10)
08-26 18:14:19.993 17942 17942 W LocationConsentTransfer: 	at amte.g(:com.google.android.gms@263234086@26.32.34 (240300-968093310):191)
08-26 18:14:19.993 17942 17942 W LocationConsentTransfer: 	at amtg.run(:com.google.android.gms@263234086@26.32.34 (240300-968093310):84)
08-26 18:14:19.993 17942 17942 W LocationConsentTransfer: 	at android.os.Handler.handleCallback(Handler.java:1095)
08-26 18:14:19.993 17942 17942 W LocationConsentTransfer: 	at android.os.Handler.dispatchMessageImpl(Handler.java:135)
08-26 18:14:19.993 17942 17942 W LocationConsentTransfer: 	at android.os.Handler.dispatchMessage(Handler.java:125)
08-26 18:14:19.993 17942 17942 W LocationConsentTransfer: 	at brzz.jk(:com.google.android.gms@263234086@26.32.34 (240300-968093310):1)
08-26 18:14:19.993 17942 17942 W LocationConsentTransfer: 	at brzz.dispatchMessage(:com.google.android.gms@263234086@26.32.34 (240300-968093310):148)
08-26 18:14:19.993 17942 17942 W LocationConsentTransfer: 	at android.os.Looper.loopOnce(Looper.java:296)
08-26 18:14:19.993 17942 17942 W LocationConsentTransfer: 	at android.os.Looper.loop(Looper.java:397)
08-26 18:14:19.993 17942 17942 W LocationConsentTransfer: 	at android.os.HandlerThread.run(HandlerThread.java:139)
08-26 18:14:19.994 17942 17942 W LocationConsentTransfer: Failed to submit consent network_location_opt_in=true to ConsentManager [CONTEXT service_id=6 ]
08-26 18:14:19.994 17942 17942 W LocationConsentTransfer: amou: 17: API: ConsentManager.API is not available on this device. Connection failed with: ConnectionResult{statusCode=API_UNAVAILABLE, resolution=null, message=null, clientMethodKey=null}
08-26 18:14:19.994 17942 17942 W LocationConsentTransfer: 	at anmm.a(:com.google.android.gms@263234086@26.32.34 (240300-968093310):15)
08-26 18:14:19.994 17942 17942 W LocationConsentTransfer: 	at amqo.e(:com.google.android.gms@263234086@26.32.34 (240300-968093310):3)
08-26 18:14:19.994 17942 17942 W LocationConsentTransfer: 	at amte.r(:com.google.android.gms@263234086@26.32.34 (240300-968093310):48)
08-26 18:14:19.994 17942 17942 W LocationConsentTransfer: 	at amte.d(:com.google.android.gms@263234086@26.32.34 (240300-968093310):10)
08-26 18:14:19.994 17942 17942 W LocationConsentTransfer: 	at amte.g(:com.google.android.gms@263234086@26.32.34 (240300-968093310):191)
08-26 18:14:19.994 17942 17942 W LocationConsentTransfer: 	at amtg.run(:com.google.android.gms@263234086@26.32.34 (240300-968093310):84)
08-26 18:14:19.994 17942 17942 W LocationConsentTransfer: 	at android.os.Handler.handleCallback(Handler.java:1095)
08-26 18:14:19.994 17942 17942 W LocationConsentTransfer: 	at android.os.Handler.dispatchMessageImpl(Handler.java:135)
08-26 18:14:19.994 17942 17942 W LocationConsentTransfer: 	at android.os.Handler.dispatchMessage(Handler.java:125)
08-26 18:14:19.994 17942 17942 W LocationConsentTransfer: 	at brzz.jk(:com.google.android.gms@263234086@26.32.34 (240300-968093310):1)
08-26 18:14:19.994 17942 17942 W LocationConsentTransfer: 	at brzz.dispatchMessage(:com.google.android.gms@263234086@26.32.34 (240300-968093310):148)
08-26 18:14:19.994 17942 17942 W LocationConsentTransfer: 	at android.os.Looper.loopOnce(Looper.java:296)
08-26 18:14:19.994 17942 17942 W LocationConsentTransfer: 	at android.os.Looper.loop(Looper.java:397)
08-26 18:14:19.994 17942 17942 W LocationConsentTransfer: 	at android.os.HandlerThread.run(HandlerThread.java:139)
08-26 18:14:19.994 17942 17942 W LocationConsentTransfer: Failed to submit consent wifi_scan_always_enabled=true to ConsentManager [CONTEXT service_id=6 ]
08-26 18:14:19.994 17942 17942 W LocationConsentTransfer: amou: 17: API: ConsentManager.API is not available on this device. Connection failed with: ConnectionResult{statusCode=API_UNAVAILABLE, resolution=null, message=null, clientMethodKey=null}
08-26 18:14:19.994 17942 17942 W LocationConsentTransfer: 	at anmm.a(:com.google.android.gms@263234086@26.32.34 (240300-968093310):15)
08-26 18:14:19.994 17942 17942 W LocationConsentTransfer: 	at amqo.e(:com.google.android.gms@263234086@26.32.34 (240300-968093310):3)
08-26 18:14:19.994 17942 17942 W LocationConsentTransfer: 	at amte.r(:com.google.android.gms@263234086@26.32.34 (240300-968093310):48)
08-26 18:14:19.994 17942 17942 W LocationConsentTransfer: 	at amte.d(:com.google.android.gms@263234086@26.32.34 (240300-968093310):10)
08-26 18:14:19.994 17942 17942 W LocationConsentTransfer: 	at amte.g(:com.google.android.gms@263234086@26.32.34 (240300-968093310):191)
08-26 18:14:19.994 17942 17942 W LocationConsentTransfer: 	at amtg.run(:com.google.android.gms@263234086@26.32.34 (240300-968093310):84)
08-26 18:14:19.994 17942 17942 W LocationConsentTransfer: 	at android.os.Handler.handleCallback(Handler.java:1095)
08-26 18:14:19.994 17942 17942 W LocationConsentTransfer: 	at android.os.Handler.dispatchMessageImpl(Handler.java:135)
08-26 18:14:19.994 17942 17942 W LocationConsentTransfer: 	at android.os.Handler.dispatchMessage(Handler.java:125)
08-26 18:14:19.994 17942 17942 W LocationConsentTransfer: 	at brzz.jk(:com.google.android.gms@263234086@26.32.34 (240300-968093310):1)
08-26 18:14:19.994 17942 17942 W LocationConsentTransfer: 	at brzz.dispatchMessage(:com.google.android.gms@263234086@26.32.34 (240300-968093310):148)
08-26 18:14:19.994 17942 17942 W LocationConsentTransfer: 	at android.os.Looper.loopOnce(Looper.java:296)
08-26 18:14:19.994 17942 17942 W LocationConsentTransfer: 	at android.os.Looper.loop(Looper.java:397)
08-26 18:14:19.994 17942 17942 W LocationConsentTransfer: 	at android.os.HandlerThread.run(HandlerThread.java:139)
08-26 18:14:19.995 17942 17942 W LocationConsentTransfer: Failed to submit consent ble_scan_always_enabled=false to ConsentManager [CONTEXT service_id=6 ]
08-26 18:14:19.995 17942 17942 W LocationConsentTransfer: amou: 17: API: ConsentManager.API is not available on this device. Connection failed with: ConnectionResult{statusCode=API_UNAVAILABLE, resolution=null, message=null, clientMethodKey=null}
08-26 18:14:19.995 17942 17942 W LocationConsentTransfer: 	at anmm.a(:com.google.android.gms@263234086@26.32.34 (240300-968093310):15)
08-26 18:14:19.995 17942 17942 W LocationConsentTransfer: 	at amqo.e(:com.google.android.gms@263234086@26.32.34 (240300-968093310):3)
08-26 18:14:19.995 17942 17942 W LocationConsentTransfer: 	at amte.r(:com.google.android.gms@263234086@26.32.34 (240300-968093310):48)
08-26 18:14:19.995 17942 17942 W LocationConsentTransfer: 	at amte.d(:com.google.android.gms@263234086@26.32.34 (240300-968093310):10)
08-26 18:14:19.995 17942 17942 W LocationConsentTransfer: 	at amte.g(:com.google.android.gms@263234086@26.32.34 (240300-968093310):191)
08-26 18:14:19.995 17942 17942 W LocationConsentTransfer: 	at amtg.run(:com.google.android.gms@263234086@26.32.34 (240300-968093310):84)
08-26 18:14:19.995 17942 17942 W LocationConsentTransfer: 	at android.os.Handler.handleCallback(Handler.java:1095)
08-26 18:14:19.995 17942 17942 W LocationConsentTransfer: 	at android.os.Handler.dispatchMessageImpl(Handler.java:135)
08-26 18:14:19.995 17942 17942 W LocationConsentTransfer: 	at android.os.Handler.dispatchMessage(Handler.java:125)
08-26 18:14:19.995 17942 17942 W LocationConsentTransfer: 	at brzz.jk(:com.google.android.gms@263234086@26.32.34 (240300-968093310):1)
08-26 18:14:19.995 17942 17942 W LocationConsentTransfer: 	at brzz.dispatchMessage(:com.google.android.gms@263234086@26.32.34 (240300-968093310):148)
08-26 18:14:19.995 17942 17942 W LocationConsentTransfer: 	at android.os.Looper.loopOnce(Looper.java:296)
08-26 18:14:19.995 17942 17942 W LocationConsentTransfer: 	at android.os.Looper.loop(Looper.java:397)
08-26 18:14:19.995 17942 17942 W LocationConsentTransfer: 	at android.os.HandlerThread.run(HandlerThread.java:139)
08-26 18:14:19.997 17942 17942 I EAlert  : (REDACTED) [WearStandaloneListener] onCapabilityChanged: %s
08-26 18:14:19.998 17942 17942 I EAlert  : [WearStandaloneListener] standalone possibly available [CONTEXT service_id=6 ]
08-26 18:14:19.998 17942 17942 I EAlert  : [WearStandaloneListener] starting debouncing timer [CONTEXT service_id=6 ]
08-26 18:14:21.064  3507  3518 W adsp_wdog: vendor/qcom/proprietary/monaco/adsprpc/src/fastrpc_apps_user.c:1425:Warning: remote_handle_invoke: Non-domain usage of FastRPC will be deprecated, use domains to offload to DSP using FastRPC
08-26 18:14:21.070  3507  3518 I adsp_wdog: rpcversion_getSerialNum() returned: d6c1f459
08-26 18:14:21.832  1827  1830 I pixel-thermal: audio-therm:40.572 raw data: audio-therm:40572 
08-26 18:14:23.235   536   564 E pixelstats-uevent: Unable to read  - No such file or directory
08-26 18:14:23.249  1641  1641 E BatteryDefender: Failed to read /sys/devices/platform/google,charger/bd_state
08-26 18:14:23.259  1641  1641 E BatteryDefender: Failed to read /sys/devices/platform/google,charger/bd_state
08-26 18:14:23.298  1096  1096 I CpuStateResidencyDataProvider:  Reading : /sys/devices/system/cpu/cpu0/cpufreq/stats/trans_table
08-26 18:14:23.301  1096  1096 I CpuStateResidencyDataProvider:  Reading : /sys/devices/system/cpu/cpu1/cpufreq/stats/trans_table
08-26 18:14:23.303  1096  1096 I CpuStateResidencyDataProvider:  Reading : /sys/devices/system/cpu/cpu2/cpufreq/stats/trans_table
08-26 18:14:23.306  1096  1096 I CpuStateResidencyDataProvider:  Reading : /sys/devices/system/cpu/cpu3/cpufreq/stats/trans_table
08-26 18:14:23.309  1096  1096 E android.hardware.power.stats-service.pixel: callback for Bluetooth is not registered
08-26 18:14:23.309  1096  1096 E android.hardware.power.stats-service.pixel: getStateResidency for Bluetooth failed
08-26 18:14:23.309  1096  1096 E android.hardware.power.stats-service.pixel: Failed to get results for Bluetooth
08-26 18:14:23.723  7512  7544 D MCU     : bt_arbiter.cc:135                294:24:51.199 popRequestQueue : OpCode 804
08-26 18:14:23.723  7512  7544 D MCU     : bt_arbiter.cc:144                294:24:51.199 popRequestQueue : Request queue popped, sending next
08-26 18:14:23.764  5883  5883 D WatchFaceService: Setting Watch Ui State with WatchUiState{ interruptionFilter=1, inAmbientMode=false } and fromSysUi=true. Existing state: firstSetWatchUiState=false, systemHasSentWatchUiState=true, mutableWatchState.interruptionFilter=1, mutableWatchState.isAmbient=false
08-26 18:14:23.788 30537 30537 I DisplayOffloadManager: sendStatusBar
08-26 18:14:23.789 30537 30537 W DisplayOffloadManager: setSysUIAnimateOnTilt not supported.
08-26 18:14:23.792  1891  3166 D DOLayout: updateStatusBar: identical status bar, skipped
08-26 18:14:24.223  7512  7544 D MCU     : bt_chre_link_manager.cc:415      294:24:51.641 handleModeChangeEvent: ACTIVE (connection_handle 0x000b interval: 0)
08-26 18:14:24.678  1891  1909 I system_server: NativeAlloc concurrent mark compact GC freed 26MB AllocSpace bytes, 28(680KB) LOS objects, 82% free, 43MB/256MB, paused 61.186ms,14.724ms total 893.474ms
08-26 18:14:25.232  7512  7544 D MCU     : bt_arbiter.cc:135                294:24:52.643 popRequestQueue : OpCode 803
08-26 18:14:25.232  7512  7544 D MCU     : bt_arbiter.cc:144                294:24:52.643 popRequestQueue : Request queue popped, sending next
08-26 18:14:25.232  7512  7544 D MCU     : bt_chre_link_manager.cc:420      294:24:52.648 handleModeChangeEvent: SNIFF  (connection_handle 0x000b interval: 816)
08-26 18:14:25.298  1827  1830 I pixel-thermal: audio-therm:40.642 raw data: audio-therm:40642 
08-26 18:14:25.315  1827  1830 I pixel-thermal: CDEV log 
08-26 18:14:25.465   536   564 E pixelstats-uevent: Unable to read  - No such file or directory
08-26 18:14:25.477  1641  1641 E BatteryDefender: Failed to read /sys/devices/platform/google,charger/bd_state
08-26 18:14:25.490  1641  1641 E BatteryDefender: Failed to read /sys/devices/platform/google,charger/bd_state
08-26 18:14:27.473  1827  1830 I pixel-thermal: audio-therm:40.687 raw data: audio-therm:40687 
08-26 18:14:29.507  1827  1830 I pixel-thermal: audio-therm:40.661 raw data: audio-therm:40661 
08-26 18:14:29.940  3067  3067 I NfcHostEmulationManager: onServiceConnected: Payment service bound: ComponentInfo{com.google.android.gms/com.google.android.gms.tapandpay.hce.service.TpHceService}
08-26 18:14:29.941 17942 18251 I TapAndPay: tpOffHost getInstance: new instance created [CONTEXT service_id=79 ]
08-26 18:14:29.952 17942 18259 I TapAndPay: (REDACTED) Refresh offhost session%s with cause %s
08-26 18:14:29.958 17942 18259 I TapAndPay: Active account does not have MSE tokens [CONTEXT service_id=79 ]
08-26 18:14:29.974 17942 18259 I TapAndPay: TpOffHostSessionManager not enabled, ignoring refreshSession request [CONTEXT service_id=79 ]
08-26 18:14:30.373  1891  2583 E system_server: Failed to open /proc/24635/fdinfo directory: No such file or directory
08-26 18:14:30.374  1891  2583 E system_server: Failed to read dmabuf fd references
08-26 18:14:31.531  1827  1830 I pixel-thermal: audio-therm:40.706 raw data: audio-therm:40706 
08-26 18:14:31.848  1891  3954 W libbinder.Binder: BBinder::getInterfaceDescriptor (this=0xeb5488f8). Override?
08-26 18:14:31.937   540  3762 W libc    : Access denied finding property "suspend.debug.wakestats_log.enabled"
08-26 18:14:31.938  1089  1106 D ContextHubHal: Got message from nanoapp: ID 0x476f6f676c003000
08-26 18:14:32.417  7512  7544 D MCU     : site_data_provider.cc:220        294:24:59.830 [SiteDataProvider] Flushing 1 GROK records
08-26 18:14:32.417  7512  7544 D MCU     : site_data_provider.cc:220        294:24:59.830 [SiteDataProvider] Flushing 1 GROK records
08-26 18:14:33.185  1891  3954 E BatteryStatsService: Invalid uid for waking network packet: -1
08-26 18:14:33.541  1827  1830 I pixel-thermal: audio-therm:40.725 raw data: audio-therm:40725 
08-26 18:14:35.567  1827  1830 I pixel-thermal: audio-therm:40.718 raw data: audio-therm:40718 
08-26 18:14:37.187   536   564 E pixelstats-uevent: Unable to read  - No such file or directory
08-26 18:14:37.197  1641  1641 E BatteryDefender: Failed to read /sys/devices/platform/google,charger/bd_state
08-26 18:14:37.209  1641  1641 E BatteryDefender: Failed to read /sys/devices/platform/google,charger/bd_state
08-26 18:14:38.681  1641  1641 E BatteryDefender: Failed to read /sys/devices/platform/google,charger/bd_state
08-26 18:14:38.700  1641  1641 E BatteryDefender: Failed to read /sys/devices/platform/google,charger/bd_state
08-26 18:14:39.189  1827  1830 I pixel-thermal: audio-therm:40.706 raw data: audio-therm:40706 
08-26 18:14:39.929 17942 17942 I FinderWearable: (REDACTED) [UntetheredBeaconService] Starting service. [startId=%d, startAdvertising=%b]
08-26 18:14:39.991 17942 17972 I NearbyUWB: Use AOSP Backend in UWB API. [CONTEXT service_id=49 ]
08-26 18:14:39.993 17942 17957 I NearbyUWB: (REDACTED) onGetService: Create client bridge with key %s
08-26 18:14:39.994 17942 17957 I NearbyUWB: (REDACTED) Analytics is enabled for package %s
08-26 18:14:39.999 17942 17957 I NearbyUWB: (REDACTED) Client %s with package name %s, 0p Identifier %s, and sdk version %s has connected.
08-26 18:14:40.010  1891  3954 D UwbServiceCore: registerAdapterStateCallbacks(): notify adapterState = 3, reason = 3
08-26 18:14:40.011 17942 17972 I NearbyUWB: (REDACTED) Screen unlocked: %s
08-26 18:14:40.055   476   476 E KeymasterUtils: rsp_header->status: -28
08-26 18:14:40.056   476   476 E KeyMasterHalDevice: abort_operation
08-26 18:14:40.056   476   476 E KeyMasterHalDevice: ret: -28
08-26 18:14:40.081   476   476 E KeymasterUtils: rsp_header->status: -28
08-26 18:14:40.082   476   476 E KeyMasterHalDevice: abort_operation
08-26 18:14:40.082   476   476 E KeyMasterHalDevice: ret: -28
08-26 18:14:40.109   476   476 E KeymasterUtils: rsp_header->status: -28
08-26 18:14:40.109   476   476 E KeyMasterHalDevice: abort_operation
08-26 18:14:40.109   476   476 E KeyMasterHalDevice: ret: -28
08-26 18:14:40.118 17942 17972 I FinderWearable: [UntetheredBeaconServiceOperatorImpl] Initializing the untethered beacon. [CONTEXT service_id=284 ]
08-26 18:14:40.123 17942 18253 I FinderWearable: [UntetheredBeaconServiceOperatorImpl] Registered Idle mode receiver. [CONTEXT service_id=284 ]
08-26 18:14:40.123 17942 17972 I FinderWearable: [WearDataLayerClientImpl] Starting listening to companion tethered changes. [CONTEXT service_id=284 ]
08-26 18:14:40.124 17942 18072 I FinderWearable: [UntetheredBeaconServiceOperatorImpl] Registered tethered companion listener. [CONTEXT service_id=284 ]
08-26 18:14:40.124 17942 17972 I FinderWearable: [UntetheredBeaconServiceOperatorImpl] The untethered beacon is initialized. [CONTEXT service_id=284 ]
08-26 18:14:40.125 17942 17972 I FinderWearable: [UntetheredBeaconImpl] Refreshing untethered beacon state. [CONTEXT service_id=284 ]
08-26 18:14:40.129 17942 18253 I FinderWearable: (REDACTED) [UntetheredBeaconImpl] isTethered: %s
08-26 18:14:40.129 17942 17972 I FinderWearable: [UntetheredBeaconImpl] refreshState: not untethered [CONTEXT service_id=284 ]
08-26 18:14:40.130 17942 17972 I FinderWearable: [UntetheredBeaconImpl] refreshState: stopping to advertise. [CONTEXT service_id=284 ]
08-26 18:14:40.130 17942 17972 I EsGattServer: Stop service [CONTEXT service_id=284 ]
08-26 18:14:40.130 17942 17972 I FinderWearable: [UntetheredBeaconService] Service started successfully. [CONTEXT service_id=284 ]
08-26 18:14:41.204  1827  1830 I pixel-thermal: audio-therm:40.731 raw data: audio-therm:40731 
08-26 18:14:43.223  1827  1830 I pixel-thermal: audio-therm:40.75 raw data: audio-therm:40750 
08-26 18:14:43.717   536   564 E pixelstats-uevent: Unable to read  - No such file or directory
08-26 18:14:43.724  1641  1641 E BatteryDefender: Failed to read /sys/devices/platform/google,charger/bd_state
08-26 18:14:43.734  1641  1641 E BatteryDefender: Failed to read /sys/devices/platform/google,charger/bd_state
08-26 18:14:43.769  1096  1096 I CpuStateResidencyDataProvider:  Reading : /sys/devices/system/cpu/cpu0/cpufreq/stats/trans_table
08-26 18:14:43.772  1096  1096 I CpuStateResidencyDataProvider:  Reading : /sys/devices/system/cpu/cpu1/cpufreq/stats/trans_table
08-26 18:14:43.774  1096  1096 I CpuStateResidencyDataProvider:  Reading : /sys/devices/system/cpu/cpu2/cpufreq/stats/trans_table
08-26 18:14:43.777  1096  1096 I CpuStateResidencyDataProvider:  Reading : /sys/devices/system/cpu/cpu3/cpufreq/stats/trans_table
08-26 18:14:43.780  1096  1096 E android.hardware.power.stats-service.pixel: callback for Bluetooth is not registered
08-26 18:14:43.780  1096  1096 E android.hardware.power.stats-service.pixel: getStateResidency for Bluetooth failed
08-26 18:14:43.780  1096  1096 E android.hardware.power.stats-service.pixel: Failed to get results for Bluetooth
08-26 18:14:43.917  7512  7544 D MCU     : bt_arbiter.cc:135                294:25:11.673 popRequestQueue : OpCode 804
08-26 18:14:43.917  7512  7544 D MCU     : bt_arbiter.cc:144                294:25:11.673 popRequestQueue : Request queue popped, sending next
08-26 18:14:44.241  5883  5883 D WatchFaceService: Setting Watch Ui State with WatchUiState{ interruptionFilter=1, inAmbientMode=false } and fromSysUi=true. Existing state: firstSetWatchUiState=false, systemHasSentWatchUiState=true, mutableWatchState.interruptionFilter=1, mutableWatchState.isAmbient=false
08-26 18:14:44.276 30537 30537 I DisplayOffloadManager: sendStatusBar
08-26 18:14:44.278 30537 30537 W DisplayOffloadManager: setSysUIAnimateOnTilt not supported.
08-26 18:14:44.281  1891  2930 D DOLayout: updateStatusBar: identical status bar, skipped
08-26 18:14:44.427  7512  7544 D MCU     : bt_chre_link_manager.cc:415      294:25:12.041 handleModeChangeEvent: ACTIVE (connection_handle 0x000b interval: 0)
08-26 18:14:44.728  1891  2571 I SensorService: Setting connection 0xaf0ae540 disabled status to 0 for reason 2
08-26 18:14:44.728  1145  1677 D AudioFlinger: onStateChanged: pid:6531  uid:10092  state:unfrozen - no freeze activity
08-26 18:14:44.735  1891  2458 D ActivityManager: sync unfroze 6531 com.fitbit.FitbitMobile for 3
08-26 18:14:44.763  6531 16060 W it.FitbitMobile: Monitor::Inflate: Install failed 0xd33f8c60
08-26 18:14:44.763  6531 17004 W it.FitbitMobile: Monitor::Inflate: Install failed 0xd33f8c60
08-26 18:14:44.779  6531  6558 W it.FitbitMobile: Monitor::Inflate: Install failed 0xd3564448
08-26 18:14:45.428  7512  7544 D MCU     : bt_arbiter.cc:135                294:25:13.043 popRequestQueue : OpCode 803
08-26 18:14:45.428  7512  7544 D MCU     : bt_arbiter.cc:144                294:25:13.043 popRequestQueue : Request queue popped, sending next
08-26 18:14:45.428  7512  7544 D MCU     : bt_chre_link_manager.cc:420      294:25:13.060 handleModeChangeEvent: SNIFF  (connection_handle 0x000b interval: 816)
08-26 18:14:45.715  1827  1830 I pixel-thermal: audio-therm:40.826 raw data: audio-therm:40826 
08-26 18:14:47.735  1827  1830 I pixel-thermal: audio-therm:40.863 raw data: audio-therm:40863 
08-26 18:14:48.911   536   564 E pixelstats-uevent: Unable to read  - No such file or directory
08-26 18:14:48.915  1641  1641 E BatteryDefender: Failed to read /sys/devices/platform/google,charger/bd_state
08-26 18:14:48.926  1641  1641 E BatteryDefender: Failed to read /sys/devices/platform/google,charger/bd_state
08-26 18:14:49.838  1891  2746 D InetDiagMessage: Destroyed 0 sockets, proto=IPPROTO_TCP, family=AF_INET, states=14
08-26 18:14:49.839  1891  2746 D InetDiagMessage: Destroyed 0 sockets, proto=IPPROTO_TCP, family=AF_INET6, states=14
08-26 18:14:49.840  1891  2746 D InetDiagMessage: Destroyed live tcp sockets for uids={10092} in 4ms
08-26 18:14:49.840  1891  2746 D InetDiagMessage: Destroyed 0 sockets, proto=IPPROTO_TCP, family=AF_INET, states=14
08-26 18:14:49.841  1891  2746 D InetDiagMessage: Destroyed 0 sockets, proto=IPPROTO_TCP, family=AF_INET6, states=14
08-26 18:14:49.841  1891  2746 D InetDiagMessage: Destroyed live tcp sockets for uids={20092} in 1ms
08-26 18:14:49.848  1891  2583 D ActivityManager: freezing 6531 com.fitbit.FitbitMobile
08-26 18:14:49.849  1145  3289 D AudioFlinger: onStateChanged: pid:6531  uid:10092  state:frozen - no freeze activity
08-26 18:14:49.850  1891  2571 I SensorService: Setting connection 0xaf0ae540 disabled status to 1 for reason 2
08-26 18:14:49.856  1891  2746 D InetDiagMessage: Destroyed 0 sockets, proto=IPPROTO_TCP, family=AF_INET, states=14
08-26 18:14:49.857  1891  2746 D InetDiagMessage: Destroyed 0 sockets, proto=IPPROTO_TCP, family=AF_INET6, states=14
08-26 18:14:49.858  1891  2746 D InetDiagMessage: Destroyed live tcp sockets for uids={10092} in 3ms
08-26 18:14:50.003 17942 17957 I NearbyUWB: (REDACTED) Client %s (%s) disconnecting %s
08-26 18:14:50.004 17942 17972 I NearbyUWB: stop ranging called. [CONTEXT service_id=49 ]
08-26 18:14:50.009 17942 18253 I NearbyUWB: (REDACTED) User opted in for analytics reporting: %s.
08-26 18:14:50.012 17942 18253 I NearbyUWB: (REDACTED) User opted in for analytics reporting: %s.
08-26 18:14:50.024 17942 18253 I NearbyUWB: clientSession Logged [CONTEXT service_id=49 ]
08-26 18:14:50.024 17942 18253 I NearbyUWB: AnalyticsLogger is shutdown. [CONTEXT service_id=49 ]
08-26 18:14:50.107   544 18261 I keystore2: system/security/keystore2/watchdog/src/lib.rs:371 - Watchdog thread idle -> terminating. Have a great day.
08-26 18:14:50.512  1891  3954 I ActivityManager: Killing 16844:com.google.android.apps.weather/u0a98 (adj 975): empty #17
08-26 18:14:50.549  1891  2460 I libprocessgroup: Removed cgroup /sys/fs/cgroup/apps/uid_10098/pid_16844
08-26 18:14:50.549   975   975 I Zygote  : Process 16844 exited due to signal 9 (Killed)
08-26 18:14:50.550  1891  2746 D ConnectivityService: releasing NetworkRequest [ REQUEST id=15970, [ Capabilities: INTERNET&NOT_RESTRICTED&TRUSTED&NOT_VCN_MANAGED&NOT_BANDWIDTH_CONSTRAINED Uid: 10098 RequestorUid: 10098 RequestorPkg: com.google.android.apps.weather UnderlyingNetworks: Null] ] (release request)
08-26 18:14:50.550  1891  2746 D NetworkRequestStateStatsMetrics: Removed nr with ID = 15970
08-26 18:14:50.917  1827  1830 I pixel-thermal: audio-therm:40.889 raw data: audio-therm:40889 
08-26 18:14:52.931  1827  1830 I pixel-thermal: audio-therm:40.914 raw data: audio-therm:40914 
08-26 18:14:52.932  7512  7544 I MCU     : ttw_wrapper_ml.cc:1141           294:25:20.380 [TTW]: Low-Power Standby Mode: ON
08-26 18:14:52.932  7512  7544 I MCU     : ttw_non_glanceable_time.cc:62    294:25:20.380 [TTW]: Incremental Non-Glanceable Time 626.3 sec
08-26 18:14:52.933  7512  7544 I MCU     : tilt_to_wake_algorithm.cc:334    294:25:20.380 [TTW] Algo paused
08-26 18:14:52.934  7512  7544 D MCU     : usf_sensor.cc:1935               294:25:20.380 [USF] Received stop sampling request for Gyroscope (active:0).
08-26 18:14:52.935  7512  7544 I MCU     : fifo.cc:43                       294:25:20.381 TdkFifo update sensor: 1 period_ns: 0 full_scale: 0
08-26 18:14:52.936  7512  7544 D MCU     : imu_sensor.cc:411                294:25:20.381 ImuSensor Gyroscope update hw_period_ns_ 0
08-26 18:14:52.936  7512  7544 I MCU     : tilt_to_wake_algorithm.cc:385    294:25:20.382 [TTW] gyro stopped
08-26 18:14:52.937  7512  7544 I MCU     : fifo.cc:113                      294:25:20.419 TdkFifo request: 10000000, rounded: 10000000 - WTM: 4
08-26 18:14:53.956   536   564 E pixelstats-uevent: Unable to read  - No such file or directory
08-26 18:14:53.960  1641  1641 E BatteryDefender: Failed to read /sys/devices/platform/google,charger/bd_state
08-26 18:14:53.972  1641  1641 E BatteryDefender: Failed to read /sys/devices/platform/google,charger/bd_state
08-26 18:14:54.006  1096  1096 I CpuStateResidencyDataProvider:  Reading : /sys/devices/system/cpu/cpu0/cpufreq/stats/trans_table
08-26 18:14:54.008  1096  1096 I CpuStateResidencyDataProvider:  Reading : /sys/devices/system/cpu/cpu1/cpufreq/stats/trans_table
08-26 18:14:54.011  1096  1096 I CpuStateResidencyDataProvider:  Reading : /sys/devices/system/cpu/cpu2/cpufreq/stats/trans_table
08-26 18:14:54.014  1096  1096 I CpuStateResidencyDataProvider:  Reading : /sys/devices/system/cpu/cpu3/cpufreq/stats/trans_table
08-26 18:14:54.017  1096  1096 E android.hardware.power.stats-service.pixel: callback for Bluetooth is not registered
08-26 18:14:54.017  1096  1096 E android.hardware.power.stats-service.pixel: getStateResidency for Bluetooth failed
08-26 18:14:54.017  1096  1096 E android.hardware.power.stats-service.pixel: Failed to get results for Bluetooth
08-26 18:14:54.427  7512  7544 D MCU     : bt_arbiter.cc:135                294:25:21.911 popRequestQueue : OpCode 804
08-26 18:14:54.427  7512  7544 D MCU     : bt_arbiter.cc:144                294:25:21.911 popRequestQueue : Request queue popped, sending next
08-26 18:14:54.427  7512  7544 D MCU     : bt_chre_link_manager.cc:415      294:25:22.242 handleModeChangeEvent: ACTIVE (connection_handle 0x000b interval: 0)
08-26 18:14:54.475  5883  5883 D WatchFaceService: Setting Watch Ui State with WatchUiState{ interruptionFilter=1, inAmbientMode=false } and fromSysUi=true. Existing state: firstSetWatchUiState=false, systemHasSentWatchUiState=true, mutableWatchState.interruptionFilter=1, mutableWatchState.isAmbient=false
08-26 18:14:54.498 30537 30537 I DisplayOffloadManager: sendStatusBar
08-26 18:14:54.500 30537 30537 W DisplayOffloadManager: setSysUIAnimateOnTilt not supported.
08-26 18:14:54.503  1891  2930 D DOLayout: updateStatusBar: identical status bar, skipped
08-26 18:14:55.435  7512  7544 D MCU     : bt_arbiter.cc:135                294:25:23.243 popRequestQueue : OpCode 803
08-26 18:14:55.435  7512  7544 D MCU     : bt_arbiter.cc:144                294:25:23.243 popRequestQueue : Request queue popped, sending next
08-26 18:14:55.435  7512  7544 D MCU     : bt_chre_link_manager.cc:420      294:25:23.247 handleModeChangeEvent: SNIFF  (connection_handle 0x000b interval: 816)
08-26 18:14:55.537  1891  2583 D ActivityManager: freezing 17473 com.google.android.gms
08-26 18:14:55.959  1827  1830 I pixel-thermal: audio-therm:40.964 raw data: audio-therm:40964 
08-26 18:14:56.653  1891  2746 W AppOps  : Noting op not finished: uid 1000 pkg com.android.providers.settings code 169 startTime of in progress event=1787735561678
08-26 18:14:57.614 30537 30971 I libbinder.IPCThreadState: oneway function results for code 2 on binder at 0xe82bd4a0 will be dropped but finished with status UNKNOWN_TRANSACTION
08-26 18:14:57.983  1827  1830 I pixel-thermal: audio-therm:40.951 raw data: audio-therm:40951 
08-26 18:15:00.014 17942 17942 I AHS_PassiveInitManager: Recovering registrations from database. [CONTEXT service_id=412 ]
08-26 18:15:00.018  1827  1830 I pixel-thermal: audio-therm:40.971 raw data: audio-therm:40971 
08-26 18:15:00.628   536   564 E pixelstats-uevent: Unable to read  - No such file or directory
08-26 18:15:00.632  1641  1641 E BatteryDefender: Failed to read /sys/devices/platform/google,charger/bd_state
08-26 18:15:00.642  1641  1641 E BatteryDefender: Failed to read /sys/devices/platform/google,charger/bd_state
08-26 18:15:00.939  7512  7544 D MCU     : calories_consumer.cc:157         294:25:28.513 Calories OnSample timestamp_ns=1059928525360107 total=1.33
08-26 18:15:00.940  7512  7544 D MCU     : offload_data_provider_app.cc:1190 294:25:28.514 [OffloadDataProvider] Got Calories, total=2515.45
08-26 18:15:01.294   532   555 I gbms_virt_storage: main::gbms_virt_storage: GBMS kernel module has updates at: 5355299.
08-26 18:15:02.629  1827  1830 I pixel-thermal: audio-therm:41.004 raw data: audio-therm:41004 
08-26 18:15:04.198   536   564 E pixelstats-uevent: Unable to read  - No such file or directory
08-26 18:15:04.201  1641  1641 E BatteryDefender: Failed to read /sys/devices/platform/google,charger/bd_state
08-26 18:15:04.215  1641  1641 E BatteryDefender: Failed to read /sys/devices/platform/google,charger/bd_state
08-26 18:15:04.244  1096  1096 I CpuStateResidencyDataProvider:  Reading : /sys/devices/system/cpu/cpu0/cpufreq/stats/trans_table
08-26 18:15:04.247  1096  1096 I CpuStateResidencyDataProvider:  Reading : /sys/devices/system/cpu/cpu1/cpufreq/stats/trans_table
08-26 18:15:04.249  1096  1096 I CpuStateResidencyDataProvider:  Reading : /sys/devices/system/cpu/cpu2/cpufreq/stats/trans_table
08-26 18:15:04.252  1096  1096 I CpuStateResidencyDataProvider:  Reading : /sys/devices/system/cpu/cpu3/cpufreq/stats/trans_table
08-26 18:15:04.255  1096  1096 E android.hardware.power.stats-service.pixel: callback for Bluetooth is not registered
08-26 18:15:04.255  1096  1096 E android.hardware.power.stats-service.pixel: getStateResidency for Bluetooth failed
08-26 18:15:04.255  1096  1096 E android.hardware.power.stats-service.pixel: Failed to get results for Bluetooth
08-26 18:15:04.435  7512  7544 D MCU     : bt_arbiter.cc:135                294:25:32.142 popRequestQueue : OpCode 804
08-26 18:15:04.435  7512  7544 D MCU     : bt_arbiter.cc:144                294:25:32.142 popRequestQueue : Request queue popped, sending next
08-26 18:15:04.716  5883  5883 D WatchFaceService: Setting Watch Ui State with WatchUiState{ interruptionFilter=1, inAmbientMode=false } and fromSysUi=true. Existing state: firstSetWatchUiState=false, systemHasSentWatchUiState=true, mutableWatchState.interruptionFilter=1, mutableWatchState.isAmbient=false
08-26 18:15:04.738 30537 30537 I DisplayOffloadManager: sendStatusBar
08-26 18:15:04.740 30537 30537 W DisplayOffloadManager: setSysUIAnimateOnTilt not supported.
08-26 18:15:04.743  1891  2871 D DOLayout: updateStatusBar: identical status bar, skipped
08-26 18:15:04.943  7512  7544 D MCU     : bt_chre_link_manager.cc:415      294:25:32.442 handleModeChangeEvent: ACTIVE (connection_handle 0x000b interval: 0)
08-26 18:15:05.940  7512  7544 D MCU     : bt_arbiter.cc:135                294:25:33.443 popRequestQueue : OpCode 803
08-26 18:15:05.940  7512  7544 D MCU     : bt_arbiter.cc:144                294:25:33.443 popRequestQueue : Request queue popped, sending next
08-26 18:15:05.941  7512  7544 D MCU     : bt_chre_link_manager.cc:420      294:25:33.466 handleModeChangeEvent: SNIFF  (connection_handle 0x000b interval: 816)
08-26 18:15:06.202  1827  1830 I pixel-thermal: audio-therm:41.037 raw data: audio-therm:41037 
08-26 18:15:08.224  1827  1830 I pixel-thermal: audio-therm:41.05 raw data: audio-therm:41050 
08-26 18:15:08.954  7512  7544 D MCU     : skin_temperature_manager.cc:333  294:25:36.630 [SkinTemperature] [Record Processing Incomplete] Processed 0 temperature samples.
08-26 18:15:08.954  7512  7544 D MCU     : skin_temperature_manager.cc:333  294:25:36.630 [SkinTemperature] [Record Processing Incomplete] Processed 0 temperature samples.
08-26 18:15:10.240  1827  1830 I pixel-thermal: audio-therm:41.057 raw data: audio-therm:41057 
08-26 18:15:11.031 17942 17942 I NearbyUWB: (REDACTED) Initiating shutdown of ServiceControllerRouter %s.
08-26 18:15:11.037 17942 18253 I NearbyUWB: (REDACTED) Completed shutdown of ServiceControllerRouter %s.
08-26 18:15:11.040 17942 17942 I Nearby  : (REDACTED) Successfully shutdown executor %s.
08-26 18:15:11.042 17942 17942 I Nearby  : (REDACTED) Successfully shutdown executor %s.
08-26 18:15:11.442   536   564 E pixelstats-uevent: Unable to read  - No such file or directory
08-26 18:15:11.446   536   564 E pixelstats-uevent: Unable to read  - No such file or directory
08-26 18:15:11.454  1641  1641 E BatteryDefender: Failed to read /sys/devices/platform/google,charger/bd_state
08-26 18:15:11.459   536   564 E pixelstats-uevent: Unable to read  - No such file or directory
08-26 18:15:11.465  1641  1641 E BatteryDefender: Failed to read /sys/devices/platform/google,charger/bd_state
08-26 18:15:11.479  1641  1641 E BatteryDefender: Failed to read /sys/devices/platform/google,charger/bd_state
08-26 18:15:11.491  1641  1641 E BatteryDefender: Failed to read /sys/devices/platform/google,charger/bd_state
08-26 18:15:11.545  1100  2783 I android.hardware.usb-service.qti: uevent received remove@/devices/platform/soc/1c40000.qcom,spmi/spmi-0/0-00/1c40000.qcom,spmi:qcom,pm5100@0:qcom,qpnp-smblite/typec/port0/port0-partner
08-26 18:15:11.547   536   564 E pixelstats-uevent: Unable to read  - No such file or directory
08-26 18:15:11.547   536   564 E pixelstats-uevent: Unable to read  - No such file or directory
08-26 18:15:11.547  1100  2783 I android.hardware.usb-service.qti: uevent recieved for same device default
08-26 18:15:11.555   536   564 E pixelstats-uevent: Unable to read  - No such file or directory
08-26 18:15:11.556   536   564 E pixelstats-uevent: Unable to read  - No such file or directory
08-26 18:15:11.560  1100  2783 I android.hardware.usb-service.qti: port0
08-26 18:15:11.560  1100  2783 I android.hardware.usb-service.qti: 1:port0 connected:0 canChangeMode:1 canChangeData:0 canChangePower:0 usbDataDisabled:0, powerTransferLimited:0
08-26 18:15:11.562  1100  2783 E android.hardware.usb-service.qti: Fatal: Error while switching back to drp
08-26 18:15:11.563  1891  2930 I UsbPortManager: AIDL UsbDataStatus:1
08-26 18:15:11.563  1891  2930 I UsbPortManager: ClientCallback AIDL V1: port0
08-26 18:15:11.564  1891  1927 I UsbPortManager: USB port changed: port=UsbPort{id=port0, supportedModes=dual, audio_acc, supportedContaminantProtectionModes=0, supportsEnableContaminantPresenceProtection=false, supportsEnableContaminantPresenceDetection=false, supportsComplianceWarnings=false, supportsPartnerBc12Type=false, supportsPowerProfiles=false, status=UsbPortStatus{connected=false, currentMode=none, currentPowerRole=no-power, currentDataRole=no-data, supportedRoleCombinations=[no-power:no-data], contaminantDetectionStatus=0, contaminantProtectionStatus=0, usbDataStatus=enabled, isPowerTransferLimited=false, powerBrickConnectionStatus=unknown, complianceWarnings=[], plugState=0, displayPortAltModeInfo=null, bc12Type=Unknown,  mPortSinkPowerProfiles={} , mPortSourcePowerProfiles={} , mPartnerSinkPowerProfiles={} , mPartnerSourcePowerProfiles={} , mPortSinkPowerProfileMatches={} , mPortSourcePowerProfileMatches={}, canChangeMode=true, canChangePowerRole=false, canChangeDataRole=false, connectedAtMillis=0, lastConnectDurationMillis=120161
08-26 18:15:11.565  1641  1641 E BatteryDefender: Failed to read /sys/devices/platform/google,charger/bd_state
08-26 18:15:11.565   536   564 E pixelstats-uevent: Unable to read  - No such file or directory
08-26 18:15:11.568  1891  1891 I UsbService: Broadcast ACTION_USB_PORT_CHANGED received, setting USB data signal to true
08-26 18:15:11.576  1641  1641 E BatteryDefender: Failed to read /sys/devices/platform/google,charger/bd_state
08-26 18:15:11.584  1641  1641 E BatteryDefender: Failed to read /sys/devices/platform/google,charger/bd_state
08-26 18:15:11.593  1641  1641 E BatteryDefender: Failed to read /sys/devices/platform/google,charger/bd_state
08-26 18:15:11.593 11892 11921 I SconeBluetoothSarContro: No config
08-26 18:15:11.635  1100  2783 I android.hardware.usb-service.qti: uevent received add@/devices/platform/soc/1c40000.qcom,spmi/spmi-0/0-00/1c40000.qcom,spmi:qcom,pm5100@0:qcom,qpnp-smblite/typec/port0/port0-partner
08-26 18:15:11.635  1100  2783 I android.hardware.usb-service.qti: partner added
08-26 18:15:11.636  1100  2783 I android.hardware.usb-service.qti: uevent recieved for same device default
08-26 18:15:11.636  1100  2783 I android.hardware.usb-service.qti: port0
08-26 18:15:11.637   536   564 E pixelstats-uevent: Unable to read  - No such file or directory
08-26 18:15:11.638  1100  2783 I android.hardware.usb-service.qti: 1:port0 connected:1 canChangeMode:1 canChangeData:0 canChangePower:0 usbDataDisabled:0, powerTransferLimited:0
08-26 18:15:11.639  1891  2871 I UsbPortManager: AIDL UsbDataStatus:1
08-26 18:15:11.639  1891  2871 I UsbPortManager: ClientCallback AIDL V1: port0
08-26 18:15:11.640  1891  1927 I UsbPortManager: USB port changed: port=UsbPort{id=port0, supportedModes=dual, audio_acc, supportedContaminantProtectionModes=0, supportsEnableContaminantPresenceProtection=false, supportsEnableContaminantPresenceDetection=false, supportsComplianceWarnings=false, supportsPartnerBc12Type=false, supportsPowerProfiles=false, status=UsbPortStatus{connected=true, currentMode=ufp, currentPowerRole=sink, currentDataRole=device, supportedRoleCombinations=[source:host, sink:device], contaminantDetectionStatus=0, contaminantProtectionStatus=0, usbDataStatus=enabled, isPowerTransferLimited=false, powerBrickConnectionStatus=unknown, complianceWarnings=[], plugState=0, displayPortAltModeInfo=null, bc12Type=Unknown,  mPortSinkPowerProfiles={} , mPortSourcePowerProfiles={} , mPartnerSinkPowerProfiles={} , mPartnerSourcePowerProfiles={} , mPortSinkPowerProfileMatches={} , mPortSourcePowerProfileMatches={}, canChangeMode=true, canChangePowerRole=false, canChangeDataRole=false, connectedAtMillis=5355317222, lastConnectDurationMillis=0
08-26 18:15:11.642  1891  1891 I UsbService: Broadcast ACTION_USB_PORT_CHANGED received, setting USB data signal to true
08-26 18:15:11.649 11892 11921 I SconeBluetoothSarContro: No config
08-26 18:15:11.657   536   564 E pixelstats-uevent: Unable to read  - No such file or directory
08-26 18:15:11.665   536   564 E pixelstats-uevent: Unable to read  - No such file or directory
08-26 18:15:11.687  1641  1641 E BatteryDefender: Failed to read /sys/devices/platform/google,charger/bd_state
08-26 18:15:11.691   536   564 E pixelstats-uevent: Unable to read  - No such file or directory
08-26 18:15:11.700   536   564 E pixelstats-uevent: Unable to read  - No such file or directory
08-26 18:15:11.713  1641  1641 E BatteryDefender: Failed to read /sys/devices/platform/google,charger/bd_state
08-26 18:15:11.726  1641  1641 E BatteryDefender: Failed to read /sys/devices/platform/google,charger/bd_state
08-26 18:15:11.740  1641  1641 E BatteryDefender: Failed to read /sys/devices/platform/google,charger/bd_state
08-26 18:15:11.750  1641  1641 E BatteryDefender: Failed to read /sys/devices/platform/google,charger/bd_state
08-26 18:15:11.761  1641  1641 E BatteryDefender: Failed to read /sys/devices/platform/google,charger/bd_state
08-26 18:15:11.967   536   564 E pixelstats-uevent: Unable to read  - No such file or directory
08-26 18:15:11.973  1641  1641 E BatteryDefender: Failed to read /sys/devices/platform/google,charger/bd_state
08-26 18:15:11.973   536   564 E pixelstats-uevent: Unable to read  - No such file or directory
08-26 18:15:11.986  1641  1641 E BatteryDefender: Failed to read /sys/devices/platform/google,charger/bd_state
08-26 18:15:11.996  1641  1641 E BatteryDefender: Failed to read /sys/devices/platform/google,charger/bd_state
08-26 18:15:12.005  1641  1641 E BatteryDefender: Failed to read /sys/devices/platform/google,charger/bd_state
08-26 18:15:12.350   536   564 E pixelstats-uevent: Unable to read  - No such file or directory
08-26 18:15:12.350  1827  1830 I pixel-thermal: audio-therm:40.895 raw data: audio-therm:40895 
08-26 18:15:12.355  1641  1641 E BatteryDefender: Failed to read /sys/devices/platform/google,charger/bd_state
08-26 18:15:12.365  1641  1641 E BatteryDefender: Failed to read /sys/devices/platform/google,charger/bd_state
08-26 18:15:14.372  1827  1830 I pixel-thermal: audio-therm:41.017 raw data: audio-therm:41017 
08-26 18:15:16.394  1827  1830 I pixel-thermal: audio-therm:41.057 raw data: audio-therm:41057 
08-26 18:15:16.988  1891  2749 I MdnsReplySender: Sending {MdnsReplyInfo: /[fe80::264b:feff:feb1:4ced%wlan0]:5353 to /[ff02::fb]:5353, answers: 1, additionalAnswers: 7, knownAnswers: 0, sendDelayMs 40}
08-26 18:15:17.000  1891  2749 I MdnsReplySender: Sending {MdnsReplyInfo: /192.168.1.25:5353 to /224.0.0.251:5353, answers: 1, additionalAnswers: 7, knownAnswers: 0, sendDelayMs 67}
08-26 18:15:18.419  1827  1830 I pixel-thermal: audio-therm:41.096 raw data: audio-therm:41096 
08-26 18:15:19.456  7512  7544 I MCU     : algorithm_handler.cc:471         294:25:47.017 [WaterDetection] Transition: 0, Submersed: 0.00, Baseline: 1007.799, MaxRelative: 0.008, MaxDiff: 0.017, MeanDiff: 0.006
08-26 18:15:20.439  1827  1830 I pixel-thermal: audio-therm:41.122 raw data: audio-therm:41122 
08-26 18:15:22.110   536   564 E pixelstats-uevent: Unable to read  - No such file or directory
08-26 18:15:22.122  1641  1641 E BatteryDefender: Failed to read /sys/devices/platform/google,charger/bd_state
08-26 18:15:22.135  1641  1641 E BatteryDefender: Failed to read /sys/devices/platform/google,charger/bd_state
08-26 18:15:22.163  1096  1096 I CpuStateResidencyDataProvider:  Reading : /sys/devices/system/cpu/cpu0/cpufreq/stats/trans_table
08-26 18:15:22.165  1096  1096 I CpuStateResidencyDataProvider:  Reading : /sys/devices/system/cpu/cpu1/cpufreq/stats/trans_table
08-26 18:15:22.168  1096  1096 I CpuStateResidencyDataProvider:  Reading : /sys/devices/system/cpu/cpu2/cpufreq/stats/trans_table
08-26 18:15:22.170  1096  1096 I CpuStateResidencyDataProvider:  Reading : /sys/devices/system/cpu/cpu3/cpufreq/stats/trans_table
08-26 18:15:22.173  1096  1096 E android.hardware.power.stats-service.pixel: callback for Bluetooth is not registered
08-26 18:15:22.173  1096  1096 E android.hardware.power.stats-service.pixel: getStateResidency for Bluetooth failed
08-26 18:15:22.173  1096  1096 E android.hardware.power.stats-service.pixel: Failed to get results for Bluetooth
08-26 18:15:22.451  7512  7544 D MCU     : bt_arbiter.cc:135                294:25:50.075 popRequestQueue : OpCode 804
08-26 18:15:22.452  7512  7544 D MCU     : bt_arbiter.cc:144                294:25:50.075 popRequestQueue : Request queue popped, sending next
08-26 18:15:22.452  7512  7544 D MCU     : bt_chre_link_manager.cc:415      294:25:50.292 handleModeChangeEvent: ACTIVE (connection_handle 0x000b interval: 0)
08-26 18:15:22.636  5883  5883 D WatchFaceService: Setting Watch Ui State with WatchUiState{ interruptionFilter=1, inAmbientMode=false } and fromSysUi=true. Existing state: firstSetWatchUiState=false, systemHasSentWatchUiState=true, mutableWatchState.interruptionFilter=1, mutableWatchState.isAmbient=false
08-26 18:15:22.662 30537 30537 I DisplayOffloadManager: sendStatusBar
08-26 18:15:22.663 30537 30537 W DisplayOffloadManager: setSysUIAnimateOnTilt not supported.
08-26 18:15:22.667  1891  2454 D DOLayout: updateStatusBar: identical status bar, skipped
08-26 18:15:23.468  7512  7544 D MCU     : bt_arbiter.cc:135                294:25:51.293 popRequestQueue : OpCode 803
08-26 18:15:23.468  7512  7544 D MCU     : bt_arbiter.cc:144                294:25:51.293 popRequestQueue : Request queue popped, sending next
08-26 18:15:23.469  7512  7544 D MCU     : bt_chre_link_manager.cc:420      294:25:51.323 handleModeChangeEvent: SNIFF  (connection_handle 0x000b interval: 816)
08-26 18:15:24.068   536   564 E pixelstats-uevent: Unable to read  - No such file or directory
08-26 18:15:24.069  1827  1830 I pixel-thermal: audio-therm:41.188 raw data: audio-therm:41188 
08-26 18:15:24.080  1641  1641 E BatteryDefender: Failed to read /sys/devices/platform/google,charger/bd_state
08-26 18:15:24.090  1641  1641 E BatteryDefender: Failed to read /sys/devices/platform/google,charger/bd_state
08-26 18:15:26.081  1827  1830 I pixel-thermal: audio-therm:41.201 raw data: audio-therm:41201 
08-26 18:15:26.086  1827  1830 I pixel-thermal: CDEV log 
08-26 18:15:28.101  1827  1830 I pixel-thermal: audio-therm:41.221 raw data: audio-therm:41221 
08-26 18:15:30.127  1827  1830 I pixel-thermal: audio-therm:41.241 raw data: audio-therm:41241 
08-26 18:15:30.451 11892 23663 E SconeApkMinimumVersions: Package not found: com.google.android.apps.stargate [CONTEXT nimbus_annotation_log_config="SCONE_SATELLITE_LOG_CONFIG" ]
08-26 18:15:30.451 11892 23663 E SconeApkMinimumVersions: android.content.pm.PackageManager$NameNotFoundException: com.google.android.apps.stargate
08-26 18:15:30.451 11892 23663 E SconeApkMinimumVersions: 	at android.app.ApplicationPackageManager.getPackageInfoAsUser(ApplicationPackageManager.java:293)
08-26 18:15:30.451 11892 23663 E SconeApkMinimumVersions: 	at android.app.ApplicationPackageManager.getPackageInfo(ApplicationPackageManager.java:253)
08-26 18:15:30.451 11892 23663 E SconeApkMinimumVersions: 	at android.app.ApplicationPackageManager.getPackageInfo(ApplicationPackageManager.java:247)
08-26 18:15:30.451 11892 23663 E SconeApkMinimumVersions: 	at fce.test(PG:26)
08-26 18:15:30.451 11892 23663 E SconeApkMinimumVersions: 	at izb.test(PG:17)
08-26 18:15:30.451 11892 23663 E SconeApkMinimumVersions: 	at j$.util.stream.v.accept(r8-map-id-eac23ef66dae5b3e4a48df44fc9bbf770336bec5adea71d37a2764165557c48b:7)
08-26 18:15:30.451 11892 23663 E SconeApkMinimumVersions: 	at j$.util.u0.tryAdvance(r8-map-id-eac23ef66dae5b3e4a48df44fc9bbf770336bec5adea71d37a2764165557c48b:37)
08-26 18:15:30.451 11892 23663 E SconeApkMinimumVersions: 	at j$.util.stream.o2.h(r8-map-id-eac23ef66dae5b3e4a48df44fc9bbf770336bec5adea71d37a2764165557c48b:7)
08-26 18:15:30.451 11892 23663 E SconeApkMinimumVersions: 	at j$.util.stream.a.b(r8-map-id-eac23ef66dae5b3e4a48df44fc9bbf770336bec5adea71d37a2764165557c48b:16)
08-26 18:15:30.451 11892 23663 E SconeApkMinimumVersions: 	at j$.util.stream.a.a(r8-map-id-eac23ef66dae5b3e4a48df44fc9bbf770336bec5adea71d37a2764165557c48b:28)
08-26 18:15:30.451 11892 23663 E SconeApkMinimumVersions: 	at j$.util.stream.a.q(r8-map-id-eac23ef66dae5b3e4a48df44fc9bbf770336bec5adea71d37a2764165557c48b:8)
08-26 18:15:30.451 11892 23663 E SconeApkMinimumVersions: 	at j$.nio.file.g0.a(r8-map-id-eac23ef66dae5b3e4a48df44fc9bbf770336bec5adea71d37a2764165557c48b:11)
08-26 18:15:30.451 11892 23663 E SconeApkMinimumVersions: 	at j$.util.stream.a.d(r8-map-id-eac23ef66dae5b3e4a48df44fc9bbf770336bec5adea71d37a2764165557c48b:35)
08-26 18:15:30.451 11892 23663 E SconeApkMinimumVersions: 	at j$.util.stream.o2.allMatch(r8-map-id-eac23ef66dae5b3e4a48df44fc9bbf770336bec5adea71d37a2764165557c48b:7)
08-26 18:15:30.451 11892 23663 E SconeApkMinimumVersions: 	at emb.call(PG:143)
08-26 18:15:30.451 11892 23663 E SconeApkMinimumVersions: 	at jeo.a(PG:3)
08-26 18:15:30.451 11892 23663 E SconeApkMinimumVersions: 	at jdt.run(PG:19)
08-26 18:15:30.451 11892 23663 E SconeApkMinimumVersions: 	at jep.run(PG:5)
08-26 18:15:30.451 11892 23663 E SconeApkMinimumVersions: 	at jef.run(PG:3)
08-26 18:15:30.451 11892 23663 E SconeApkMinimumVersions: 	at jeg.run(PG:64)
08-26 18:15:30.451 11892 23663 E SconeApkMinimumVersions: 	at gws.run(PG:7)
08-26 18:15:30.451 11892 23663 E SconeApkMinimumVersions: 	at ize.run(PG:44)
08-26 18:15:30.451 11892 23663 E SconeApkMinimumVersions: 	at fdl.run(PG:100)
08-26 18:15:30.451 11892 23663 E SconeApkMinimumVersions: 	at java.lang.Thread.run(Thread.java:1572)
08-26 18:15:30.451 11892 23663 E SconeApkMinimumVersions: 	at gya.run(PG:58)
08-26 18:15:30.452 11892 23663 I SconeSatelliteSupported: applyUpdatedInputs: [no-op] SatelliteEnablementInputs{phenotypeFlagEnabled=false, googleMessagesDefaultSmsApp=true, apkVersionsSupported=false, setupWizardComplete=true} [CONTEXT nimbus_annotation_log_config="SCONE_SATELLITE_LOG_CONFIG" traceId="2a8c46b8-bcad-4ab1-9b96-b7db9c8dc055" ]
08-26 18:15:30.465 11892 18277 E SconeSatelliteSupported: requestIsCommunicationAllowedForCurrentLocation[jei@74ec4e0[status=PENDING]] errorCode: 23 [CONTEXT nimbus_annotation_log_config="SCONE_SATELLITE_LOG_CONFIG" traceId="2a8c46b8-bcad-4ab1-9b96-b7db9c8dc055" ]
08-26 18:15:30.468 11892 18276 E SconeSatelliteSupported: requestIsProvisioned[jei@1c64399[status=PENDING]] errorCode: 23 [CONTEXT nimbus_annotation_log_config="SCONE_SATELLITE_LOG_CONFIG" traceId="2a8c46b8-bcad-4ab1-9b96-b7db9c8dc055" ]
08-26 18:15:30.458 11892 18275 E SconeSatelliteSupported: requestIsSupported[jei@ccb0947[status=PENDING]] errorCode: 23 [CONTEXT nimbus_annotation_log_config="SCONE_SATELLITE_LOG_CONFIG" traceId="2a8c46b8-bcad-4ab1-9b96-b7db9c8dc055" ]
08-26 18:15:30.469 11892 18277 E SconeSatelliteSupported: requestSelectedNbIotSatelliteSubscriptionId[jei@b59965e[status=PENDING]] errorCode: 23 [CONTEXT nimbus_annotation_log_config="SCONE_SATELLITE_LOG_CONFIG" traceId="2a8c46b8-bcad-4ab1-9b96-b7db9c8dc055" ]
08-26 18:15:30.476 11892 18276 E jcf     : Got more than one input Future failure. Logging failures after the first
08-26 18:15:30.476 11892 18276 E jcf     : android.telephony.satellite.SatelliteManager$SatelliteException
08-26 18:15:30.476 11892 18276 E jcf     : 	at fas.onError(PG:9)
08-26 18:15:30.476 11892 18276 E jcf     : 	at android.telephony.satellite.wrapper.SatelliteManagerWrapper$9.onError(SatelliteManagerWrapper.java:1023)
08-26 18:15:30.476 11892 18276 E jcf     : 	at android.telephony.satellite.wrapper.SatelliteManagerWrapper$9.onError(SatelliteManagerWrapper.java:1015)
08-26 18:15:30.476 11892 18276 E jcf     : 	at android.telephony.satellite.SatelliteManager.lambda$requestIsProvisioned$48(SatelliteManager.java:2371)
08-26 18:15:30.476 11892 18276 E jcf     : 	at android.telephony.satellite.SatelliteManager$$ExternalSyntheticLambda87.runOrThrow(D8$$SyntheticClass:0)
08-26 18:15:30.476 11892 18276 E jcf     : 	at android.os.Binder.withCleanCallingIdentity(Binder.java:468)
08-26 18:15:30.476 11892 18276 E jcf     : 	at android.telephony.satellite.SatelliteManager.lambda$requestIsProvisioned$49(SatelliteManager.java:2371)
08-26 18:15:30.476 11892 18276 E jcf     : 	at android.telephony.satellite.SatelliteManager$$ExternalSyntheticLambda75.run(D8$$SyntheticClass:0)
08-26 18:15:30.476 11892 18276 E jcf     : 	at gws.run(PG:7)
08-26 18:15:30.476 11892 18276 E jcf     : 	at java.util.concurrent.ThreadPoolExecutor.runWorker(ThreadPoolExecutor.java:1100)
08-26 18:15:30.476 11892 18276 E jcf     : 	at java.util.concurrent.ThreadPoolExecutor$Worker.run(ThreadPoolExecutor.java:624)
08-26 18:15:30.476 11892 18276 E jcf     : 	at fwq.run(PG:858)
08-26 18:15:30.476 11892 18276 E jcf     : 	at java.lang.Thread.run(Thread.java:1572)
08-26 18:15:30.476 11892 18276 E jcf     : 	at gya.run(PG:58)
08-26 18:15:30.476 11892 18275 E jcf     : Got more than one input Future failure. Logging failures after the first
08-26 18:15:30.476 11892 18275 E jcf     : android.telephony.satellite.SatelliteManager$SatelliteException
08-26 18:15:30.476 11892 18275 E jcf     : 	at fas.onError(PG:9)
08-26 18:15:30.476 11892 18275 E jcf     : 	at android.telephony.satellite.wrapper.SatelliteManagerWrapper$4.onError(SatelliteManagerWrapper.java:699)
08-26 18:15:30.476 11892 18275 E jcf     : 	at android.telephony.satellite.wrapper.SatelliteManagerWrapper$4.onError(SatelliteManagerWrapper.java:691)
08-26 18:15:30.476 11892 18275 E jcf     : 	at android.telephony.satellite.SatelliteManager.lambda$requestIsSupported$22(SatelliteManager.java:1537)
08-26 18:15:30.476 11892 18275 E jcf     : 	at android.telephony.satellite.SatelliteManager$$ExternalSyntheticLambda55.runOrThrow(D8$$SyntheticClass:0)
08-26 18:15:30.476 11892 18275 E jcf     : 	at android.os.Binder.withCleanCallingIdentity(Binder.java:468)
08-26 18:15:30.476 11892 18275 E jcf     : 	at android.telephony.satellite.SatelliteManager.lambda$requestIsSupported$23(SatelliteManager.java:1537)
08-26 18:15:30.476 11892 18275 E jcf     : 	at android.telephony.satellite.SatelliteManager$$ExternalSyntheticLambda60.run(D8$$SyntheticClass:0)
08-26 18:15:30.476 11892 18275 E jcf     : 	at gws.run(PG:7)
08-26 18:15:30.476 11892 18275 E jcf     : 	at java.util.concurrent.ThreadPoolExecutor.runWorker(ThreadPoolExecutor.java:1100)
08-26 18:15:30.476 11892 18275 E jcf     : 	at java.util.concurrent.ThreadPoolExecutor$Worker.run(ThreadPoolExecutor.java:624)
08-26 18:15:30.476 11892 18275 E jcf     : 	at fwq.run(PG:858)
08-26 18:15:30.476 11892 18275 E jcf     : 	at java.lang.Thread.run(Thread.java:1572)
08-26 18:15:30.476 11892 18275 E jcf     : 	at gya.run(PG:58)
08-26 18:15:30.476 11892 18277 E jcf     : Got more than one input Future failure. Logging failures after the first
08-26 18:15:30.476 11892 18277 E jcf     : android.telephony.satellite.SatelliteManager$SatelliteException
08-26 18:15:30.476 11892 18277 E jcf     : 	at fas.onError(PG:9)
08-26 18:15:30.476 11892 18277 E jcf     : 	at android.telephony.satellite.wrapper.SatelliteManagerWrapper$18.onError(SatelliteManagerWrapper.java:1463)
08-26 18:15:30.476 11892 18277 E jcf     : 	at android.telephony.satellite.wrapper.SatelliteManagerWrapper$18.onError(SatelliteManagerWrapper.java:1455)
08-26 18:15:30.476 11892 18277 E jcf     : 	at android.telephony.satellite.SatelliteManager.lambda$requestSelectedNbIotSatelliteSubscriptionId$72(SatelliteManager.java:2925)
08-26 18:15:30.476 11892 18277 E jcf     : 	at android.telephony.satellite.SatelliteManager$$ExternalSyntheticLambda53.runOrThrow(D8$$SyntheticClass:0)
08-26 18:15:30.476 11892 18277 E jcf     : 	at android.os.Binder.withCleanCallingIdentity(Binder.java:468)
08-26 18:15:30.476 11892 18277 E jcf     : 	at android.telephony.satellite.SatelliteManager.lambda$requestSelectedNbIotSatelliteSubscriptionId$73(SatelliteManager.java:2925)
08-26 18:15:30.476 11892 18277 E jcf     : 	at android.telephony.satellite.SatelliteManager$$ExternalSyntheticLambda94.run(D8$$SyntheticClass:0)
08-26 18:15:30.476 11892 18277 E jcf     : 	at gws.run(PG:7)
08-26 18:15:30.476 11892 18277 E jcf     : 	at java.util.concurrent.ThreadPoolExecutor.runWorker(ThreadPoolExecutor.java:1100)
08-26 18:15:30.476 11892 18277 E jcf     : 	at java.util.concurrent.ThreadPoolExecutor$Worker.run(ThreadPoolExecutor.java:624)
08-26 18:15:30.476 11892 18277 E jcf     : 	at fwq.run(PG:858)
08-26 18:15:30.476 11892 18277 E jcf     : 	at java.lang.Thread.run(Thread.java:1572)
08-26 18:15:30.476 11892 18277 E jcf     : 	at gya.run(PG:58)
08-26 18:15:32.141  1827  1830 I pixel-thermal: audio-therm:41.267 raw data: audio-therm:41267 
08-26 18:15:32.363  1641  1641 E BatteryDefender: Failed to read /sys/devices/platform/google,charger/bd_state
08-26 18:15:32.365   536   564 E pixelstats-uevent: Unable to read  - No such file or directory
08-26 18:15:32.381  1641  1641 E BatteryDefender: Failed to read /sys/devices/platform/google,charger/bd_state
08-26 18:15:32.410  1096  1096 I CpuStateResidencyDataProvider:  Reading : /sys/devices/system/cpu/cpu0/cpufreq/stats/trans_table
08-26 18:15:32.413  1096  1096 I CpuStateResidencyDataProvider:  Reading : /sys/devices/system/cpu/cpu1/cpufreq/stats/trans_table
08-26 18:15:32.415  1096  1096 I CpuStateResidencyDataProvider:  Reading : /sys/devices/system/cpu/cpu2/cpufreq/stats/trans_table
08-26 18:15:32.418  1096  1096 I CpuStateResidencyDataProvider:  Reading : /sys/devices/system/cpu/cpu3/cpufreq/stats/trans_table
08-26 18:15:32.421  1096  1096 E android.hardware.power.stats-service.pixel: callback for Bluetooth is not registered
08-26 18:15:32.421  1096  1096 E android.hardware.power.stats-service.pixel: getStateResidency for Bluetooth failed
08-26 18:15:32.421  1096  1096 E android.hardware.power.stats-service.pixel: Failed to get results for Bluetooth
08-26 18:15:32.462  7512  7544 D MCU     : bt_arbiter.cc:135                294:26:00.316 popRequestQueue : OpCode 804
08-26 18:15:32.462  7512  7544 D MCU     : bt_arbiter.cc:144                294:26:00.316 popRequestQueue : Request queue popped, sending next
08-26 18:15:32.881  5883  5883 D WatchFaceService: Setting Watch Ui State with WatchUiState{ interruptionFilter=1, inAmbientMode=false } and fromSysUi=true. Existing state: firstSetWatchUiState=false, systemHasSentWatchUiState=true, mutableWatchState.interruptionFilter=1, mutableWatchState.isAmbient=false
08-26 18:15:32.904 30537 30537 I DisplayOffloadManager: sendStatusBar
08-26 18:15:32.905 30537 30537 W DisplayOffloadManager: setSysUIAnimateOnTilt not supported.
08-26 18:15:32.907  1891  2871 D DOLayout: updateStatusBar: identical status bar, skipped
08-26 18:15:33.967  7512  7544 D MCU     : bt_chre_link_manager.cc:415      294:26:01.514 handleModeChangeEvent: ACTIVE (connection_handle 0x000b interval: 0)
08-26 18:15:34.366  1827  1830 I pixel-thermal: audio-therm:41.3 raw data: audio-therm:41300 
08-26 18:15:34.966  7512  7544 D MCU     : bt_arbiter.cc:135                294:26:02.517 popRequestQueue : OpCode 803
08-26 18:15:34.966  7512  7544 D MCU     : bt_arbiter.cc:144                294:26:02.517 popRequestQueue : Request queue popped, sending next
08-26 18:15:34.966  7512  7544 D MCU     : bt_chre_link_manager.cc:420      294:26:02.539 handleModeChangeEvent: SNIFF  (connection_handle 0x000b interval: 816)
08-26 18:15:35.789   536   564 E pixelstats-uevent: Unable to read  - No such file or directory
08-26 18:15:35.802  1641  1641 E BatteryDefender: Failed to read /sys/devices/platform/google,charger/bd_state
08-26 18:15:35.815  1641  1641 E BatteryDefender: Failed to read /sys/devices/platform/google,charger/bd_state
08-26 18:15:35.980  7512  7544 I MCU     : nano_calibration.cc:343          294:26:03.658 [ImuCal] [GYRO_RPS] (s0, c0) Offset | Temp [C] | Quality: -0.002875, -0.001110, 0.002316 | 41.19 | 4
08-26 18:15:35.981  7512  7544 I MCU     : nano_calibration.cc:349          294:26:03.659 [ImuCal] [GYRO_RPS] (s0) Temp Sensitivity: -0.000089, -0.000119, -0.000051
08-26 18:15:35.982  7512  7544 I MCU     : nano_calibration.cc:352          294:26:03.659 [ImuCal] [GYRO_RPS] (s0) Temp Intercept: 0.000856, 0.003921, 0.004416
08-26 18:15:37.801  1827  1830 I pixel-thermal: audio-therm:41.339 raw data: audio-therm:41339 
08-26 18:15:38.149  2936 17204 D IpClient/wlan0: routeUpdated: fdab:f4df:8e5:1::/64 -> fe80::1c8b:5e04:59e1:138e wlan0 mtu 0
08-26 18:15:38.152  2936 17204 D ApfFilter: (wlan0): Adding RA fe80::1c8b:5e04:59e1:138e -> ff02::1 0s RIO 1800s fdab:f4df:8e5:1::/64 
08-26 18:15:38.185  3703  3705 D WifiHAL : Setting APF program, halHandle = 0xe87f9420
08-26 18:15:38.185  3703  3705 I WifiHAL : createRequest: APF set program request
08-26 18:15:38.186  3703  3705 I WifiHAL : mProgramLen : 1504
08-26 18:15:38.208   973  1006 E netd    : Error adding route fdab:f4df:8e5:1::/64 -> fe80::1c8b:5e04:59e1:138e wlan0 to table 1016: File exists
08-26 18:15:38.217  1891  2746 W libbinder.IPCThreadState: Sending oneway calls to frozen process.
08-26 18:15:38.217  1891  2746 W libbinder.IPCThreadState: Sending oneway calls to frozen process.
08-26 18:15:38.221 11892 11927 D WifiSignalInfo: onLinkPropertiesChanged: {InterfaceName: wlan0 LinkAddresses: [ fe80::442c:13ff:feec:44d5/64,2405:6587:1e0:6400:442c:13ff:feec:44d5/64,2405:6587:1e0:6400:d907:9b8e:bb9e:17a0/64,192.168.1.6/24 ] DnsAddresses: [ /192.168.1.1 ] Domains: null MTU: 0 ServerAddress: /192.168.1.1 TcpBufferSizes: 524288,2097152,8388608,262144,524288,4194304 Routes: [ fe80::/64 -> :: wlan0 mtu 0,::/0 -> fe80::225:36ff:fe29:dee wlan0 mtu 0,2405:6587:1e0:6400::/64 -> :: wlan0 mtu 0,fdab:f4df:8e5:1::/64 -> fe80::1c8b:5e04:59e1:138e wlan0 mtu 0,192.168.1.0/24 -> 0.0.0.0 wlan0 mtu 0,0.0.0.0/0 -> 192.168.1.1 wlan0 mtu 0 ]}
08-26 18:15:38.230  3079  3534 D QCNEJ/NativeAidlConnector: -> SND notifyWifiAvailable(v4Connected = truev6Connected = , true, isAndroidValidated = true)
08-26 18:15:38.234  3079  3534 D cneJni  : notifyWlanConnectivityUp start
08-26 18:15:38.235  3079  3534 D cneJni  : sendWifiStatus start
08-26 18:15:39.823  1827  1830 I pixel-thermal: audio-therm:41.378 raw data: audio-therm:41378 
08-26 18:15:41.838  1827  1830 I pixel-thermal: audio-therm:41.404 raw data: audio-therm:41404 
08-26 18:15:42.623  1891  2871 W libbinder.Binder: BBinder::getInterfaceDescriptor (this=0xeb5488f8). Override?
08-26 18:15:42.710  1089  1106 D ContextHubHal: Got message from nanoapp: ID 0x476f6f676c003000
08-26 18:15:42.710  1089  1106 D ContextHubHal: Got message from nanoapp: ID 0x476f6f676c003000
08-26 18:15:42.831   540  3762 W libc    : Access denied finding property "suspend.debug.wakestats_log.enabled"
08-26 18:15:43.189  7512  7544 D MCU     : site_data_provider.cc:220        294:26:10.599 [SiteDataProvider] Flushing 1 GROK records
08-26 18:15:43.190  7512  7544 D MCU     : site_data_provider.cc:220        294:26:10.599 [SiteDataProvider] Flushing 1 MSA_MINUTE records
08-26 18:15:43.190  7512  7544 D MCU     : site_data_provider.cc:220        294:26:10.599 [SiteDataProvider] Flushing 1 GROK records
08-26 18:15:43.190  7512  7544 D MCU     : site_data_provider.cc:220        294:26:10.600 [SiteDataProvider] Flushing 1 MSA_MINUTE records
08-26 18:15:43.741  2888 14726 E ComplicationDataEvaluator: Failed sending dynamic update.
08-26 18:15:43.741  2888 14726 E ComplicationDataEvaluator: kotlinx.coroutines.JobCancellationException: Job was cancelled; job=JobImpl{Cancelled}@c642bc4
08-26 18:15:43.742  2888 14726 E ComplicationDataEvaluator: Failed sending dynamic update.
08-26 18:15:43.742  2888 14726 E ComplicationDataEvaluator: kotlinx.coroutines.JobCancellationException: Job was cancelled; job=JobImpl{Cancelled}@4062098
08-26 18:15:43.742  2888 14726 E ComplicationDataEvaluator: Failed sending dynamic update.
08-26 18:15:43.742  2888 14726 E ComplicationDataEvaluator: kotlinx.coroutines.JobCancellationException: Job was cancelled; job=JobImpl{Cancelled}@a443b3d
08-26 18:15:43.742  2888 14726 E ComplicationDataEvaluator: Failed sending dynamic update.
08-26 18:15:43.742  2888 14726 E ComplicationDataEvaluator: kotlinx.coroutines.JobCancellationException: Job was cancelled; job=JobImpl{Cancelled}@a443b3d
08-26 18:15:43.841  1827  1830 I pixel-thermal: audio-therm:41.443 raw data: audio-therm:41443 
08-26 18:15:45.859  1827  1830 I pixel-thermal: audio-therm:41.462 raw data: audio-therm:41462 
08-26 18:15:47.511   536   564 E pixelstats-uevent: Unable to read  - No such file or directory
08-26 18:15:47.516  1641  1641 E BatteryDefender: Failed to read /sys/devices/platform/google,charger/bd_state
08-26 18:15:47.531  1641  1641 E BatteryDefender: Failed to read /sys/devices/platform/google,charger/bd_state
08-26 18:15:49.518  1827  1830 I pixel-thermal: audio-therm:41.475 raw data: audio-therm:41475 
08-26 18:15:49.972 17942 17972 I AlarmManager: set [name: SystemMemoryCache type: 2 triggerAtMillis: 320715355554 windowMillis: -1 intervalMillis: 0]
08-26 18:15:50.113 17942 17972 I Fitness : (REDACTED) Initializing package %s: %d subscriptions
08-26 18:15:50.116 17942 17972 I Fitness : (REDACTED) %s: Initial registration for %s
08-26 18:15:50.117 17942 17972 I Fitness : (REDACTED) %s: Initial registration for %s
08-26 18:15:50.123  1098  1098 D usf_sensor_hal: step counter: Enter Batch. Period = 1000000000, latency = 60000000000.
08-26 18:15:50.127  1098  1098 D usf_sensor_hal: step counter: Enter Activate. Enable = 1.
08-26 18:15:50.151 17942 17972 I Fitness : (REDACTED) FitRecording initialized.  Recreated %d subscriptions out of %d.
08-26 18:15:50.167 17942 17983 I Fitness : (REDACTED) No last event in the cache... letting sensor event %s through.
08-26 18:15:50.181  7512  7544 D MCU     : usf_sensor.cc:1920               294:26:18.054 [USF] Received start sampling request for Step Counter (active:2).
08-26 18:15:51.543  1827  1830 I pixel-thermal: audio-therm:41.541 raw data: audio-therm:41541 
08-26 18:15:52.834   536   564 E pixelstats-uevent: Unable to read  - No such file or directory
08-26 18:15:52.873  1641  1641 E BatteryDefender: Failed to read /sys/devices/platform/google,charger/bd_state
08-26 18:15:52.892  1641  1641 E BatteryDefender: Failed to read /sys/devices/platform/google,charger/bd_state
08-26 18:15:52.925  1096  1096 I CpuStateResidencyDataProvider:  Reading : /sys/devices/system/cpu/cpu0/cpufreq/stats/trans_table
08-26 18:15:52.927  1096  1096 I CpuStateResidencyDataProvider:  Reading : /sys/devices/system/cpu/cpu1/cpufreq/stats/trans_table
08-26 18:15:52.930  1096  1096 I CpuStateResidencyDataProvider:  Reading : /sys/devices/system/cpu/cpu2/cpufreq/stats/trans_table
08-26 18:15:52.933  1096  1096 I CpuStateResidencyDataProvider:  Reading : /sys/devices/system/cpu/cpu3/cpufreq/stats/trans_table
08-26 18:15:52.937  1096  1096 E android.hardware.power.stats-service.pixel: callback for Bluetooth is not registered
08-26 18:15:52.937  1096  1096 E android.hardware.power.stats-service.pixel: getStateResidency for Bluetooth failed
08-26 18:15:52.937  1096  1096 E android.hardware.power.stats-service.pixel: Failed to get results for Bluetooth
08-26 18:15:53.202  7512  7544 D MCU     : bt_arbiter.cc:135                294:26:20.826 popRequestQueue : OpCode 804
08-26 18:15:53.202  7512  7544 D MCU     : bt_arbiter.cc:144                294:26:20.826 popRequestQueue : Request queue popped, sending next
08-26 18:15:53.394  5883  5883 D WatchFaceService: Setting Watch Ui State with WatchUiState{ interruptionFilter=1, inAmbientMode=false } and fromSysUi=true. Existing state: firstSetWatchUiState=false, systemHasSentWatchUiState=true, mutableWatchState.interruptionFilter=1, mutableWatchState.isAmbient=false
08-26 18:15:53.416 30537 30537 I DisplayOffloadManager: sendStatusBar
08-26 18:15:53.417 30537 30537 W DisplayOffloadManager: setSysUIAnimateOnTilt not supported.
08-26 18:15:53.420  1891  2930 D DOLayout: updateStatusBar: identical status bar, skipped
08-26 18:15:53.699  7512  7544 D MCU     : bt_chre_link_manager.cc:415      294:26:21.406 handleModeChangeEvent: ACTIVE (connection_handle 0x000b interval: 0)
08-26 18:15:54.700  7512  7544 D MCU     : bt_arbiter.cc:135                294:26:22.408 popRequestQueue : OpCode 803
08-26 18:15:54.700  7512  7544 D MCU     : bt_arbiter.cc:144                294:26:22.408 popRequestQueue : Request queue popped, sending next
08-26 18:15:54.700  7512  7544 D MCU     : bt_chre_link_manager.cc:420      294:26:22.428 handleModeChangeEvent: SNIFF  (connection_handle 0x000b interval: 816)
08-26 18:15:54.844  1827  1830 I pixel-thermal: audio-therm:41.579 raw data: audio-therm:41579 
08-26 18:15:56.257  1891  2746 W AppOps  : Noting op not finished: uid 1000 pkg com.android.providers.settings code 169 startTime of in progress event=1787735561678
08-26 18:15:56.872  1827  1830 I pixel-thermal: audio-therm:41.586 raw data: audio-therm:41586 
08-26 18:15:58.891  1827  1830 I pixel-thermal: audio-therm:41.612 raw data: audio-therm:41612 
08-26 18:15:59.228   536   564 E pixelstats-uevent: Unable to read  - No such file or directory
08-26 18:15:59.235  1641  1641 E BatteryDefender: Failed to read /sys/devices/platform/google,charger/bd_state
08-26 18:15:59.243  1641  1641 E BatteryDefender: Failed to read /sys/devices/platform/google,charger/bd_state
08-26 18:15:59.966 17942 17942 I Thunderbird: starting outgoing sms listener [CONTEXT service_id=226 ]
08-26 18:15:59.971 17942 17942 W Thunderbird: cannot register sms listener [CONTEXT service_id=226 ]
08-26 18:15:59.971 17942 17942 W Thunderbird: java.lang.SecurityException: Failed to find provider sms for user 0; expected to find a valid ContentProvider for this authority
08-26 18:15:59.971 17942 17942 W Thunderbird: 	at android.os.Parcel.createExceptionOrNull(Parcel.java:3392)
08-26 18:15:59.971 17942 17942 W Thunderbird: 	at android.os.Parcel.createException(Parcel.java:3376)
08-26 18:15:59.971 17942 17942 W Thunderbird: 	at android.os.Parcel.readException(Parcel.java:3359)
08-26 18:15:59.971 17942 17942 W Thunderbird: 	at android.os.Parcel.readException(Parcel.java:3301)
08-26 18:15:59.971 17942 17942 W Thunderbird: 	at android.content.IContentService$Stub$Proxy.registerContentObserver(IContentService.java:1039)
08-26 18:15:59.971 17942 17942 W Thunderbird: 	at android.content.ContentResolver.registerContentObserver(ContentResolver.java:2818)
08-26 18:15:59.971 17942 17942 W Thunderbird: 	at android.content.ContentResolver.registerContentObserver(ContentResolver.java:2766)
08-26 18:15:59.971 17942 17942 W Thunderbird: 	at csvb.a(:com.google.android.gms@263234086@26.32.34 (240300-968093310):12)
08-26 18:15:59.971 17942 17942 W Thunderbird: 	at com.google.android.gms.thunderbird.EmergencyPersistentChimeraService.b(:com.google.android.gms@263234086@26.32.34 (240300-968093310):53)
08-26 18:15:59.971 17942 17942 W Thunderbird: 	at com.google.android.gms.thunderbird.EmergencyPersistentChimeraService.onStartCommand(:com.google.android.gms@263234086@26.32.34 (240300-968093310):1)
08-26 18:15:59.971 17942 17942 W Thunderbird: 	at vww.onStartCommand(:com.google.android.gms@263234086@26.32.34 (240300-968093310):17)
08-26 18:15:59.971 17942 17942 W Thunderbird: 	at ajkm.onStartCommand(:com.google.android.gms@263234086@26.32.34 (240300-968093310):16)
08-26 18:15:59.971 17942 17942 W Thunderbird: 	at android.app.ActivityThread.handleServiceArgs(ActivityThread.java:5814)
08-26 18:15:59.971 17942 17942 W Thunderbird: 	at android.app.ActivityThread.-$$Nest$mhandleServiceArgs(ActivityThread.java:0)
08-26 18:15:59.971 17942 17942 W Thunderbird: 	at android.app.ActivityThread$H.handleMessage(ActivityThread.java:2856)
08-26 18:15:59.971 17942 17942 W Thunderbird: 	at android.os.Handler.dispatchMessageImpl(Handler.java:142)
08-26 18:15:59.971 17942 17942 W Thunderbird: 	at android.os.Handler.dispatchMessage(Handler.java:125)
08-26 18:15:59.971 17942 17942 W Thunderbird: 	at android.os.Looper.loopOnce(Looper.java:296)
08-26 18:15:59.971 17942 17942 W Thunderbird: 	at android.os.Looper.loop(Looper.java:397)
08-26 18:15:59.971 17942 17942 W Thunderbird: 	at android.app.ActivityThread.main(ActivityThread.java:9523)
08-26 18:15:59.971 17942 17942 W Thunderbird: 	at java.lang.reflect.Method.invoke(Native Method)
08-26 18:15:59.971 17942 17942 W Thunderbird: 	at com.android.internal.os.RuntimeInit$MethodAndArgsCaller.run(RuntimeInit.java:575)
08-26 18:15:59.971 17942 17942 W Thunderbird: 	at com.android.internal.os.ZygoteInit.main(ZygoteInit.java:939)
08-26 18:15:59.971 17942 17942 W Thunderbird: Caused by: android.os.RemoteException: Remote stack trace:
08-26 18:15:59.971 17942 17942 W Thunderbird: 	at com.android.server.wm.Task$$ExternalSyntheticBUOutline0.m(go/retraceme 56cb9c0977ae9f67603f451f002522c463042b44293aaef01295dafee5e0332e:33)
08-26 18:15:59.971 17942 17942 W Thunderbird: 	at com.android.server.content.ContentService.registerContentObserver(go/retraceme 56cb9c0977ae9f67603f451f002522c463042b44293aaef01295dafee5e0332e:87)
08-26 18:15:59.971 17942 17942 W Thunderbird: 	at android.content.IContentService$Stub.onTransact(IContentService.java:493)
08-26 18:15:59.971 17942 17942 W Thunderbird: 	at android.os.Binder.execTransactInternal(Binder.java:1364)
08-26 18:15:59.971 17942 17942 W Thunderbird: 	at android.os.Binder.execTransact(Binder.java:1323)
08-26 18:15:59.971 17942 17942 W Thunderbird: 
08-26 18:16:00.705  7512  7544 D MCU     : calories_consumer.cc:157         294:26:28.513 Calories OnSample timestamp_ns=1059988525268554 total=1.33
08-26 18:16:00.706  7512  7544 D MCU     : offload_data_provider_app.cc:1190 294:26:28.514 [OffloadDataProvider] Got Calories, total=2516.77
08-26 18:16:01.232  1827  1830 I pixel-thermal: audio-therm:41.625 raw data: audio-therm:41625 
08-26 18:16:03.079   536   564 E pixelstats-uevent: Unable to read  - No such file or directory
08-26 18:16:03.091  1641  1641 E BatteryDefender: Failed to read /sys/devices/platform/google,charger/bd_state
08-26 18:16:03.106  1641  1641 E BatteryDefender: Failed to read /sys/devices/platform/google,charger/bd_state
08-26 18:16:03.140  1096  1096 I CpuStateResidencyDataProvider:  Reading : /sys/devices/system/cpu/cpu0/cpufreq/stats/trans_table
08-26 18:16:03.142  1096  1096 I CpuStateResidencyDataProvider:  Reading : /sys/devices/system/cpu/cpu1/cpufreq/stats/trans_table
08-26 18:16:03.145  1096  1096 I CpuStateResidencyDataProvider:  Reading : /sys/devices/system/cpu/cpu2/cpufreq/stats/trans_table
08-26 18:16:03.148  1096  1096 I CpuStateResidencyDataProvider:  Reading : /sys/devices/system/cpu/cpu3/cpufreq/stats/trans_table
08-26 18:16:03.151  1096  1096 E android.hardware.power.stats-service.pixel: callback for Bluetooth is not registered
08-26 18:16:03.151  1096  1096 E android.hardware.power.stats-service.pixel: getStateResidency for Bluetooth failed
08-26 18:16:03.151  1096  1096 E android.hardware.power.stats-service.pixel: Failed to get results for Bluetooth
08-26 18:16:03.192  7512  7544 D MCU     : bt_arbiter.cc:135                294:26:31.046 popRequestQueue : OpCode 804
08-26 18:16:03.192  7512  7544 D MCU     : bt_arbiter.cc:144                294:26:31.046 popRequestQueue : Request queue popped, sending next
08-26 18:16:03.613  5883  5883 D WatchFaceService: Setting Watch Ui State with WatchUiState{ interruptionFilter=1, inAmbientMode=false } and fromSysUi=true. Existing state: firstSetWatchUiState=false, systemHasSentWatchUiState=true, mutableWatchState.interruptionFilter=1, mutableWatchState.isAmbient=false
08-26 18:16:03.631 30537 30537 I DisplayOffloadManager: sendStatusBar
08-26 18:16:03.632 30537 30537 W DisplayOffloadManager: setSysUIAnimateOnTilt not supported.
08-26 18:16:03.635  1891  3954 D DOLayout: updateStatusBar: identical status bar, skipped
08-26 18:16:04.709  7512  7544 D MCU     : bt_chre_link_manager.cc:415      294:26:32.114 handleModeChangeEvent: ACTIVE (connection_handle 0x000b interval: 0)
08-26 18:16:05.091  1827  1830 I pixel-thermal: audio-therm:41.677 raw data: audio-therm:41677 
08-26 18:16:05.709  7512  7544 D MCU     : bt_arbiter.cc:135                294:26:33.115 popRequestQueue : OpCode 803
08-26 18:16:05.709  7512  7544 D MCU     : bt_arbiter.cc:144                294:26:33.115 popRequestQueue : Request queue popped, sending next
08-26 18:16:05.710  7512  7544 D MCU     : bt_chre_link_manager.cc:420      294:26:33.131 handleModeChangeEvent: SNIFF  (connection_handle 0x000b interval: 816)
08-26 18:16:07.106  1827  1830 I pixel-thermal: audio-therm:41.696 raw data: audio-therm:41696 
08-26 18:16:09.127  1827  1830 I pixel-thermal: audio-therm:41.702 raw data: audio-therm:41702 
08-26 18:16:09.211  7512  7544 D MCU     : skin_temperature_manager.cc:333  294:26:36.630 [SkinTemperature] [Record Processing Incomplete] Processed 0 temperature samples.
08-26 18:16:09.211  7512  7544 D MCU     : skin_temperature_manager.cc:333  294:26:36.630 [SkinTemperature] [Record Processing Incomplete] Processed 0 temperature samples.
08-26 18:16:09.959 17942 17942 I ActiveUnlock_FeatureEna: (REDACTED) enableSetupEnhancements: %b isUwbSupported: %b hash: %s
08-26 18:16:09.967 17942 17942 I ActiveUnlock_FeatureEna: (REDACTED) enableSetupEnhancements: %b isUwbSupported: %b hash: %s
08-26 18:16:09.967 17942 17942 I ActiveUnlock: (REDACTED) Flag value for UwbAvailabilityProvider initialization? %b
08-26 18:16:09.972 17942 17942 I ActiveUnlock: (REDACTED) Flag value for CsAvailabilityProvider initialization? %b
08-26 18:16:09.980 17942 17942 I ActiveUnlock: (REDACTED) StorageMediator database state changed from %s to %s
08-26 18:16:10.001 17942 17942 W ChimeraUtils: Module com.google.android.gms.activeunlock_associated missing resource null(0)
08-26 18:16:10.006  1891  2466 W ProcessStats: Tracking association SourceState{ed1d9ff system/1000 BFgs #940256} whose proc state 4 is better than process ProcessState{3ce5e6 com.google.android.tts/10059 pkg=com.google.android.tts} proc state 14 (5 skipped)
08-26 18:16:10.020 17942 17942 I ActiveUnlock: ActiveUnlockChimeraService onCreate [CONTEXT service_id=327 ]
08-26 18:16:10.023 17942 17942 I ActiveUnlock: (REDACTED) Should be open for connections?: %b
08-26 18:16:10.023 17942 18286 I ActiveUnlock: open connection listener [CONTEXT service_id=327 ]
08-26 18:16:10.027 17942 17942 I ActiveUnlock_FeatureEna: (REDACTED) enableSetupEnhancements: %b isAllowlisted: %b hash: %s
08-26 18:16:10.028 17942 17942 I ActiveUnlock_FeatureEna: (REDACTED) enableSetupEnhancements: %b isUwbSupported: %b hash: %s
08-26 18:16:10.029 17942 17942 I ActiveUnlock_FeatureEna: (REDACTED) enableSetupEnhancements: %b isUwbSupported: %b hash: %s
08-26 18:16:10.030 17942 17942 I ActiveUnlock_FeatureEna: (REDACTED) enableSetupEnhancements: %b isUwbSupported: %b hash: %s
08-26 18:16:10.030 17942 17942 I ActiveUnlock_FeatureEna: (REDACTED) enableSetupEnhancements: %b isUwbSupported: %b hash: %s
08-26 18:16:10.031  1891  3444 D UwbServiceCore: registerAdapterStateCallbacks(): notify adapterState = 3, reason = 3
08-26 18:16:10.033 17942 18286 I ActiveUnlock: (REDACTED) UWB ranging method became available due to reason %d, state %d
08-26 18:16:10.053 17942 17942 I ActiveUnlock: CsAvailabilityProvider register. [CONTEXT service_id=327 ]
08-26 18:16:10.057 17942 17972 I NearbyUWB: Use AOSP Backend in UWB API. [CONTEXT service_id=49 ]
08-26 18:16:10.059  1891  3954 D UwbServiceCore: registerAdapterStateCallbacks(): notify adapterState = 3, reason = 3
08-26 18:16:10.060 17942 17957 I NearbyUWB: (REDACTED) onGetService: Create client bridge with key %s
08-26 18:16:10.060 17942 17972 I NearbyUWB: (REDACTED) Screen unlocked: %s
08-26 18:16:10.060 17942 17957 I NearbyUWB: (REDACTED) Analytics is enabled for package %s
08-26 18:16:10.063 17942 17957 I NearbyUWB: (REDACTED) Client %s with package name %s, 0p Identifier %s, and sdk version %s has connected.
08-26 18:16:10.064 17942 17942 I ActiveUnlock: (REDACTED) Added RpcService at path %s
08-26 18:16:10.064 17942 17942 I ActiveUnlock: (REDACTED) Added RpcService at path %s
08-26 18:16:10.065 17942 17942 I ActiveUnlock: (REDACTED) Added RpcService at path %s
08-26 18:16:10.065 17942 17942 I ActiveUnlock: (REDACTED) Added RpcService at path %s
08-26 18:16:10.079 17942 17942 W ActiveUnlock: Failed to remove ADVERTISE_WITH_FIXED_UUID_CAPABILITY_PATH capability [CONTEXT service_id=327 ]
08-26 18:16:10.952   536   564 E pixelstats-uevent: Unable to read  - No such file or directory
08-26 18:16:10.958  1641  1641 E BatteryDefender: Failed to read /sys/devices/platform/google,charger/bd_state
08-26 18:16:10.971  1641  1641 E BatteryDefender: Failed to read /sys/devices/platform/google,charger/bd_state
08-26 18:16:12.957  1827  1830 I pixel-thermal: audio-therm:41.773 raw data: audio-therm:41773 
08-26 18:16:14.978  1827  1830 I pixel-thermal: audio-therm:41.767 raw data: audio-therm:41767 
08-26 18:16:15.636 26775 26775 I adbd    : adbd service requested 'shell,v2,TERM=xterm-256color:export ANDROID_LOG_TAGS=''; exec logcat '-d''
